invoice_number,invoice_date,invoice_month,due_date,net_terms,payment_due_days,currency,vendor_id,vendor_name,vendor_address,vendor_email,tax_id,vendor_category,buyer_company,buyer_address,num_line_items,subtotal,tax_rate,tax_amount,amount_due,payment_received_date,is_late,epsilon
INV-2024-0197,2024-04-29,4,2024-07-03,Net 65,65,USD,V069,Titan Security Corp,"1892 Enterprise Ave, San Francisco, AZ 11645",billing@titan-security.com,DV-7671318,Technology,SmartInvoiceInc,"100 Commerce Blvd, Dallas, TX 75201",16,25854.99,8.25,2133.04,28184.5,2024-07-11,1,5.0
INV-2024-0144,2024-07-24,7,2024-09-01,Net 39,39,USD,V087,Bright Energy LLC,"5575 Trade Center Dr, New York, CA 49952",billing@bright-energy.com,EY-6888997,Manufacturing,SmartInvoiceInc,"100 Commerce Blvd, Dallas, TX 75201",10,4068.17,7.5,305.11,8863.33,2024-09-06,1,5.0
INV-2023-0257,2024-01-30,1,2024-02-12,Net 13,13,USD,V020,Titan Systems LLC,"2639 Commerce Blvd, New York, GA 31677",billing@titan-systems.com,MH-7646705,Services,SmartInvoiceInc,"100 Commerce Blvd, Dallas, TX 75201",7,17985.94,8.5,1528.8,18264.53,2024-02-12,0,5.0
INV-2022-0016,2021-12-26,12,2022-02-28,Net 64,64,USD,V052,Pinnacle Tech Corp,"8295 Business Pkwy, New York, TX 94471",billing@pinnacle-tech.com,FS-3357821,Technology,SmartInvoiceInc,"100 Commerce Blvd, Dallas, TX 75201",17,33237.85,8.0,2659.03,37031.22,2022-02-28,0,5.0
INV-2023-0096,2023-05-26,5,2023-06-07,Net 12,12,USD,V058,Alpha Parts Inc,"5515 Business Pkwy, Chicago, CO 68596",billing@alpha-parts.com,NC-1873172,Healthcare,SmartInvoiceInc,"100 Commerce Blvd, Dallas, TX 75201",1,33184.98,7.0,2322.95,30290.15,2023-07-09,1,5.0
INV-2024-0120,2024-08-07,8,2024-09-20,Net 44,44,USD,V092,Pinnacle Capital Co,"7579 Commerce Blvd, Seattle, FL 84478",billing@pinnacle-capital.com,TS-6703394,Retail,SmartInvoiceInc,"100 Commerce Blvd, Dallas, TX 75201",11,38576.55,6.25,2411.03,40828.88,2024-09-20,0,5.0
INV-2022-0207,2022-12-11,12,2023-01-10,Net 30,30,USD,V079,Alpha Partners Inc,"6054 Innovation Rd, Miami, WA 66373",billing@alpha-partners.com,YO-4185714,Technology,SmartInvoiceInc,"100 Commerce Blvd, Dallas, TX 75201",5,6508.63,8.5,553.23,4024.78,2023-02-20,1,5.0
INV-2024-0008,2024-05-01,5,2024-05-18,Net 17,17,USD,V041,Titan Tech Group,"8572 Tech Park Way, Austin, CA 38732",billing@titan-tech.com,ZS-8757202,Healthcare,SmartInvoiceInc,"100 Commerce Blvd, Dallas, TX 75201",18,16449.67,8.0,1315.97,18790.76,2024-06-27,1,5.0
INV-2023-0132,2023-05-07,5,2023-06-18,Net 42,42,USD,V002,Vanguard Supplies Group,"6899 Industrial Dr, Seattle, NY 96672",billing@vanguard-supplies.com,XS-7319707,Manufacturing,SmartInvoiceInc,"100 Commerce Blvd, Dallas, TX 75201",13,29329.92,9.0,2639.69,16836.31,2023-06-18,0,5.0
INV-2023-0038,2023-03-19,3,2023-05-20,Net 62,62,USD,V032,Pacific Logistics Inc,"7549 Trade Center Dr, New York, TX 56540",billing@pacific-logistics.com,AB-8153768,Services,SmartInvoiceInc,"100 Commerce Blvd, Dallas, TX 75201",8,6840.74,9.0,615.67,11616.17,2023-06-07,1,5.0
INV-2022-0164,2022-08-30,8,2022-08-31,Net 1,1,USD,V055,Beacon Security Co,"2126 Tech Park Way, Dallas, OH 69383",billing@beacon-security.com,JE-4757974,Manufacturing,SmartInvoiceInc,"100 Commerce Blvd, Dallas, TX 75201",6,21887.81,8.0,1751.02,32315.15,2022-09-22,1,5.0
INV-2024-0023,2023-11-24,11,2024-02-02,Net 70,70,USD,V030,Delta Solutions Group,"2879 Tech Park Way, New York, CA 66178",billing@delta-solutions.com,EO-6187480,Manufacturing,SmartInvoiceInc,"100 Commerce Blvd, Dallas, TX 75201",15,10274.79,8.5,873.36,5261.65,2024-02-23,1,5.0
INV-2024-0257,2024-11-12,11,2024-12-07,Net 25,25,USD,V099,Pioneer Works Corp,"1600 Industrial Dr, Los Angeles, GA 29426",billing@pioneer-works.com,RJ-1066150,Technology,SmartInvoiceInc,"100 Commerce Blvd, Dallas, TX 75201",12,42402.46,6.25,2650.15,51604.23,2024-12-07,0,5.0
INV-2024-0065,2024-08-04,8,2024-08-17,Net 13,13,USD,V021,Swift Ventures LLC,"9509 Enterprise Ave, San Francisco, OH 36962",billing@swift-ventures.com,HP-7243669,Retail,SmartInvoiceInc,"100 Commerce Blvd, Dallas, TX 75201",10,37535.5,8.5,3190.52,45367.23,2024-08-17,0,5.0
INV-2022-0028,2022-04-28,4,2022-05-21,Net 23,23,USD,V096,Sterling Security Corp,"5995 Enterprise Ave, Dallas, GA 64756",billing@sterling-security.com,VP-7611653,Technology,SmartInvoiceInc,"100 Commerce Blvd, Dallas, TX 75201",11,13831.9,8.0,1106.55,4928.89,2022-06-08,1,5.0
INV-2024-0174,2024-03-17,3,2024-04-04,Net 18,18,USD,V002,Vanguard Supplies Group,"6899 Industrial Dr, Seattle, NY 96672",billing@vanguard-supplies.com,XS-7319707,Manufacturing,SmartInvoiceInc,"100 Commerce Blvd, Dallas, TX 75201",8,5047.61,7.0,353.33,1.0,2024-04-27,1,5.0
INV-2023-0083,2023-03-12,3,2023-05-09,Net 58,58,USD,V088,Sterling Tech Group,"1722 Enterprise Ave, Seattle, OH 71396",billing@sterling-tech.com,YF-8369434,Manufacturing,SmartInvoiceInc,"100 Commerce Blvd, Dallas, TX 75201",7,20964.11,8.25,1729.54,16511.95,2023-05-09,0,5.0
INV-2022-0215,2022-11-05,11,2022-12-18,Net 43,43,USD,V056,Global Works Group,"7141 Innovation Rd, Houston, FL 18512",billing@global-works.com,EI-9112074,Services,SmartInvoiceInc,"100 Commerce Blvd, Dallas, TX 75201",7,8002.68,8.5,680.23,1.0,2022-12-18,0,5.0
INV-2022-0162,2022-07-12,7,2022-08-13,Net 32,32,USD,V025,Acme Supplies Group,"7676 Innovation Rd, Dallas, OH 77641",billing@acme-supplies.com,LM-5848287,Healthcare,SmartInvoiceInc,"100 Commerce Blvd, Dallas, TX 75201",1,8423.55,7.0,589.65,6304.28,2022-08-13,0,5.0
INV-2024-0014,2024-01-23,1,2024-02-11,Net 19,19,USD,V072,Elite Supplies LLC,"8170 Industrial Dr, Houston, TX 16783",billing@elite-supplies.com,KL-1996530,Technology,SmartInvoiceInc,"100 Commerce Blvd, Dallas, TX 75201",23,36459.85,6.25,2278.74,38146.35,2024-03-17,1,5.0
INV-2023-0236,2023-12-31,12,2024-02-26,Net 57,57,USD,V096,Sterling Security Corp,"5995 Enterprise Ave, Dallas, GA 64756",billing@sterling-security.com,VP-7611653,Technology,SmartInvoiceInc,"100 Commerce Blvd, Dallas, TX 75201",9,33049.24,6.25,2065.58,46987.13,2024-02-26,0,5.0
INV-2022-0176,2023-03-02,3,2023-04-15,Net 44,44,USD,V046,Titan Freight Co,"3445 Venture Blvd, New York, NY 44674",billing@titan-freight.com,OY-3319049,Technology,SmartInvoiceInc,"100 Commerce Blvd, Dallas, TX 75201",1,18091.54,8.25,1492.55,18142.51,2023-04-15,0,5.0
INV-2023-0005,2023-02-21,2,2023-03-22,Net 29,29,USD,V036,Delta Partners Corp,"4463 Commerce Blvd, New York, IL 34285",billing@delta-partners.com,YQ-6165679,Healthcare,SmartInvoiceInc,"100 Commerce Blvd, Dallas, TX 75201",15,38169.04,8.5,3244.37,39321.39,2023-03-22,0,5.0
INV-2022-0173,2022-09-22,9,2022-10-24,Net 32,32,USD,V078,Beacon Legal LLC,"1581 Tech Park Way, Houston, TX 91974",billing@beacon-legal.com,RG-8449607,Technology,SmartInvoiceInc,"100 Commerce Blvd, Dallas, TX 75201",9,38054.48,8.0,3044.36,36222.72,2022-11-24,1,5.0
INV-2024-0149,2023-10-03,10,2023-11-28,Net 56,56,USD,V070,Swift Logistics Inc,"1954 Business Pkwy, Miami, NY 73374",billing@swift-logistics.com,UO-1318408,Healthcare,SmartInvoiceInc,"100 Commerce Blvd, Dallas, TX 75201",22,49818.55,8.0,3985.48,52401.57,2023-12-02,1,5.0
INV-2024-0145,2024-06-11,6,2024-07-29,Net 48,48,USD,V020,Titan Systems LLC,"2639 Commerce Blvd, New York, GA 31677",billing@titan-systems.com,MH-7646705,Services,SmartInvoiceInc,"100 Commerce Blvd, Dallas, TX 75201",4,7322.23,8.5,622.39,11492.33,2024-07-29,0,5.0
INV-2022-0233,2022-12-10,12,2023-01-08,Net 29,29,USD,V021,Swift Ventures LLC,"9509 Enterprise Ave, San Francisco, OH 36962",billing@swift-ventures.com,HP-7243669,Retail,SmartInvoiceInc,"100 Commerce Blvd, Dallas, TX 75201",2,8760.81,8.0,700.86,9972.34,2023-01-08,0,5.0
INV-2023-0018,2022-10-06,10,2022-11-08,Net 33,33,USD,V020,Titan Systems LLC,"2639 Commerce Blvd, New York, GA 31677",billing@titan-systems.com,MH-7646705,Services,SmartInvoiceInc,"100 Commerce Blvd, Dallas, TX 75201",8,24308.16,8.5,2066.19,10075.55,2022-11-08,0,5.0
INV-2023-0153,2023-07-25,7,2023-08-15,Net 21,21,USD,V080,Vanguard Legal Group,"3154 Innovation Rd, Houston, NY 44911",billing@vanguard-legal.com,XN-8021855,Services,SmartInvoiceInc,"100 Commerce Blvd, Dallas, TX 75201",20,28252.67,8.5,2401.48,30997.41,2023-08-15,0,5.0
INV-2022-0004,2022-01-04,1,2022-02-10,Net 37,37,USD,V030,Delta Solutions Group,"2879 Tech Park Way, New York, CA 66178",billing@delta-solutions.com,EO-6187480,Manufacturing,SmartInvoiceInc,"100 Commerce Blvd, Dallas, TX 75201",19,13856.13,8.0,1108.49,29221.54,2022-03-01,1,5.0
INV-2023-0004,2023-01-03,1,2023-02-28,Net 56,56,USD,V022,Acme Capital Inc,"8802 Corporate Ln, Atlanta, FL 45909",billing@acme-capital.com,SL-9415398,Services,SmartInvoiceInc,"100 Commerce Blvd, Dallas, TX 75201",8,37423.3,7.0,2619.63,33778.32,2023-02-28,0,5.0
INV-2022-0219,2022-12-23,12,2023-02-22,Net 61,61,USD,V031,Titan Capital LLC,"2971 Industrial Dr, San Francisco, GA 11015",billing@titan-capital.com,AV-9416320,Manufacturing,SmartInvoiceInc,"100 Commerce Blvd, Dallas, TX 75201",16,22289.85,8.0,1783.19,30767.25,2023-03-27,1,5.0
INV-2022-0104,2021-06-18,6,2021-08-05,Net 48,48,USD,V018,Beacon Partners Group,"7292 Market St, San Francisco, FL 70566",billing@beacon-partners.com,PY-1787494,Healthcare,SmartInvoiceInc,"100 Commerce Blvd, Dallas, TX 75201",19,3595.84,8.0,287.67,4189.82,2021-08-05,0,5.0
INV-2022-0190,2023-01-27,1,2023-02-12,Net 16,16,USD,V075,Titan Energy Co,"6804 Corporate Ln, Dallas, GA 12482",billing@titan-energy.com,XS-8433533,Healthcare,SmartInvoiceInc,"100 Commerce Blvd, Dallas, TX 75201",6,9087.26,8.5,772.42,2623.47,2023-02-12,0,5.0
INV-2023-0055,2022-11-03,11,2022-12-17,Net 44,44,USD,V047,Elite Energy Inc,"6329 Venture Blvd, Atlanta, TX 13596",billing@elite-energy.com,TY-1467010,Technology,SmartInvoiceInc,"100 Commerce Blvd, Dallas, TX 75201",2,20790.29,8.5,1767.17,28585.85,2022-12-17,0,5.0
INV-2023-0245,2023-11-23,11,2023-12-12,Net 19,19,USD,V009,Nexus Cloud Inc,"9187 Market St, Chicago, CA 21938",billing@nexus-cloud.com,AA-2404330,Healthcare,SmartInvoiceInc,"100 Commerce Blvd, Dallas, TX 75201",13,10545.35,8.0,843.63,1.0,2023-12-15,1,5.0
INV-2024-0164,2024-10-07,10,2024-11-14,Net 38,38,USD,V077,Pioneer Data LLC,"6745 Commerce Blvd, Houston, OH 35522",billing@pioneer-data.com,DA-6517366,Services,SmartInvoiceInc,"100 Commerce Blvd, Dallas, TX 75201",21,29497.6,8.5,2507.3,30391.96,2024-12-01,1,5.0
INV-2023-0160,2023-11-03,11,2023-11-22,Net 19,19,USD,V051,Summit Cloud Inc,"8534 Innovation Rd, San Francisco, FL 19111",billing@summit-cloud.com,FB-8643603,Retail,SmartInvoiceInc,"100 Commerce Blvd, Dallas, TX 75201",20,13335.19,8.5,1133.49,1.0,2023-11-27,1,5.0
INV-2023-0026,2023-07-11,7,2023-09-30,Net 81,81,USD,V093,Delta Labs Corp,"7201 Industrial Dr, Atlanta, AZ 11524",billing@delta-labs.com,II-7984720,Technology,SmartInvoiceInc,"100 Commerce Blvd, Dallas, TX 75201",4,24304.85,8.25,2005.15,13390.33,2023-09-30,0,5.0
INV-2024-0069,2023-11-13,11,2024-01-21,Net 69,69,USD,V005,Apex Logistics Co,"7104 Corporate Ln, Austin, AZ 77215",billing@apex-logistics.com,SE-9744220,Retail,SmartInvoiceInc,"100 Commerce Blvd, Dallas, TX 75201",6,31742.95,8.5,2698.15,17529.6,2024-01-21,0,5.0
INV-2024-0178,2024-06-12,6,2024-07-12,Net 30,30,USD,V035,Pioneer Parts Co,"816 Market St, Dallas, TX 55543",billing@pioneer-parts.com,BH-9896761,Manufacturing,SmartInvoiceInc,"100 Commerce Blvd, Dallas, TX 75201",1,38392.89,8.5,3263.4,1.0,2024-08-25,1,5.0
INV-2022-0127,2022-07-16,7,2022-08-16,Net 31,31,USD,V060,Elite Parts Co,"6665 Commerce Blvd, Miami, TX 29096",billing@elite-parts.com,QA-4681262,Manufacturing,SmartInvoiceInc,"100 Commerce Blvd, Dallas, TX 75201",20,33019.28,8.0,2641.54,24276.13,2022-09-09,1,5.0
INV-2022-0048,2022-04-15,4,2022-05-26,Net 41,41,USD,V030,Delta Solutions Group,"2879 Tech Park Way, New York, CA 66178",billing@delta-solutions.com,EO-6187480,Manufacturing,SmartInvoiceInc,"100 Commerce Blvd, Dallas, TX 75201",11,12725.45,8.0,1018.04,11453.12,2022-05-26,0,5.0
INV-2024-0155,2024-07-02,7,2024-09-02,Net 62,62,USD,V010,Prime Cloud Group,"8102 Commerce Blvd, Dallas, WA 79449",billing@prime-cloud.com,KL-3248988,Healthcare,SmartInvoiceInc,"100 Commerce Blvd, Dallas, TX 75201",10,38090.21,7.0,2666.31,31161.61,2024-09-02,0,5.0
INV-2023-0248,2023-12-09,12,2024-01-24,Net 46,46,USD,V070,Swift Logistics Inc,"1954 Business Pkwy, Miami, NY 73374",billing@swift-logistics.com,UO-1318408,Healthcare,SmartInvoiceInc,"100 Commerce Blvd, Dallas, TX 75201",13,24634.77,7.5,1847.61,53107.5,2024-03-07,1,5.0
INV-2024-0063,2023-11-08,11,2023-12-03,Net 25,25,USD,V057,Pioneer Consulting Inc,"1704 Industrial Dr, San Francisco, WA 80792",billing@pioneer-consulting.com,BL-2384418,Services,SmartInvoiceInc,"100 Commerce Blvd, Dallas, TX 75201",4,16101.88,7.5,1207.64,40650.01,2023-12-18,1,5.0
INV-2022-0010,2022-02-15,2,2022-04-05,Net 49,49,USD,V082,Acme Labs Inc,"2298 Enterprise Ave, Austin, NY 23859",billing@acme-labs.com,RB-3008960,Healthcare,SmartInvoiceInc,"100 Commerce Blvd, Dallas, TX 75201",34,48188.02,9.0,4336.92,78578.16,2022-04-05,0,5.0
INV-2024-0273,2025-03-23,3,2025-05-02,Net 40,40,USD,V021,Swift Ventures LLC,"9509 Enterprise Ave, San Francisco, OH 36962",billing@swift-ventures.com,HP-7243669,Retail,SmartInvoiceInc,"100 Commerce Blvd, Dallas, TX 75201",17,39491.79,8.5,3356.8,60199.95,2025-05-02,0,5.0
INV-2022-0150,2022-07-27,7,2022-08-11,Net 15,15,USD,V058,Alpha Parts Inc,"5515 Business Pkwy, Chicago, CO 68596",billing@alpha-parts.com,NC-1873172,Healthcare,SmartInvoiceInc,"100 Commerce Blvd, Dallas, TX 75201",19,7675.77,9.0,690.82,8011.26,2022-09-04,1,5.0
INV-2023-0145,2023-08-05,8,2023-09-01,Net 27,27,USD,V049,Global Freight Corp,"2572 Enterprise Ave, New York, FL 64553",billing@global-freight.com,BX-2314532,Technology,SmartInvoiceInc,"100 Commerce Blvd, Dallas, TX 75201",12,48614.26,8.0,3889.14,39871.67,2023-10-12,1,5.0
INV-2024-0033,2023-12-27,12,2024-01-15,Net 19,19,USD,V033,Nexus Tech Inc,"504 Corporate Ln, New York, TX 70100",billing@nexus-tech.com,EF-4196340,Healthcare,SmartInvoiceInc,"100 Commerce Blvd, Dallas, TX 75201",5,21190.5,6.25,1324.41,4028.35,2024-01-15,0,5.0
INV-2024-0108,2024-09-19,9,2024-10-01,Net 12,12,USD,V033,Nexus Tech Inc,"504 Corporate Ln, New York, TX 70100",billing@nexus-tech.com,EF-4196340,Healthcare,SmartInvoiceInc,"100 Commerce Blvd, Dallas, TX 75201",1,20496.9,7.5,1537.27,46085.33,2024-10-23,1,5.0
INV-2022-0151,2022-08-01,8,2022-08-02,Net 1,1,USD,V049,Global Freight Corp,"2572 Enterprise Ave, New York, FL 64553",billing@global-freight.com,BX-2314532,Technology,SmartInvoiceInc,"100 Commerce Blvd, Dallas, TX 75201",3,4545.4,8.5,386.36,1.0,2022-08-02,0,5.0
INV-2024-0075,2024-06-20,6,2024-07-02,Net 12,12,USD,V074,Summit Systems LLC,"5688 Commerce Blvd, Miami, TX 56163",billing@summit-systems.com,IQ-3412149,Retail,SmartInvoiceInc,"100 Commerce Blvd, Dallas, TX 75201",1,47312.06,6.25,2957.0,59692.52,2024-07-02,0,5.0
INV-2022-0146,2022-07-14,7,2022-09-03,Net 51,51,USD,V098,Titan Supplies Co,"3257 Venture Blvd, Miami, IL 34070",billing@titan-supplies.com,IS-9593223,Manufacturing,SmartInvoiceInc,"100 Commerce Blvd, Dallas, TX 75201",13,23278.03,9.0,2095.02,34876.18,2022-09-03,0,5.0
INV-2024-0154,2024-11-15,11,2024-12-16,Net 31,31,USD,V088,Sterling Tech Group,"1722 Enterprise Ave, Seattle, OH 71396",billing@sterling-tech.com,YF-8369434,Manufacturing,SmartInvoiceInc,"100 Commerce Blvd, Dallas, TX 75201",8,6040.83,7.5,453.06,17223.46,2024-12-16,0,5.0
INV-2024-0020,2024-06-21,6,2024-08-12,Net 52,52,USD,V064,Swift Labs Inc,"6128 Market St, Chicago, FL 50631",billing@swift-labs.com,OH-7356228,Healthcare,SmartInvoiceInc,"100 Commerce Blvd, Dallas, TX 75201",16,10467.51,9.0,942.08,1.0,2024-08-12,0,5.0
INV-2023-0105,2023-06-24,6,2023-08-04,Net 41,41,USD,V026,Titan Partners Co,"5010 Enterprise Ave, New York, IL 71642",billing@titan-partners.com,ED-1423570,Retail,SmartInvoiceInc,"100 Commerce Blvd, Dallas, TX 75201",4,37959.2,8.5,3226.53,38967.39,2023-09-13,1,5.0
INV-2022-0168,2022-10-06,10,2022-11-14,Net 39,39,USD,V085,Nexus Security Inc,"3286 Commerce Blvd, Atlanta, WA 70774",billing@nexus-security.com,IV-3245909,Services,SmartInvoiceInc,"100 Commerce Blvd, Dallas, TX 75201",12,43593.63,7.5,3269.52,49230.88,2022-11-14,0,5.0
INV-2022-0045,2022-02-08,2,2022-03-06,Net 26,26,USD,V040,Elite Tech Co,"6369 Tech Park Way, Atlanta, GA 90719",billing@elite-tech.com,KV-2072647,Retail,SmartInvoiceInc,"100 Commerce Blvd, Dallas, TX 75201",24,1844.79,6.25,115.3,1.0,2022-03-09,1,5.0
INV-2024-0264,2025-01-26,1,2025-04-26,Net 90,90,USD,V072,Elite Supplies LLC,"8170 Industrial Dr, Houston, TX 16783",billing@elite-supplies.com,KL-1996530,Technology,SmartInvoiceInc,"100 Commerce Blvd, Dallas, TX 75201",2,19841.05,7.5,1488.08,20272.86,2025-05-19,1,5.0
INV-2023-0262,2024-02-22,2,2024-05-07,Net 75,75,USD,V089,Delta Energy Group,"6236 Enterprise Ave, Miami, AZ 69052",billing@delta-energy.com,QZ-9752084,Retail,SmartInvoiceInc,"100 Commerce Blvd, Dallas, TX 75201",23,5123.69,8.25,422.7,1.0,2024-05-07,0,5.0
INV-2023-0229,2023-08-06,8,2023-08-21,Net 15,15,USD,V012,Beacon Tech LLC,"517 Tech Park Way, Atlanta, GA 13267",billing@beacon-tech.com,ZU-3922097,Healthcare,SmartInvoiceInc,"100 Commerce Blvd, Dallas, TX 75201",7,14713.33,8.0,1177.07,2157.12,2023-08-21,0,5.0
INV-2024-0248,2025-06-24,6,2025-08-25,Net 62,62,USD,V085,Nexus Security Inc,"3286 Commerce Blvd, Atlanta, WA 70774",billing@nexus-security.com,IV-3245909,Services,SmartInvoiceInc,"100 Commerce Blvd, Dallas, TX 75201",15,20100.54,8.5,1708.55,20621.42,2025-08-25,0,5.0
INV-2023-0040,2023-01-25,1,2023-03-04,Net 38,38,USD,V042,Summit Capital Co,"5685 Venture Blvd, New York, IL 49749",billing@summit-capital.com,AE-3245131,Manufacturing,SmartInvoiceInc,"100 Commerce Blvd, Dallas, TX 75201",30,28112.1,7.0,1967.85,15574.63,2023-03-07,1,5.0
INV-2023-0230,2023-09-25,9,2023-11-03,Net 39,39,USD,V003,Global Logistics LLC,"9032 Venture Blvd, San Francisco, GA 11150",billing@global-logistics.com,IL-7095929,Manufacturing,SmartInvoiceInc,"100 Commerce Blvd, Dallas, TX 75201",24,8858.28,8.5,752.95,1.0,2023-11-04,1,5.0
INV-2024-0088,2024-08-10,8,2024-08-30,Net 20,20,USD,V008,Apex Security LLC,"9923 Commerce Blvd, Chicago, IL 26364",billing@apex-security.com,DP-2100567,Manufacturing,SmartInvoiceInc,"100 Commerce Blvd, Dallas, TX 75201",23,8029.16,8.0,642.33,6852.56,2024-08-30,0,5.0
INV-2022-0049,2022-04-09,4,2022-06-18,Net 70,70,USD,V019,Pioneer Marketing Co,"5261 Venture Blvd, Miami, AZ 19348",billing@pioneer-marketing.com,CW-3276360,Manufacturing,SmartInvoiceInc,"100 Commerce Blvd, Dallas, TX 75201",10,40278.38,8.5,3423.66,54700.99,2022-06-19,1,5.0
INV-2022-0143,2022-09-14,9,2022-09-15,Net 1,1,USD,V063,Bright Capital Inc,"1050 Commerce Blvd, Los Angeles, OH 69201",billing@bright-capital.com,JE-8583354,Manufacturing,SmartInvoiceInc,"100 Commerce Blvd, Dallas, TX 75201",13,16489.05,8.0,1319.12,16438.02,2022-09-15,0,5.0
INV-2022-0005,2022-06-21,6,2022-08-10,Net 50,50,USD,V095,Pacific Supplies Group,"2422 Enterprise Ave, Dallas, TX 59481",billing@pacific-supplies.com,YW-8599600,Retail,SmartInvoiceInc,"100 Commerce Blvd, Dallas, TX 75201",1,28207.91,6.25,1762.99,36956.62,2022-08-30,1,5.0
INV-2022-0117,2022-03-19,3,2022-05-05,Net 47,47,USD,V034,Summit Ventures Co,"4909 Venture Blvd, Austin, TX 66397",billing@summit-ventures.com,IN-7195200,Services,SmartInvoiceInc,"100 Commerce Blvd, Dallas, TX 75201",1,48686.14,8.0,3894.89,46686.3,2022-05-05,0,5.0
INV-2024-0039,2024-02-20,2,2024-03-25,Net 34,34,USD,V050,Alpha Logistics Inc,"1560 Business Pkwy, San Francisco, OH 11605",billing@alpha-logistics.com,WP-3255363,Services,SmartInvoiceInc,"100 Commerce Blvd, Dallas, TX 75201",17,38099.33,6.25,2381.21,44031.94,2024-05-08,1,5.0
INV-2024-0119,2024-05-20,5,2024-05-21,Net 1,1,USD,V073,Acme Systems Group,"3672 Innovation Rd, Dallas, TX 47148",billing@acme-systems.com,KV-6786265,Retail,SmartInvoiceInc,"100 Commerce Blvd, Dallas, TX 75201",1,41053.13,8.0,3284.25,97173.45,2024-06-16,1,5.0
INV-2022-0223,2022-09-25,9,2022-11-27,Net 63,63,USD,V021,Swift Ventures LLC,"9509 Enterprise Ave, San Francisco, OH 36962",billing@swift-ventures.com,HP-7243669,Retail,SmartInvoiceInc,"100 Commerce Blvd, Dallas, TX 75201",4,12373.77,8.0,989.9,1.0,2022-11-27,0,5.0
INV-2023-0156,2023-04-27,4,2023-06-14,Net 48,48,USD,V051,Summit Cloud Inc,"8534 Innovation Rd, San Francisco, FL 19111",billing@summit-cloud.com,FB-8643603,Retail,SmartInvoiceInc,"100 Commerce Blvd, Dallas, TX 75201",9,37566.9,6.25,2347.93,32989.47,2023-06-14,0,5.0
INV-2024-0165,2023-08-02,8,2023-08-16,Net 14,14,USD,V022,Acme Capital Inc,"8802 Corporate Ln, Atlanta, FL 45909",billing@acme-capital.com,SL-9415398,Services,SmartInvoiceInc,"100 Commerce Blvd, Dallas, TX 75201",3,40406.7,8.5,3434.57,60897.09,2023-08-16,0,5.0
INV-2023-0195,2023-10-03,10,2023-10-10,Net 7,7,USD,V035,Pioneer Parts Co,"816 Market St, Dallas, TX 55543",billing@pioneer-parts.com,BH-9896761,Manufacturing,SmartInvoiceInc,"100 Commerce Blvd, Dallas, TX 75201",11,37095.09,7.0,2596.66,38947.6,2023-11-19,1,5.0
INV-2024-0204,2024-09-09,9,2024-11-10,Net 62,62,USD,V028,Pioneer Systems LLC,"5163 Business Pkwy, Chicago, IL 39703",billing@pioneer-systems.com,ZD-7655623,Manufacturing,SmartInvoiceInc,"100 Commerce Blvd, Dallas, TX 75201",10,8773.03,8.0,701.84,12428.86,2024-11-18,1,5.0
INV-2024-0146,2024-08-16,8,2024-10-10,Net 55,55,USD,V087,Bright Energy LLC,"5575 Trade Center Dr, New York, CA 49952",billing@bright-energy.com,EY-6888997,Manufacturing,SmartInvoiceInc,"100 Commerce Blvd, Dallas, TX 75201",3,34860.45,6.25,2178.78,54547.5,2024-10-25,1,5.0
INV-2024-0005,2024-01-03,1,2024-01-21,Net 18,18,USD,V063,Bright Capital Inc,"1050 Commerce Blvd, Los Angeles, OH 69201",billing@bright-capital.com,JE-8583354,Manufacturing,SmartInvoiceInc,"100 Commerce Blvd, Dallas, TX 75201",3,38276.19,8.25,3157.79,53059.67,2024-01-21,0,5.0
INV-2022-0123,2022-06-06,6,2022-08-07,Net 62,62,USD,V014,Swift Parts Inc,"3067 Tech Park Way, Dallas, NY 95999",billing@swift-parts.com,DR-1070640,Healthcare,SmartInvoiceInc,"100 Commerce Blvd, Dallas, TX 75201",23,12021.78,6.25,751.36,12706.38,2022-08-07,0,5.0
INV-2023-0120,2023-03-07,3,2023-04-18,Net 42,42,USD,V077,Pioneer Data LLC,"6745 Commerce Blvd, Houston, OH 35522",billing@pioneer-data.com,DA-6517366,Services,SmartInvoiceInc,"100 Commerce Blvd, Dallas, TX 75201",6,32713.04,8.5,2780.61,34185.09,2023-04-18,0,5.0
INV-2022-0038,2022-01-22,1,2022-02-28,Net 37,37,USD,V023,Titan Marketing LLC,"6077 Tech Park Way, Miami, NY 96188",billing@titan-marketing.com,MR-5984445,Manufacturing,SmartInvoiceInc,"100 Commerce Blvd, Dallas, TX 75201",1,22629.25,8.5,1923.49,43252.32,2022-03-08,1,5.0
INV-2024-0167,2023-09-20,9,2023-12-12,Net 83,83,USD,V062,Vanguard Security LLC,"5667 Market St, Dallas, FL 35053",billing@vanguard-security.com,GD-7867100,Technology,SmartInvoiceInc,"100 Commerce Blvd, Dallas, TX 75201",19,48851.62,8.5,4152.39,58103.32,2023-12-12,0,5.0
INV-2024-0200,2024-11-04,11,2025-01-13,Net 70,70,USD,V025,Acme Supplies Group,"7676 Innovation Rd, Dallas, OH 77641",billing@acme-supplies.com,LM-5848287,Healthcare,SmartInvoiceInc,"100 Commerce Blvd, Dallas, TX 75201",21,45944.79,9.0,4135.03,42923.91,2025-02-01,1,5.0
INV-2024-0192,2024-07-29,7,2024-09-14,Net 47,47,USD,V051,Summit Cloud Inc,"8534 Innovation Rd, San Francisco, FL 19111",billing@summit-cloud.com,FB-8643603,Retail,SmartInvoiceInc,"100 Commerce Blvd, Dallas, TX 75201",10,35116.11,8.0,2809.29,65658.35,2024-09-21,1,5.0
INV-2022-0036,2022-03-09,3,2022-04-23,Net 45,45,USD,V078,Beacon Legal LLC,"1581 Tech Park Way, Houston, TX 91974",billing@beacon-legal.com,RG-8449607,Technology,SmartInvoiceInc,"100 Commerce Blvd, Dallas, TX 75201",12,15585.18,9.0,1402.67,1.0,2022-04-23,0,5.0
INV-2022-0221,2023-08-04,8,2023-09-14,Net 41,41,USD,V019,Pioneer Marketing Co,"5261 Venture Blvd, Miami, AZ 19348",billing@pioneer-marketing.com,CW-3276360,Manufacturing,SmartInvoiceInc,"100 Commerce Blvd, Dallas, TX 75201",18,6072.73,8.5,516.18,1637.37,2023-10-20,1,5.0
INV-2024-0133,2024-04-17,4,2024-05-06,Net 19,19,USD,V040,Elite Tech Co,"6369 Tech Park Way, Atlanta, GA 90719",billing@elite-tech.com,KV-2072647,Retail,SmartInvoiceInc,"100 Commerce Blvd, Dallas, TX 75201",9,1114.0,8.0,89.12,24684.16,2024-05-17,1,5.0
INV-2023-0064,2023-07-21,7,2023-08-18,Net 28,28,USD,V053,Pinnacle Labs LLC,"946 Innovation Rd, Seattle, NY 98236",billing@pinnacle-labs.com,LE-1064323,Services,SmartInvoiceInc,"100 Commerce Blvd, Dallas, TX 75201",5,15346.0,8.5,1304.41,24232.42,2023-08-18,0,5.0
INV-2022-0034,2022-01-28,1,2022-04-07,Net 69,69,USD,V068,Nexus Energy Group,"3976 Innovation Rd, Seattle, TX 75310",billing@nexus-energy.com,ZI-9887324,Technology,SmartInvoiceInc,"100 Commerce Blvd, Dallas, TX 75201",13,43924.46,8.25,3623.77,48629.9,2022-04-07,0,5.0
INV-2024-0188,2024-09-13,9,2024-12-01,Net 79,79,USD,V041,Titan Tech Group,"8572 Tech Park Way, Austin, CA 38732",billing@titan-tech.com,ZS-8757202,Healthcare,SmartInvoiceInc,"100 Commerce Blvd, Dallas, TX 75201",10,12355.75,6.25,772.23,10116.12,2024-12-13,1,5.0
INV-2024-0053,2025-03-26,3,2025-05-13,Net 48,48,USD,V035,Pioneer Parts Co,"816 Market St, Dallas, TX 55543",billing@pioneer-parts.com,BH-9896761,Manufacturing,SmartInvoiceInc,"100 Commerce Blvd, Dallas, TX 75201",5,42856.96,9.0,3857.13,43646.01,2025-05-13,0,5.0
INV-2024-0189,2024-02-13,2,2024-04-16,Net 63,63,USD,V048,Pacific Tech Co,"9461 Market St, New York, CA 22910",billing@pacific-tech.com,HH-9469872,Retail,SmartInvoiceInc,"100 Commerce Blvd, Dallas, TX 75201",7,30149.44,6.25,1884.34,35587.06,2024-04-16,0,5.0
INV-2023-0173,2023-06-18,6,2023-06-30,Net 12,12,USD,V073,Acme Systems Group,"3672 Innovation Rd, Dallas, TX 47148",billing@acme-systems.com,KV-6786265,Retail,SmartInvoiceInc,"100 Commerce Blvd, Dallas, TX 75201",2,33625.41,6.25,2101.59,43770.6,2023-08-01,1,5.0
INV-2024-0260,2024-11-01,11,2024-12-29,Net 58,58,USD,V065,Delta Tech Group,"2991 Industrial Dr, Austin, NY 85683",billing@delta-tech.com,DZ-8726890,Services,SmartInvoiceInc,"100 Commerce Blvd, Dallas, TX 75201",19,34875.3,8.0,2790.02,27814.16,2024-12-29,0,5.0
INV-2022-0148,2022-07-23,7,2022-09-11,Net 50,50,USD,V046,Titan Freight Co,"3445 Venture Blvd, New York, NY 44674",billing@titan-freight.com,OY-3319049,Technology,SmartInvoiceInc,"100 Commerce Blvd, Dallas, TX 75201",15,30295.21,7.0,2120.66,32645.94,2022-10-03,1,5.0
INV-2022-0216,2023-03-07,3,2023-04-14,Net 38,38,USD,V021,Swift Ventures LLC,"9509 Enterprise Ave, San Francisco, OH 36962",billing@swift-ventures.com,HP-7243669,Retail,SmartInvoiceInc,"100 Commerce Blvd, Dallas, TX 75201",1,29789.01,8.25,2457.59,30940.27,2023-04-14,0,5.0
INV-2022-0241,2022-10-11,10,2022-11-26,Net 46,46,USD,V055,Beacon Security Co,"2126 Tech Park Way, Dallas, OH 69383",billing@beacon-security.com,JE-4757974,Manufacturing,SmartInvoiceInc,"100 Commerce Blvd, Dallas, TX 75201",5,19533.31,8.25,1611.5,1.0,2022-11-26,0,5.0
INV-2022-0082,2021-10-10,10,2021-12-01,Net 52,52,USD,V066,Global Marketing Co,"5879 Venture Blvd, Chicago, OH 22999",billing@global-marketing.com,WO-9464685,Services,SmartInvoiceInc,"100 Commerce Blvd, Dallas, TX 75201",2,23908.41,6.25,1494.28,47380.79,2021-12-01,0,5.0
INV-2023-0237,2023-08-24,8,2023-09-20,Net 27,27,USD,V087,Bright Energy LLC,"5575 Trade Center Dr, New York, CA 49952",billing@bright-energy.com,EY-6888997,Manufacturing,SmartInvoiceInc,"100 Commerce Blvd, Dallas, TX 75201",1,44628.26,7.0,3123.98,52691.15,2023-10-02,1,5.0
INV-2024-0261,2024-12-12,12,2024-12-21,Net 9,9,USD,V006,Apex Solutions Co,"2241 Market St, San Francisco, AZ 45247",billing@apex-solutions.com,UG-6698848,Healthcare,SmartInvoiceInc,"100 Commerce Blvd, Dallas, TX 75201",20,12323.4,7.0,862.64,27323.54,2024-12-21,0,5.0
INV-2022-0039,2021-12-23,12,2022-01-12,Net 20,20,USD,V093,Delta Labs Corp,"7201 Industrial Dr, Atlanta, AZ 11524",billing@delta-labs.com,II-7984720,Technology,SmartInvoiceInc,"100 Commerce Blvd, Dallas, TX 75201",19,31314.72,8.5,2661.75,33984.4,2022-01-12,0,5.0
INV-2022-0144,2022-07-29,7,2022-10-11,Net 74,74,USD,V084,Bright Medical LLC,"7183 Tech Park Way, Los Angeles, AZ 27771",billing@bright-medical.com,XQ-6499593,Services,SmartInvoiceInc,"100 Commerce Blvd, Dallas, TX 75201",17,26070.35,8.5,2215.98,39409.91,2022-10-11,0,5.0
INV-2022-0228,2023-02-17,2,2023-04-19,Net 61,61,USD,V062,Vanguard Security LLC,"5667 Market St, Dallas, FL 35053",billing@vanguard-security.com,GD-7867100,Technology,SmartInvoiceInc,"100 Commerce Blvd, Dallas, TX 75201",13,42274.27,6.25,2642.14,54160.21,2023-05-10,1,5.0
INV-2022-0066,2022-03-05,3,2022-05-02,Net 58,58,USD,V049,Global Freight Corp,"2572 Enterprise Ave, New York, FL 64553",billing@global-freight.com,BX-2314532,Technology,SmartInvoiceInc,"100 Commerce Blvd, Dallas, TX 75201",5,15027.7,8.5,1277.35,14034.06,2022-05-02,0,5.0
INV-2022-0244,2022-08-15,8,2022-09-08,Net 24,24,USD,V088,Sterling Tech Group,"1722 Enterprise Ave, Seattle, OH 71396",billing@sterling-tech.com,YF-8369434,Manufacturing,SmartInvoiceInc,"100 Commerce Blvd, Dallas, TX 75201",17,31044.79,8.25,2561.2,20881.73,2022-10-17,1,5.0
INV-2023-0148,2023-10-21,10,2023-11-07,Net 17,17,USD,V055,Beacon Security Co,"2126 Tech Park Way, Dallas, OH 69383",billing@beacon-security.com,JE-4757974,Manufacturing,SmartInvoiceInc,"100 Commerce Blvd, Dallas, TX 75201",4,24930.56,7.5,1869.79,9673.84,2023-11-18,1,5.0
INV-2024-0067,2024-03-26,3,2024-05-07,Net 42,42,USD,V077,Pioneer Data LLC,"6745 Commerce Blvd, Houston, OH 35522",billing@pioneer-data.com,DA-6517366,Services,SmartInvoiceInc,"100 Commerce Blvd, Dallas, TX 75201",14,8677.59,8.0,694.21,5237.34,2024-05-07,0,5.0
INV-2024-0040,2024-02-04,2,2024-03-29,Net 54,54,USD,V072,Elite Supplies LLC,"8170 Industrial Dr, Houston, TX 16783",billing@elite-supplies.com,KL-1996530,Technology,SmartInvoiceInc,"100 Commerce Blvd, Dallas, TX 75201",11,30591.31,6.25,1911.96,34491.21,2024-03-29,0,5.0
INV-2022-0253,2023-01-31,1,2023-02-18,Net 18,18,USD,V092,Pinnacle Capital Co,"7579 Commerce Blvd, Seattle, FL 84478",billing@pinnacle-capital.com,TS-6703394,Retail,SmartInvoiceInc,"100 Commerce Blvd, Dallas, TX 75201",8,577.47,7.5,43.31,6942.05,2023-03-20,1,5.0
INV-2023-0140,2024-03-03,3,2024-04-28,Net 56,56,USD,V047,Elite Energy Inc,"6329 Venture Blvd, Atlanta, TX 13596",billing@elite-energy.com,TY-1467010,Technology,SmartInvoiceInc,"100 Commerce Blvd, Dallas, TX 75201",16,30387.87,7.0,2127.15,62498.74,2024-05-02,1,5.0
INV-2022-0248,2022-12-20,12,2023-01-02,Net 13,13,USD,V094,Pioneer Supplies Inc,"160 Innovation Rd, Seattle, CO 23350",billing@pioneer-supplies.com,CC-6787749,Manufacturing,SmartInvoiceInc,"100 Commerce Blvd, Dallas, TX 75201",4,18768.12,7.5,1407.61,10348.31,2023-01-02,0,5.0
INV-2022-0129,2022-07-07,7,2022-09-02,Net 57,57,USD,V040,Elite Tech Co,"6369 Tech Park Way, Atlanta, GA 90719",billing@elite-tech.com,KV-2072647,Retail,SmartInvoiceInc,"100 Commerce Blvd, Dallas, TX 75201",16,4014.88,7.0,281.04,34738.49,2022-09-02,0,5.0
INV-2023-0044,2023-01-06,1,2023-02-22,Net 47,47,USD,V041,Titan Tech Group,"8572 Tech Park Way, Austin, CA 38732",billing@titan-tech.com,ZS-8757202,Healthcare,SmartInvoiceInc,"100 Commerce Blvd, Dallas, TX 75201",7,33594.35,6.25,2099.65,29235.94,2023-02-22,0,5.0
INV-2023-0238,2023-11-29,11,2024-01-26,Net 58,58,USD,V051,Summit Cloud Inc,"8534 Innovation Rd, San Francisco, FL 19111",billing@summit-cloud.com,FB-8643603,Retail,SmartInvoiceInc,"100 Commerce Blvd, Dallas, TX 75201",9,1001.49,7.0,70.1,13215.62,2024-02-04,1,5.0
INV-2022-0006,2021-12-31,12,2022-03-15,Net 74,74,USD,V039,Elite Labs Group,"237 Innovation Rd, Dallas, AZ 29963",billing@elite-labs.com,TX-2849396,Manufacturing,SmartInvoiceInc,"100 Commerce Blvd, Dallas, TX 75201",2,36336.67,7.5,2725.25,29466.89,2022-03-15,0,5.0
INV-2022-0096,2022-07-17,7,2022-08-23,Net 37,37,USD,V093,Delta Labs Corp,"7201 Industrial Dr, Atlanta, AZ 11524",billing@delta-labs.com,II-7984720,Technology,SmartInvoiceInc,"100 Commerce Blvd, Dallas, TX 75201",1,26931.39,7.0,1885.2,26555.56,2022-09-04,1,5.0
INV-2023-0141,2023-02-20,2,2023-04-21,Net 60,60,USD,V035,Pioneer Parts Co,"816 Market St, Dallas, TX 55543",billing@pioneer-parts.com,BH-9896761,Manufacturing,SmartInvoiceInc,"100 Commerce Blvd, Dallas, TX 75201",6,4677.42,9.0,420.97,10461.72,2023-05-12,1,5.0
INV-2024-0076,2024-04-16,4,2024-04-27,Net 11,11,USD,V062,Vanguard Security LLC,"5667 Market St, Dallas, FL 35053",billing@vanguard-security.com,GD-7867100,Technology,SmartInvoiceInc,"100 Commerce Blvd, Dallas, TX 75201",8,42357.42,8.5,3600.38,74602.63,2024-04-27,0,5.0
INV-2024-0025,2023-11-08,11,2023-12-31,Net 53,53,USD,V036,Delta Partners Corp,"4463 Commerce Blvd, New York, IL 34285",billing@delta-partners.com,YQ-6165679,Healthcare,SmartInvoiceInc,"100 Commerce Blvd, Dallas, TX 75201",13,14131.37,8.25,1165.84,8246.22,2023-12-31,0,5.0
INV-2024-0254,2025-02-11,2,2025-04-19,Net 67,67,USD,V030,Delta Solutions Group,"2879 Tech Park Way, New York, CA 66178",billing@delta-solutions.com,EO-6187480,Manufacturing,SmartInvoiceInc,"100 Commerce Blvd, Dallas, TX 75201",27,40019.83,7.5,3001.49,47679.75,2025-06-02,1,5.0
INV-2023-0129,2023-06-13,6,2023-06-14,Net 1,1,USD,V079,Alpha Partners Inc,"6054 Innovation Rd, Miami, WA 66373",billing@alpha-partners.com,YO-4185714,Technology,SmartInvoiceInc,"100 Commerce Blvd, Dallas, TX 75201",9,44537.78,7.0,3117.64,52920.71,2023-07-20,1,5.0
INV-2023-0048,2022-04-16,4,2022-06-21,Net 66,66,USD,V033,Nexus Tech Inc,"504 Corporate Ln, New York, TX 70100",billing@nexus-tech.com,EF-4196340,Healthcare,SmartInvoiceInc,"100 Commerce Blvd, Dallas, TX 75201",1,25828.23,8.0,2066.26,45231.02,2022-06-21,0,5.0
INV-2023-0216,2023-09-15,9,2023-10-01,Net 16,16,USD,V068,Nexus Energy Group,"3976 Innovation Rd, Seattle, TX 75310",billing@nexus-energy.com,ZI-9887324,Technology,SmartInvoiceInc,"100 Commerce Blvd, Dallas, TX 75201",9,17620.93,8.0,1409.67,43685.97,2023-10-11,1,5.0
INV-2022-0254,2023-02-12,2,2023-03-09,Net 25,25,USD,V060,Elite Parts Co,"6665 Commerce Blvd, Miami, TX 29096",billing@elite-parts.com,QA-4681262,Manufacturing,SmartInvoiceInc,"100 Commerce Blvd, Dallas, TX 75201",1,17359.91,9.0,1562.39,9644.96,2023-03-09,0,5.0
INV-2022-0058,2022-06-26,6,2022-07-07,Net 11,11,USD,V011,Acme Legal Group,"5826 Industrial Dr, Austin, CA 37350",billing@acme-legal.com,QZ-5833177,Manufacturing,SmartInvoiceInc,"100 Commerce Blvd, Dallas, TX 75201",15,34017.47,8.25,2806.44,24422.99,2022-07-19,1,5.0
INV-2022-0249,2023-01-03,1,2023-02-07,Net 35,35,USD,V065,Delta Tech Group,"2991 Industrial Dr, Austin, NY 85683",billing@delta-tech.com,DZ-8726890,Services,SmartInvoiceInc,"100 Commerce Blvd, Dallas, TX 75201",1,8784.31,7.0,614.9,1.0,2023-02-07,0,5.0
INV-2023-0165,2023-06-09,6,2023-07-28,Net 49,49,USD,V088,Sterling Tech Group,"1722 Enterprise Ave, Seattle, OH 71396",billing@sterling-tech.com,YF-8369434,Manufacturing,SmartInvoiceInc,"100 Commerce Blvd, Dallas, TX 75201",1,48218.86,8.0,3857.51,43360.45,2023-09-09,1,5.0
INV-2022-0192,2023-02-28,2,2023-04-11,Net 42,42,USD,V064,Swift Labs Inc,"6128 Market St, Chicago, FL 50631",billing@swift-labs.com,OH-7356228,Healthcare,SmartInvoiceInc,"100 Commerce Blvd, Dallas, TX 75201",8,20074.0,8.5,1706.29,20435.93,2023-04-11,0,5.0
INV-2024-0262,2024-12-06,12,2024-12-23,Net 17,17,USD,V015,Prime Parts Group,"3540 Corporate Ln, Miami, CO 78450",billing@prime-parts.com,IQ-6781565,Retail,SmartInvoiceInc,"100 Commerce Blvd, Dallas, TX 75201",9,45054.12,8.25,3716.96,73208.11,2025-01-29,1,5.0
INV-2022-0017,2022-05-08,5,2022-06-15,Net 38,38,USD,V035,Pioneer Parts Co,"816 Market St, Dallas, TX 55543",billing@pioneer-parts.com,BH-9896761,Manufacturing,SmartInvoiceInc,"100 Commerce Blvd, Dallas, TX 75201",3,30345.67,8.0,2427.65,34725.9,2022-06-15,0,5.0
INV-2022-0250,2022-09-11,9,2022-10-13,Net 32,32,USD,V029,Nexus Freight Group,"639 Enterprise Ave, Atlanta, FL 30159",billing@nexus-freight.com,VQ-5010912,Healthcare,SmartInvoiceInc,"100 Commerce Blvd, Dallas, TX 75201",12,8003.42,6.25,500.21,1.0,2022-11-04,1,5.0
INV-2024-0097,2024-03-09,3,2024-04-01,Net 23,23,USD,V068,Nexus Energy Group,"3976 Innovation Rd, Seattle, TX 75310",billing@nexus-energy.com,ZI-9887324,Technology,SmartInvoiceInc,"100 Commerce Blvd, Dallas, TX 75201",4,24154.98,8.25,1992.79,51686.94,2024-04-01,0,5.0
INV-2023-0239,2023-10-09,10,2023-10-13,Net 4,4,USD,V086,Swift Consulting Group,"6909 Venture Blvd, Houston, GA 84532",billing@swift-consulting.com,KF-2014929,Healthcare,SmartInvoiceInc,"100 Commerce Blvd, Dallas, TX 75201",15,18131.19,7.0,1269.18,29461.69,2023-11-03,1,5.0
INV-2023-0061,2023-03-01,3,2023-04-07,Net 37,37,USD,V046,Titan Freight Co,"3445 Venture Blvd, New York, NY 44674",billing@titan-freight.com,OY-3319049,Technology,SmartInvoiceInc,"100 Commerce Blvd, Dallas, TX 75201",13,12134.34,7.5,910.08,10306.72,2023-04-07,0,5.0
INV-2024-0090,2024-05-04,5,2024-06-23,Net 50,50,USD,V001,Metro Legal Co,"5791 Enterprise Ave, Miami, FL 64021",billing@metro-legal.com,MT-6143901,Services,SmartInvoiceInc,"100 Commerce Blvd, Dallas, TX 75201",2,7950.81,7.0,556.56,20717.88,2024-06-23,0,5.0
INV-2022-0257,2023-02-12,2,2023-02-20,Net 8,8,USD,V051,Summit Cloud Inc,"8534 Innovation Rd, San Francisco, FL 19111",billing@summit-cloud.com,FB-8643603,Retail,SmartInvoiceInc,"100 Commerce Blvd, Dallas, TX 75201",17,36861.61,7.0,2580.31,35243.87,2023-03-16,1,5.0
INV-2023-0221,2024-06-22,6,2024-07-11,Net 19,19,USD,V019,Pioneer Marketing Co,"5261 Venture Blvd, Miami, AZ 19348",billing@pioneer-marketing.com,CW-3276360,Manufacturing,SmartInvoiceInc,"100 Commerce Blvd, Dallas, TX 75201",1,20059.32,8.0,1604.75,10353.65,2024-07-11,0,5.0
INV-2024-0220,2025-04-05,4,2025-04-30,Net 25,25,USD,V036,Delta Partners Corp,"4463 Commerce Blvd, New York, IL 34285",billing@delta-partners.com,YQ-6165679,Healthcare,SmartInvoiceInc,"100 Commerce Blvd, Dallas, TX 75201",18,7052.43,7.5,528.93,3764.0,2025-04-30,0,5.0
INV-2023-0078,2023-06-10,6,2023-07-12,Net 32,32,USD,V011,Acme Legal Group,"5826 Industrial Dr, Austin, CA 37350",billing@acme-legal.com,QZ-5833177,Manufacturing,SmartInvoiceInc,"100 Commerce Blvd, Dallas, TX 75201",16,23194.09,8.5,1971.5,31315.64,2023-07-23,1,5.0
INV-2023-0039,2023-03-20,3,2023-04-05,Net 16,16,USD,V092,Pinnacle Capital Co,"7579 Commerce Blvd, Seattle, FL 84478",billing@pinnacle-capital.com,TS-6703394,Retail,SmartInvoiceInc,"100 Commerce Blvd, Dallas, TX 75201",19,34197.42,6.25,2137.34,35642.24,2023-04-05,0,5.0
INV-2023-0162,2023-10-28,10,2023-12-05,Net 38,38,USD,V012,Beacon Tech LLC,"517 Tech Park Way, Atlanta, GA 13267",billing@beacon-tech.com,ZU-3922097,Healthcare,SmartInvoiceInc,"100 Commerce Blvd, Dallas, TX 75201",8,47481.05,7.0,3323.67,71987.88,2023-12-05,0,5.0
INV-2024-0210,2024-09-15,9,2024-11-07,Net 53,53,USD,V052,Pinnacle Tech Corp,"8295 Business Pkwy, New York, TX 94471",billing@pinnacle-tech.com,FS-3357821,Technology,SmartInvoiceInc,"100 Commerce Blvd, Dallas, TX 75201",2,29642.21,7.0,2074.95,33046.27,2024-11-07,0,5.0
INV-2023-0149,2023-07-27,7,2023-08-19,Net 23,23,USD,V075,Titan Energy Co,"6804 Corporate Ln, Dallas, GA 12482",billing@titan-energy.com,XS-8433533,Healthcare,SmartInvoiceInc,"100 Commerce Blvd, Dallas, TX 75201",15,30484.89,6.25,1905.31,46603.73,2023-09-05,1,5.0
INV-2022-0226,2023-04-23,4,2023-05-08,Net 15,15,USD,V051,Summit Cloud Inc,"8534 Innovation Rd, San Francisco, FL 19111",billing@summit-cloud.com,FB-8643603,Retail,SmartInvoiceInc,"100 Commerce Blvd, Dallas, TX 75201",13,23070.97,8.0,1845.68,19614.12,2023-05-08,0,5.0
INV-2022-0035,2021-08-16,8,2021-10-15,Net 60,60,USD,V004,Metro Medical Inc,"7905 Business Pkwy, Atlanta, WA 66556",billing@metro-medical.com,UA-8474447,Healthcare,SmartInvoiceInc,"100 Commerce Blvd, Dallas, TX 75201",23,24085.93,9.0,2167.73,16812.69,2021-11-29,1,5.0
INV-2024-0206,2024-08-11,8,2024-08-28,Net 17,17,USD,V081,Acme Consulting Group,"5719 Enterprise Ave, New York, IL 96925",billing@acme-consulting.com,WP-5241361,Manufacturing,SmartInvoiceInc,"100 Commerce Blvd, Dallas, TX 75201",9,15272.53,7.5,1145.44,14175.78,2024-08-31,1,5.0
INV-2022-0179,2022-09-27,9,2022-10-12,Net 15,15,USD,V059,Global Medical Co,"2998 Venture Blvd, Los Angeles, CO 24060",billing@global-medical.com,JY-1829735,Services,SmartInvoiceInc,"100 Commerce Blvd, Dallas, TX 75201",8,48590.89,8.25,4008.75,55021.94,2022-10-12,0,5.0
INV-2024-0136,2024-07-19,7,2024-08-16,Net 28,28,USD,V080,Vanguard Legal Group,"3154 Innovation Rd, Houston, NY 44911",billing@vanguard-legal.com,XN-8021855,Services,SmartInvoiceInc,"100 Commerce Blvd, Dallas, TX 75201",8,43666.39,7.0,3056.65,45478.0,2024-09-06,1,5.0
INV-2023-0090,2023-09-26,9,2023-11-26,Net 61,61,USD,V080,Vanguard Legal Group,"3154 Innovation Rd, Houston, NY 44911",billing@vanguard-legal.com,XN-8021855,Services,SmartInvoiceInc,"100 Commerce Blvd, Dallas, TX 75201",1,17003.66,7.5,1275.27,23420.47,2023-11-26,0,5.0
INV-2024-0001,2023-06-24,6,2023-07-23,Net 29,29,USD,V057,Pioneer Consulting Inc,"1704 Industrial Dr, San Francisco, WA 80792",billing@pioneer-consulting.com,BL-2384418,Services,SmartInvoiceInc,"100 Commerce Blvd, Dallas, TX 75201",17,49532.03,7.0,3467.24,98987.12,2023-07-23,0,5.0
INV-2022-0130,2022-11-06,11,2022-12-11,Net 35,35,USD,V071,Pinnacle Supplies Inc,"8493 Market St, Atlanta, IL 23224",billing@pinnacle-supplies.com,CT-2017433,Services,SmartInvoiceInc,"100 Commerce Blvd, Dallas, TX 75201",6,2686.02,8.0,214.88,4667.89,2022-12-11,0,5.0
INV-2024-0247,2024-01-19,1,2024-03-15,Net 56,56,USD,V001,Metro Legal Co,"5791 Enterprise Ave, Miami, FL 64021",billing@metro-legal.com,MT-6143901,Services,SmartInvoiceInc,"100 Commerce Blvd, Dallas, TX 75201",4,780.46,8.25,64.39,7471.74,2024-03-15,0,5.0
INV-2023-0123,2023-11-11,11,2023-12-29,Net 48,48,USD,V073,Acme Systems Group,"3672 Innovation Rd, Dallas, TX 47148",billing@acme-systems.com,KV-6786265,Retail,SmartInvoiceInc,"100 Commerce Blvd, Dallas, TX 75201",6,42373.11,7.0,2966.12,54254.5,2024-01-21,1,5.0
INV-2024-0140,2024-05-11,5,2024-06-06,Net 26,26,USD,V009,Nexus Cloud Inc,"9187 Market St, Chicago, CA 21938",billing@nexus-cloud.com,AA-2404330,Healthcare,SmartInvoiceInc,"100 Commerce Blvd, Dallas, TX 75201",13,14376.56,8.0,1150.12,19723.53,2024-07-14,1,5.0
INV-2023-0030,2023-06-03,6,2023-07-07,Net 34,34,USD,V075,Titan Energy Co,"6804 Corporate Ln, Dallas, GA 12482",billing@titan-energy.com,XS-8433533,Healthcare,SmartInvoiceInc,"100 Commerce Blvd, Dallas, TX 75201",8,5994.41,8.0,479.55,1.0,2023-07-07,0,5.0
INV-2024-0109,2024-09-23,9,2024-10-27,Net 34,34,USD,V096,Sterling Security Corp,"5995 Enterprise Ave, Dallas, GA 64756",billing@sterling-security.com,VP-7611653,Technology,SmartInvoiceInc,"100 Commerce Blvd, Dallas, TX 75201",16,47778.2,7.5,3583.36,49943.31,2024-10-27,0,5.0
INV-2023-0246,2024-02-24,2,2024-05-24,Net 90,90,USD,V066,Global Marketing Co,"5879 Venture Blvd, Chicago, OH 22999",billing@global-marketing.com,WO-9464685,Services,SmartInvoiceInc,"100 Commerce Blvd, Dallas, TX 75201",14,25280.9,7.0,1769.66,52584.44,2024-07-01,1,5.0
INV-2022-0024,2021-12-25,12,2022-01-19,Net 25,25,USD,V060,Elite Parts Co,"6665 Commerce Blvd, Miami, TX 29096",billing@elite-parts.com,QA-4681262,Manufacturing,SmartInvoiceInc,"100 Commerce Blvd, Dallas, TX 75201",1,35650.45,9.0,3208.54,29183.23,2022-02-22,1,5.0
INV-2023-0082,2023-05-21,5,2023-06-27,Net 37,37,USD,V039,Elite Labs Group,"237 Innovation Rd, Dallas, AZ 29963",billing@elite-labs.com,TX-2849396,Manufacturing,SmartInvoiceInc,"100 Commerce Blvd, Dallas, TX 75201",14,14979.5,8.5,1273.26,14930.13,2023-06-27,0,5.0
INV-2022-0140,2022-06-12,6,2022-07-26,Net 44,44,USD,V093,Delta Labs Corp,"7201 Industrial Dr, Atlanta, AZ 11524",billing@delta-labs.com,II-7984720,Technology,SmartInvoiceInc,"100 Commerce Blvd, Dallas, TX 75201",6,11688.44,6.25,730.53,16820.69,2022-07-26,0,5.0
INV-2022-0202,2022-08-14,8,2022-08-27,Net 13,13,USD,V013,Summit Partners Corp,"512 Innovation Rd, Los Angeles, CO 70692",billing@summit-partners.com,YD-8122313,Healthcare,SmartInvoiceInc,"100 Commerce Blvd, Dallas, TX 75201",18,18211.8,6.25,1138.24,34685.07,2022-08-27,0,5.0
INV-2023-0243,2024-09-30,9,2024-10-13,Net 13,13,USD,V031,Titan Capital LLC,"2971 Industrial Dr, San Francisco, GA 11015",billing@titan-capital.com,AV-9416320,Manufacturing,SmartInvoiceInc,"100 Commerce Blvd, Dallas, TX 75201",11,29500.31,8.5,2507.53,44368.7,2024-11-14,1,5.0
INV-2023-0225,2023-10-18,10,2023-11-23,Net 36,36,USD,V014,Swift Parts Inc,"3067 Tech Park Way, Dallas, NY 95999",billing@swift-parts.com,DR-1070640,Healthcare,SmartInvoiceInc,"100 Commerce Blvd, Dallas, TX 75201",12,41215.47,9.0,3709.39,44857.64,2023-11-27,1,5.0
INV-2022-0181,2022-09-08,9,2022-10-30,Net 52,52,USD,V077,Pioneer Data LLC,"6745 Commerce Blvd, Houston, OH 35522",billing@pioneer-data.com,DA-6517366,Services,SmartInvoiceInc,"100 Commerce Blvd, Dallas, TX 75201",8,13934.76,9.0,1254.13,31881.19,2022-12-03,1,5.0
INV-2023-0253,2024-01-06,1,2024-02-19,Net 44,44,USD,V082,Acme Labs Inc,"2298 Enterprise Ave, Austin, NY 23859",billing@acme-labs.com,RB-3008960,Healthcare,SmartInvoiceInc,"100 Commerce Blvd, Dallas, TX 75201",2,36225.22,6.25,2264.08,42441.2,2024-02-19,0,5.0
INV-2024-0027,2023-08-19,8,2023-09-01,Net 13,13,USD,V079,Alpha Partners Inc,"6054 Innovation Rd, Miami, WA 66373",billing@alpha-partners.com,YO-4185714,Technology,SmartInvoiceInc,"100 Commerce Blvd, Dallas, TX 75201",22,25800.89,7.0,1806.06,39266.85,2023-09-01,0,5.0
INV-2024-0162,2024-07-02,7,2024-07-16,Net 14,14,USD,V086,Swift Consulting Group,"6909 Venture Blvd, Houston, GA 84532",billing@swift-consulting.com,KF-2014929,Healthcare,SmartInvoiceInc,"100 Commerce Blvd, Dallas, TX 75201",16,3603.14,7.0,252.22,6727.78,2024-07-22,1,5.0
INV-2023-0008,2022-12-06,12,2023-02-19,Net 75,75,USD,V069,Titan Security Corp,"1892 Enterprise Ave, San Francisco, AZ 11645",billing@titan-security.com,DV-7671318,Technology,SmartInvoiceInc,"100 Commerce Blvd, Dallas, TX 75201",12,41422.38,7.5,3106.68,35351.29,2023-03-18,1,5.0
INV-2023-0074,2023-10-14,10,2023-11-24,Net 41,41,USD,V034,Summit Ventures Co,"4909 Venture Blvd, Austin, TX 66397",billing@summit-ventures.com,IN-7195200,Services,SmartInvoiceInc,"100 Commerce Blvd, Dallas, TX 75201",5,39552.16,9.0,3559.69,85151.67,2023-11-24,0,5.0
INV-2024-0237,2024-10-28,10,2024-11-29,Net 32,32,USD,V083,Metro Freight Group,"3694 Venture Blvd, Houston, NY 86918",billing@metro-freight.com,LT-7193956,Technology,SmartInvoiceInc,"100 Commerce Blvd, Dallas, TX 75201",15,19177.24,8.0,1534.18,26314.15,2024-11-29,0,5.0
INV-2022-0029,2021-10-28,10,2021-11-22,Net 25,25,USD,V017,Nexus Labs Group,"817 Market St, Austin, AZ 15486",billing@nexus-labs.com,PU-8990340,Services,SmartInvoiceInc,"100 Commerce Blvd, Dallas, TX 75201",1,46543.46,6.25,2908.97,44199.34,2021-11-22,0,5.0
INV-2024-0128,2024-06-23,6,2024-08-01,Net 39,39,USD,V010,Prime Cloud Group,"8102 Commerce Blvd, Dallas, WA 79449",billing@prime-cloud.com,KL-3248988,Healthcare,SmartInvoiceInc,"100 Commerce Blvd, Dallas, TX 75201",9,33486.08,6.25,2092.88,28738.98,2024-08-12,1,5.0
INV-2024-0255,2025-01-10,1,2025-02-28,Net 49,49,USD,V017,Nexus Labs Group,"817 Market St, Austin, AZ 15486",billing@nexus-labs.com,PU-8990340,Services,SmartInvoiceInc,"100 Commerce Blvd, Dallas, TX 75201",13,47227.12,6.25,2951.7,55262.84,2025-03-19,1,5.0
INV-2024-0105,2023-12-08,12,2024-03-07,Net 90,90,USD,V083,Metro Freight Group,"3694 Venture Blvd, Houston, NY 86918",billing@metro-freight.com,LT-7193956,Technology,SmartInvoiceInc,"100 Commerce Blvd, Dallas, TX 75201",2,2885.21,8.25,238.03,1.0,2024-03-07,0,5.0
INV-2022-0056,2021-07-15,7,2021-08-13,Net 29,29,USD,V028,Pioneer Systems LLC,"5163 Business Pkwy, Chicago, IL 39703",billing@pioneer-systems.com,ZD-7655623,Manufacturing,SmartInvoiceInc,"100 Commerce Blvd, Dallas, TX 75201",11,24060.4,7.0,1684.23,15884.87,2021-08-13,0,5.0
INV-2024-0160,2025-04-26,4,2025-06-26,Net 61,61,USD,V099,Pioneer Works Corp,"1600 Industrial Dr, Los Angeles, GA 29426",billing@pioneer-works.com,RJ-1066150,Technology,SmartInvoiceInc,"100 Commerce Blvd, Dallas, TX 75201",9,3091.57,6.25,193.22,1.0,2025-06-26,0,5.0
INV-2023-0071,2023-03-21,3,2023-05-11,Net 51,51,USD,V013,Summit Partners Corp,"512 Innovation Rd, Los Angeles, CO 70692",billing@summit-partners.com,YD-8122313,Healthcare,SmartInvoiceInc,"100 Commerce Blvd, Dallas, TX 75201",13,10993.71,6.25,687.11,16268.25,2023-05-11,0,5.0
INV-2023-0146,2023-04-13,4,2023-06-05,Net 53,53,USD,V054,Swift Medical Group,"324 Market St, Dallas, TX 88477",billing@swift-medical.com,FE-9671370,Retail,SmartInvoiceInc,"100 Commerce Blvd, Dallas, TX 75201",4,39913.91,9.0,3592.25,48368.84,2023-06-05,0,5.0
INV-2024-0006,2024-05-22,5,2024-06-05,Net 14,14,USD,V034,Summit Ventures Co,"4909 Venture Blvd, Austin, TX 66397",billing@summit-ventures.com,IN-7195200,Services,SmartInvoiceInc,"100 Commerce Blvd, Dallas, TX 75201",15,32756.17,7.0,2292.93,31306.28,2024-06-05,0,5.0
INV-2023-0114,2023-03-30,3,2023-05-07,Net 38,38,USD,V070,Swift Logistics Inc,"1954 Business Pkwy, Miami, NY 73374",billing@swift-logistics.com,UO-1318408,Healthcare,SmartInvoiceInc,"100 Commerce Blvd, Dallas, TX 75201",11,20058.98,8.5,1705.01,18131.28,2023-06-12,1,5.0
INV-2023-0023,2022-10-13,10,2022-12-19,Net 67,67,USD,V021,Swift Ventures LLC,"9509 Enterprise Ave, San Francisco, OH 36962",billing@swift-ventures.com,HP-7243669,Retail,SmartInvoiceInc,"100 Commerce Blvd, Dallas, TX 75201",8,18705.41,6.25,1169.09,5526.44,2022-12-19,0,5.0
INV-2022-0037,2021-08-03,8,2021-09-03,Net 31,31,USD,V054,Swift Medical Group,"324 Market St, Dallas, TX 88477",billing@swift-medical.com,FE-9671370,Retail,SmartInvoiceInc,"100 Commerce Blvd, Dallas, TX 75201",11,5443.41,7.0,381.04,1.0,2021-10-10,1,5.0
INV-2024-0111,2024-11-03,11,2024-12-06,Net 33,33,USD,V024,Nexus Marketing Group,"6719 Innovation Rd, Atlanta, GA 62224",billing@nexus-marketing.com,CM-6304509,Technology,SmartInvoiceInc,"100 Commerce Blvd, Dallas, TX 75201",7,6656.24,7.0,465.94,10634.19,2024-12-09,1,5.0
INV-2024-0054,2024-05-03,5,2024-07-10,Net 68,68,USD,V017,Nexus Labs Group,"817 Market St, Austin, AZ 15486",billing@nexus-labs.com,PU-8990340,Services,SmartInvoiceInc,"100 Commerce Blvd, Dallas, TX 75201",16,991.23,7.5,74.34,2606.8,2024-07-10,0,5.0
INV-2022-0114,2022-10-19,10,2022-11-12,Net 24,24,USD,V060,Elite Parts Co,"6665 Commerce Blvd, Miami, TX 29096",billing@elite-parts.com,QA-4681262,Manufacturing,SmartInvoiceInc,"100 Commerce Blvd, Dallas, TX 75201",1,38234.3,9.0,3441.09,21867.74,2022-11-12,0,5.0
INV-2024-0107,2024-07-26,7,2024-08-06,Net 11,11,USD,V047,Elite Energy Inc,"6329 Venture Blvd, Atlanta, TX 13596",billing@elite-energy.com,TY-1467010,Technology,SmartInvoiceInc,"100 Commerce Blvd, Dallas, TX 75201",5,7010.15,8.0,560.81,7870.21,2024-09-17,1,5.0
INV-2024-0190,2024-05-17,5,2024-07-05,Net 49,49,USD,V059,Global Medical Co,"2998 Venture Blvd, Los Angeles, CO 24060",billing@global-medical.com,JY-1829735,Services,SmartInvoiceInc,"100 Commerce Blvd, Dallas, TX 75201",5,6450.26,8.5,548.27,15670.86,2024-07-05,0,5.0
INV-2024-0250,2024-11-03,11,2024-11-22,Net 19,19,USD,V096,Sterling Security Corp,"5995 Enterprise Ave, Dallas, GA 64756",billing@sterling-security.com,VP-7611653,Technology,SmartInvoiceInc,"100 Commerce Blvd, Dallas, TX 75201",1,37081.81,9.0,3337.36,38813.22,2024-12-04,1,5.0
INV-2024-0087,2023-11-27,11,2024-02-05,Net 70,70,USD,V016,Summit Freight Inc,"1465 Tech Park Way, Dallas, FL 26779",billing@summit-freight.com,IS-7197323,Technology,SmartInvoiceInc,"100 Commerce Blvd, Dallas, TX 75201",9,33318.86,8.25,2748.81,1.0,2024-02-05,0,5.0
INV-2024-0015,2024-04-02,4,2024-04-19,Net 17,17,USD,V051,Summit Cloud Inc,"8534 Innovation Rd, San Francisco, FL 19111",billing@summit-cloud.com,FB-8643603,Retail,SmartInvoiceInc,"100 Commerce Blvd, Dallas, TX 75201",8,41573.27,9.0,3741.59,53768.21,2024-04-19,0,5.0
INV-2024-0207,2024-08-12,8,2024-08-24,Net 12,12,USD,V072,Elite Supplies LLC,"8170 Industrial Dr, Houston, TX 16783",billing@elite-supplies.com,KL-1996530,Technology,SmartInvoiceInc,"100 Commerce Blvd, Dallas, TX 75201",11,45023.03,8.25,3714.4,49037.62,2024-09-27,1,5.0
INV-2022-0020,2022-02-21,2,2022-04-25,Net 63,63,USD,V098,Titan Supplies Co,"3257 Venture Blvd, Miami, IL 34070",billing@titan-supplies.com,IS-9593223,Manufacturing,SmartInvoiceInc,"100 Commerce Blvd, Dallas, TX 75201",3,37498.5,9.0,3374.86,35610.3,2022-04-25,0,5.0
INV-2022-0197,2022-11-04,11,2022-12-06,Net 32,32,USD,V004,Metro Medical Inc,"7905 Business Pkwy, Atlanta, WA 66556",billing@metro-medical.com,UA-8474447,Healthcare,SmartInvoiceInc,"100 Commerce Blvd, Dallas, TX 75201",4,47164.85,8.25,3891.1,48420.77,2022-12-26,1,5.0
INV-2024-0101,2024-06-29,6,2024-08-15,Net 47,47,USD,V050,Alpha Logistics Inc,"1560 Business Pkwy, San Francisco, OH 11605",billing@alpha-logistics.com,WP-3255363,Services,SmartInvoiceInc,"100 Commerce Blvd, Dallas, TX 75201",16,28284.03,8.5,2404.14,1.0,2024-08-15,0,5.0
INV-2022-0060,2023-01-19,1,2023-02-17,Net 29,29,USD,V059,Global Medical Co,"2998 Venture Blvd, Los Angeles, CO 24060",billing@global-medical.com,JY-1829735,Services,SmartInvoiceInc,"100 Commerce Blvd, Dallas, TX 75201",15,31176.86,6.25,1948.55,17421.63,2023-02-17,0,5.0
INV-2023-0147,2023-04-17,4,2023-05-17,Net 30,30,USD,V010,Prime Cloud Group,"8102 Commerce Blvd, Dallas, WA 79449",billing@prime-cloud.com,KL-3248988,Healthcare,SmartInvoiceInc,"100 Commerce Blvd, Dallas, TX 75201",14,14173.75,8.25,1169.33,47725.74,2023-05-17,0,5.0
INV-2024-0152,2024-06-24,6,2024-08-04,Net 41,41,USD,V068,Nexus Energy Group,"3976 Innovation Rd, Seattle, TX 75310",billing@nexus-energy.com,ZI-9887324,Technology,SmartInvoiceInc,"100 Commerce Blvd, Dallas, TX 75201",8,13365.3,6.25,835.33,30821.13,2024-08-04,0,5.0
INV-2024-0222,2024-07-24,7,2024-08-10,Net 17,17,USD,V088,Sterling Tech Group,"1722 Enterprise Ave, Seattle, OH 71396",billing@sterling-tech.com,YF-8369434,Manufacturing,SmartInvoiceInc,"100 Commerce Blvd, Dallas, TX 75201",12,3501.13,8.5,297.6,1.0,2024-08-15,1,5.0
INV-2024-0049,2024-07-18,7,2024-09-18,Net 62,62,USD,V084,Bright Medical LLC,"7183 Tech Park Way, Los Angeles, AZ 27771",billing@bright-medical.com,XQ-6499593,Services,SmartInvoiceInc,"100 Commerce Blvd, Dallas, TX 75201",9,22659.83,8.5,1926.09,19454.25,2024-09-18,0,5.0
INV-2024-0048,2024-01-12,1,2024-02-25,Net 44,44,USD,V038,Horizon Freight Corp,"1431 Trade Center Dr, New York, TX 52318",billing@horizon-freight.com,WJ-2296516,Healthcare,SmartInvoiceInc,"100 Commerce Blvd, Dallas, TX 75201",1,12473.72,8.25,1029.08,22645.39,2024-02-25,0,5.0
INV-2023-0095,2023-05-05,5,2023-05-16,Net 11,11,USD,V046,Titan Freight Co,"3445 Venture Blvd, New York, NY 44674",billing@titan-freight.com,OY-3319049,Technology,SmartInvoiceInc,"100 Commerce Blvd, Dallas, TX 75201",5,14097.84,8.5,1198.32,17909.03,2023-05-16,0,5.0
INV-2022-0137,2022-09-18,9,2022-10-10,Net 22,22,USD,V078,Beacon Legal LLC,"1581 Tech Park Way, Houston, TX 91974",billing@beacon-legal.com,RG-8449607,Technology,SmartInvoiceInc,"100 Commerce Blvd, Dallas, TX 75201",25,21924.39,8.5,1863.57,37597.17,2022-10-10,0,5.0
INV-2024-0270,2024-01-17,1,2024-02-02,Net 16,16,USD,V006,Apex Solutions Co,"2241 Market St, San Francisco, AZ 45247",billing@apex-solutions.com,UG-6698848,Healthcare,SmartInvoiceInc,"100 Commerce Blvd, Dallas, TX 75201",14,10854.68,7.5,814.1,12510.46,2024-02-02,0,5.0
INV-2023-0054,2023-08-24,8,2023-10-22,Net 59,59,USD,V081,Acme Consulting Group,"5719 Enterprise Ave, New York, IL 96925",billing@acme-consulting.com,WP-5241361,Manufacturing,SmartInvoiceInc,"100 Commerce Blvd, Dallas, TX 75201",12,39760.57,7.5,2982.04,63210.05,2023-12-05,1,5.0
INV-2024-0202,2024-09-03,9,2024-09-19,Net 16,16,USD,V070,Swift Logistics Inc,"1954 Business Pkwy, Miami, NY 73374",billing@swift-logistics.com,UO-1318408,Healthcare,SmartInvoiceInc,"100 Commerce Blvd, Dallas, TX 75201",12,32008.66,8.0,2560.69,26918.19,2024-09-19,0,5.0
INV-2023-0119,2023-10-26,10,2023-12-07,Net 42,42,USD,V064,Swift Labs Inc,"6128 Market St, Chicago, FL 50631",billing@swift-labs.com,OH-7356228,Healthcare,SmartInvoiceInc,"100 Commerce Blvd, Dallas, TX 75201",15,13347.32,6.25,834.21,31996.77,2023-12-07,0,5.0
INV-2023-0170,2023-07-08,7,2023-08-20,Net 43,43,USD,V087,Bright Energy LLC,"5575 Trade Center Dr, New York, CA 49952",billing@bright-energy.com,EY-6888997,Manufacturing,SmartInvoiceInc,"100 Commerce Blvd, Dallas, TX 75201",13,31305.99,7.0,2191.42,47894.77,2023-10-03,1,5.0
INV-2024-0253,2024-08-26,8,2024-09-30,Net 35,35,USD,V029,Nexus Freight Group,"639 Enterprise Ave, Atlanta, FL 30159",billing@nexus-freight.com,VQ-5010912,Healthcare,SmartInvoiceInc,"100 Commerce Blvd, Dallas, TX 75201",1,35066.4,7.5,2629.98,15022.87,2024-09-30,0,5.0
INV-2022-0134,2022-07-15,7,2022-08-19,Net 35,35,USD,V066,Global Marketing Co,"5879 Venture Blvd, Chicago, OH 22999",billing@global-marketing.com,WO-9464685,Services,SmartInvoiceInc,"100 Commerce Blvd, Dallas, TX 75201",8,8502.74,8.5,722.73,13459.43,2022-08-19,0,5.0
INV-2023-0017,2023-01-24,1,2023-02-08,Net 15,15,USD,V094,Pioneer Supplies Inc,"160 Innovation Rd, Seattle, CO 23350",billing@pioneer-supplies.com,CC-6787749,Manufacturing,SmartInvoiceInc,"100 Commerce Blvd, Dallas, TX 75201",14,33496.72,7.5,2512.25,36631.29,2023-02-08,0,5.0
INV-2022-0242,2022-09-03,9,2022-09-21,Net 18,18,USD,V086,Swift Consulting Group,"6909 Venture Blvd, Houston, GA 84532",billing@swift-consulting.com,KF-2014929,Healthcare,SmartInvoiceInc,"100 Commerce Blvd, Dallas, TX 75201",10,1099.1,7.0,76.94,1.0,2022-09-21,0,5.0
INV-2024-0176,2024-12-11,12,2025-02-09,Net 60,60,USD,V092,Pinnacle Capital Co,"7579 Commerce Blvd, Seattle, FL 84478",billing@pinnacle-capital.com,TS-6703394,Retail,SmartInvoiceInc,"100 Commerce Blvd, Dallas, TX 75201",15,40335.28,8.25,3327.66,53809.57,2025-03-21,1,5.0
INV-2023-0233,2023-12-28,12,2024-03-07,Net 70,70,USD,V066,Global Marketing Co,"5879 Venture Blvd, Chicago, OH 22999",billing@global-marketing.com,WO-9464685,Services,SmartInvoiceInc,"100 Commerce Blvd, Dallas, TX 75201",6,40509.63,8.5,3443.32,25987.22,2024-04-05,1,5.0
INV-2023-0006,2022-09-26,9,2022-11-15,Net 50,50,USD,V067,Horizon Parts Group,"7883 Industrial Dr, Atlanta, TX 66942",billing@horizon-parts.com,HK-3792427,Retail,SmartInvoiceInc,"100 Commerce Blvd, Dallas, TX 75201",15,521.92,8.0,41.75,1.0,2022-11-15,0,5.0
INV-2024-0122,2024-06-10,6,2024-07-27,Net 47,47,USD,V027,Delta Security Inc,"6290 Trade Center Dr, Dallas, TX 78866",billing@delta-security.com,PW-6118922,Retail,SmartInvoiceInc,"100 Commerce Blvd, Dallas, TX 75201",14,24986.42,6.25,1561.65,35999.6,2024-07-27,0,5.0
INV-2024-0137,2023-12-06,12,2024-02-18,Net 74,74,USD,V067,Horizon Parts Group,"7883 Industrial Dr, Atlanta, TX 66942",billing@horizon-parts.com,HK-3792427,Retail,SmartInvoiceInc,"100 Commerce Blvd, Dallas, TX 75201",17,37836.12,7.5,2837.71,49504.09,2024-03-28,1,5.0
INV-2023-0125,2023-05-30,5,2023-07-03,Net 34,34,USD,V091,Pioneer Logistics Co,"8440 Innovation Rd, Los Angeles, TX 34762",billing@pioneer-logistics.com,GH-1378165,Manufacturing,SmartInvoiceInc,"100 Commerce Blvd, Dallas, TX 75201",11,31290.96,8.25,2581.5,40525.14,2023-07-23,1,5.0
INV-2024-0003,2024-04-24,4,2024-05-24,Net 30,30,USD,V053,Pinnacle Labs LLC,"946 Innovation Rd, Seattle, NY 98236",billing@pinnacle-labs.com,LE-1064323,Services,SmartInvoiceInc,"100 Commerce Blvd, Dallas, TX 75201",14,33003.24,7.0,2310.23,2737.37,2024-05-24,0,5.0
INV-2022-0136,2022-05-24,5,2022-06-18,Net 25,25,USD,V026,Titan Partners Co,"5010 Enterprise Ave, New York, IL 71642",billing@titan-partners.com,ED-1423570,Retail,SmartInvoiceInc,"100 Commerce Blvd, Dallas, TX 75201",24,5539.28,7.0,387.75,15119.05,2022-06-18,0,5.0
INV-2023-0066,2023-05-12,5,2023-05-27,Net 15,15,USD,V041,Titan Tech Group,"8572 Tech Park Way, Austin, CA 38732",billing@titan-tech.com,ZS-8757202,Healthcare,SmartInvoiceInc,"100 Commerce Blvd, Dallas, TX 75201",1,2282.93,6.25,142.68,1.0,2023-07-11,1,5.0
INV-2023-0121,2023-06-09,6,2023-06-24,Net 15,15,USD,V041,Titan Tech Group,"8572 Tech Park Way, Austin, CA 38732",billing@titan-tech.com,ZS-8757202,Healthcare,SmartInvoiceInc,"100 Commerce Blvd, Dallas, TX 75201",1,29290.3,7.5,2196.77,32720.47,2023-07-15,1,5.0
INV-2024-0232,2025-01-29,1,2025-03-12,Net 42,42,USD,V099,Pioneer Works Corp,"1600 Industrial Dr, Los Angeles, GA 29426",billing@pioneer-works.com,RJ-1066150,Technology,SmartInvoiceInc,"100 Commerce Blvd, Dallas, TX 75201",13,14483.56,8.0,1158.68,1.0,2025-03-12,0,5.0
INV-2024-0168,2024-08-09,8,2024-09-10,Net 32,32,USD,V071,Pinnacle Supplies Inc,"8493 Market St, Atlanta, IL 23224",billing@pinnacle-supplies.com,CT-2017433,Services,SmartInvoiceInc,"100 Commerce Blvd, Dallas, TX 75201",8,20346.62,8.5,1729.46,18591.79,2024-09-10,0,5.0
INV-2023-0259,2024-01-22,1,2024-03-10,Net 48,48,USD,V084,Bright Medical LLC,"7183 Tech Park Way, Los Angeles, AZ 27771",billing@bright-medical.com,XQ-6499593,Services,SmartInvoiceInc,"100 Commerce Blvd, Dallas, TX 75201",20,10631.67,8.25,877.11,15805.06,2024-03-29,1,5.0
INV-2024-0227,2025-02-17,2,2025-04-14,Net 56,56,USD,V046,Titan Freight Co,"3445 Venture Blvd, New York, NY 44674",billing@titan-freight.com,OY-3319049,Technology,SmartInvoiceInc,"100 Commerce Blvd, Dallas, TX 75201",17,4022.34,8.0,321.79,26925.33,2025-04-14,0,5.0
INV-2023-0103,2023-04-20,4,2023-05-23,Net 33,33,USD,V099,Pioneer Works Corp,"1600 Industrial Dr, Los Angeles, GA 29426",billing@pioneer-works.com,RJ-1066150,Technology,SmartInvoiceInc,"100 Commerce Blvd, Dallas, TX 75201",1,20765.9,7.5,1557.44,97236.51,2023-05-23,0,5.0
INV-2022-0085,2022-07-03,7,2022-09-01,Net 60,60,USD,V061,Prime Solutions Co,"3787 Innovation Rd, Austin, GA 77506",billing@prime-solutions.com,FF-4369538,Services,SmartInvoiceInc,"100 Commerce Blvd, Dallas, TX 75201",2,38808.36,7.0,2716.59,7311.17,2022-09-01,0,5.0
INV-2023-0015,2023-04-22,4,2023-04-23,Net 1,1,USD,V034,Summit Ventures Co,"4909 Venture Blvd, Austin, TX 66397",billing@summit-ventures.com,IN-7195200,Services,SmartInvoiceInc,"100 Commerce Blvd, Dallas, TX 75201",15,27185.18,8.0,2174.81,31748.06,2023-04-28,1,5.0
INV-2023-0158,2023-08-20,8,2023-09-06,Net 17,17,USD,V095,Pacific Supplies Group,"2422 Enterprise Ave, Dallas, TX 59481",billing@pacific-supplies.com,YW-8599600,Retail,SmartInvoiceInc,"100 Commerce Blvd, Dallas, TX 75201",11,500.58,6.25,31.29,12507.74,2023-09-12,1,5.0
INV-2023-0021,2023-05-02,5,2023-05-27,Net 25,25,USD,V057,Pioneer Consulting Inc,"1704 Industrial Dr, San Francisco, WA 80792",billing@pioneer-consulting.com,BL-2384418,Services,SmartInvoiceInc,"100 Commerce Blvd, Dallas, TX 75201",9,11693.2,8.5,993.92,20327.74,2023-06-16,1,5.0
INV-2024-0275,2024-12-15,12,2025-02-09,Net 56,56,USD,V003,Global Logistics LLC,"9032 Venture Blvd, San Francisco, GA 11150",billing@global-logistics.com,IL-7095929,Manufacturing,SmartInvoiceInc,"100 Commerce Blvd, Dallas, TX 75201",24,3069.1,8.0,245.53,1.0,2025-02-09,0,5.0
INV-2023-0256,2023-12-02,12,2024-01-20,Net 49,49,USD,V038,Horizon Freight Corp,"1431 Trade Center Dr, New York, TX 52318",billing@horizon-freight.com,WJ-2296516,Healthcare,SmartInvoiceInc,"100 Commerce Blvd, Dallas, TX 75201",1,37223.87,8.25,3070.97,29521.89,2024-01-20,0,5.0
INV-2022-0053,2022-01-23,1,2022-03-09,Net 45,45,USD,V058,Alpha Parts Inc,"5515 Business Pkwy, Chicago, CO 68596",billing@alpha-parts.com,NC-1873172,Healthcare,SmartInvoiceInc,"100 Commerce Blvd, Dallas, TX 75201",8,35774.76,7.5,2683.11,34604.82,2022-04-14,1,5.0
INV-2022-0177,2022-08-09,8,2022-11-01,Net 84,84,USD,V039,Elite Labs Group,"237 Innovation Rd, Dallas, AZ 29963",billing@elite-labs.com,TX-2849396,Manufacturing,SmartInvoiceInc,"100 Commerce Blvd, Dallas, TX 75201",10,33220.21,7.5,2491.52,10106.34,2022-11-01,0,5.0
INV-2022-0231,2022-09-11,9,2022-11-05,Net 55,55,USD,V042,Summit Capital Co,"5685 Venture Blvd, New York, IL 49749",billing@summit-capital.com,AE-3245131,Manufacturing,SmartInvoiceInc,"100 Commerce Blvd, Dallas, TX 75201",1,39141.27,6.25,2446.33,26202.36,2022-12-07,1,5.0
INV-2023-0178,2023-09-29,9,2023-10-29,Net 30,30,USD,V010,Prime Cloud Group,"8102 Commerce Blvd, Dallas, WA 79449",billing@prime-cloud.com,KL-3248988,Healthcare,SmartInvoiceInc,"100 Commerce Blvd, Dallas, TX 75201",18,30276.92,8.0,2422.15,29980.85,2023-10-29,0,5.0
INV-2022-0122,2022-08-23,8,2022-09-10,Net 18,18,USD,V021,Swift Ventures LLC,"9509 Enterprise Ave, San Francisco, OH 36962",billing@swift-ventures.com,HP-7243669,Retail,SmartInvoiceInc,"100 Commerce Blvd, Dallas, TX 75201",5,39146.23,9.0,3523.16,37847.24,2022-10-16,1,5.0
INV-2022-0011,2021-12-17,12,2021-12-21,Net 4,4,USD,V081,Acme Consulting Group,"5719 Enterprise Ave, New York, IL 96925",billing@acme-consulting.com,WP-5241361,Manufacturing,SmartInvoiceInc,"100 Commerce Blvd, Dallas, TX 75201",3,35011.86,9.0,3151.07,32657.06,2021-12-22,1,5.0
INV-2023-0264,2023-12-25,12,2024-01-05,Net 11,11,USD,V023,Titan Marketing LLC,"6077 Tech Park Way, Miami, NY 96188",billing@titan-marketing.com,MR-5984445,Manufacturing,SmartInvoiceInc,"100 Commerce Blvd, Dallas, TX 75201",6,42598.34,6.25,2662.4,45718.16,2024-02-15,1,5.0
INV-2024-0057,2024-03-16,3,2024-03-31,Net 15,15,USD,V093,Delta Labs Corp,"7201 Industrial Dr, Atlanta, AZ 11524",billing@delta-labs.com,II-7984720,Technology,SmartInvoiceInc,"100 Commerce Blvd, Dallas, TX 75201",14,11062.97,8.0,885.04,31446.34,2024-03-31,0,5.0
INV-2022-0074,2022-07-11,7,2022-07-12,Net 1,1,USD,V003,Global Logistics LLC,"9032 Venture Blvd, San Francisco, GA 11150",billing@global-logistics.com,IL-7095929,Manufacturing,SmartInvoiceInc,"100 Commerce Blvd, Dallas, TX 75201",19,36489.31,9.0,3284.04,31853.77,2022-07-13,1,5.0
INV-2024-0038,2024-01-18,1,2024-03-09,Net 51,51,USD,V081,Acme Consulting Group,"5719 Enterprise Ave, New York, IL 96925",billing@acme-consulting.com,WP-5241361,Manufacturing,SmartInvoiceInc,"100 Commerce Blvd, Dallas, TX 75201",23,25580.3,8.0,2046.42,13248.39,2024-03-09,0,5.0
INV-2022-0142,2022-06-22,6,2022-08-06,Net 45,45,USD,V083,Metro Freight Group,"3694 Venture Blvd, Houston, NY 86918",billing@metro-freight.com,LT-7193956,Technology,SmartInvoiceInc,"100 Commerce Blvd, Dallas, TX 75201",16,6656.95,8.5,565.84,15825.21,2022-08-06,0,5.0
INV-2023-0031,2023-07-16,7,2023-08-18,Net 33,33,USD,V014,Swift Parts Inc,"3067 Tech Park Way, Dallas, NY 95999",billing@swift-parts.com,DR-1070640,Healthcare,SmartInvoiceInc,"100 Commerce Blvd, Dallas, TX 75201",3,28169.54,8.25,2323.99,71683.76,2023-08-18,0,5.0
INV-2023-0163,2023-06-26,6,2023-07-17,Net 21,21,USD,V097,Beacon Logistics LLC,"5487 Venture Blvd, Atlanta, AZ 37935",billing@beacon-logistics.com,JP-4813270,Manufacturing,SmartInvoiceInc,"100 Commerce Blvd, Dallas, TX 75201",7,3057.6,6.25,191.1,7897.75,2023-08-02,1,5.0
INV-2024-0114,2024-03-29,3,2024-06-17,Net 80,80,USD,V006,Apex Solutions Co,"2241 Market St, San Francisco, AZ 45247",billing@apex-solutions.com,UG-6698848,Healthcare,SmartInvoiceInc,"100 Commerce Blvd, Dallas, TX 75201",12,48094.91,8.5,4088.07,50865.61,2024-06-17,0,5.0
INV-2024-0263,2025-01-10,1,2025-03-04,Net 53,53,USD,V076,Bright Cloud Inc,"4624 Innovation Rd, Austin, CA 43536",billing@bright-cloud.com,NS-1703662,Manufacturing,SmartInvoiceInc,"100 Commerce Blvd, Dallas, TX 75201",10,43332.14,8.0,3466.57,60504.92,2025-03-04,0,5.0
INV-2023-0171,2023-07-19,7,2023-09-30,Net 73,73,USD,V044,Global Systems Inc,"1376 Market St, Chicago, OH 18717",billing@global-systems.com,ZW-1067661,Manufacturing,SmartInvoiceInc,"100 Commerce Blvd, Dallas, TX 75201",1,43634.99,7.5,3272.62,44715.21,2023-09-30,0,5.0
INV-2022-0067,2022-03-02,3,2022-04-27,Net 56,56,USD,V072,Elite Supplies LLC,"8170 Industrial Dr, Houston, TX 16783",billing@elite-supplies.com,KL-1996530,Technology,SmartInvoiceInc,"100 Commerce Blvd, Dallas, TX 75201",15,31431.27,7.5,2357.35,41501.4,2022-04-27,0,5.0
INV-2023-0219,2023-11-23,11,2023-12-12,Net 19,19,USD,V083,Metro Freight Group,"3694 Venture Blvd, Houston, NY 86918",billing@metro-freight.com,LT-7193956,Technology,SmartInvoiceInc,"100 Commerce Blvd, Dallas, TX 75201",15,12751.75,8.0,1020.14,5632.38,2023-12-24,1,5.0
INV-2023-0250,2023-10-15,10,2023-12-02,Net 48,48,USD,V053,Pinnacle Labs LLC,"946 Innovation Rd, Seattle, NY 98236",billing@pinnacle-labs.com,LE-1064323,Services,SmartInvoiceInc,"100 Commerce Blvd, Dallas, TX 75201",9,17971.45,6.25,1123.22,4354.02,2023-12-02,0,5.0
INV-2024-0153,2023-11-15,11,2023-11-27,Net 12,12,USD,V005,Apex Logistics Co,"7104 Corporate Ln, Austin, AZ 77215",billing@apex-logistics.com,SE-9744220,Retail,SmartInvoiceInc,"100 Commerce Blvd, Dallas, TX 75201",13,30472.49,7.5,2285.44,43261.13,2024-01-07,1,5.0
INV-2022-0156,2022-09-01,9,2022-09-27,Net 26,26,USD,V019,Pioneer Marketing Co,"5261 Venture Blvd, Miami, AZ 19348",billing@pioneer-marketing.com,CW-3276360,Manufacturing,SmartInvoiceInc,"100 Commerce Blvd, Dallas, TX 75201",4,4069.5,8.5,345.91,1.0,2022-09-27,0,5.0
INV-2022-0001,2021-12-18,12,2022-01-08,Net 21,21,USD,V068,Nexus Energy Group,"3976 Innovation Rd, Seattle, TX 75310",billing@nexus-energy.com,ZI-9887324,Technology,SmartInvoiceInc,"100 Commerce Blvd, Dallas, TX 75201",15,39350.66,9.0,3541.56,113432.77,2022-01-08,0,5.0
INV-2022-0149,2022-11-29,11,2023-01-14,Net 46,46,USD,V014,Swift Parts Inc,"3067 Tech Park Way, Dallas, NY 95999",billing@swift-parts.com,DR-1070640,Healthcare,SmartInvoiceInc,"100 Commerce Blvd, Dallas, TX 75201",15,39370.81,8.25,3248.09,40410.88,2023-02-12,1,5.0
INV-2024-0058,2024-02-13,2,2024-03-24,Net 40,40,USD,V024,Nexus Marketing Group,"6719 Innovation Rd, Atlanta, GA 62224",billing@nexus-marketing.com,CM-6304509,Technology,SmartInvoiceInc,"100 Commerce Blvd, Dallas, TX 75201",17,45779.19,7.0,3204.54,49540.37,2024-03-24,0,5.0
INV-2023-0166,2023-07-20,7,2023-08-08,Net 19,19,USD,V074,Summit Systems LLC,"5688 Commerce Blvd, Miami, TX 56163",billing@summit-systems.com,IQ-3412149,Retail,SmartInvoiceInc,"100 Commerce Blvd, Dallas, TX 75201",8,48548.49,8.25,4005.25,48946.4,2023-08-08,0,5.0
INV-2022-0083,2022-06-28,6,2022-07-09,Net 11,11,USD,V041,Titan Tech Group,"8572 Tech Park Way, Austin, CA 38732",billing@titan-tech.com,ZS-8757202,Healthcare,SmartInvoiceInc,"100 Commerce Blvd, Dallas, TX 75201",15,35375.44,6.25,2210.97,32701.66,2022-07-21,1,5.0
INV-2024-0141,2024-05-16,5,2024-06-27,Net 42,42,USD,V071,Pinnacle Supplies Inc,"8493 Market St, Atlanta, IL 23224",billing@pinnacle-supplies.com,CT-2017433,Services,SmartInvoiceInc,"100 Commerce Blvd, Dallas, TX 75201",2,10663.98,6.25,666.5,14987.48,2024-06-27,0,5.0
INV-2022-0132,2022-06-10,6,2022-08-17,Net 68,68,USD,V002,Vanguard Supplies Group,"6899 Industrial Dr, Seattle, NY 96672",billing@vanguard-supplies.com,XS-7319707,Manufacturing,SmartInvoiceInc,"100 Commerce Blvd, Dallas, TX 75201",10,34644.05,7.0,2425.08,16491.6,2022-08-17,0,5.0
INV-2024-0102,2024-11-08,11,2024-12-13,Net 35,35,USD,V039,Elite Labs Group,"237 Innovation Rd, Dallas, AZ 29963",billing@elite-labs.com,TX-2849396,Manufacturing,SmartInvoiceInc,"100 Commerce Blvd, Dallas, TX 75201",14,47595.45,7.5,3569.66,56691.59,2025-01-02,1,5.0
INV-2022-0064,2021-10-30,10,2021-12-19,Net 50,50,USD,V019,Pioneer Marketing Co,"5261 Venture Blvd, Miami, AZ 19348",billing@pioneer-marketing.com,CW-3276360,Manufacturing,SmartInvoiceInc,"100 Commerce Blvd, Dallas, TX 75201",1,32600.99,8.5,2771.08,34348.27,2021-12-19,0,5.0
INV-2022-0087,2022-07-12,7,2022-08-12,Net 31,31,USD,V022,Acme Capital Inc,"8802 Corporate Ln, Atlanta, FL 45909",billing@acme-capital.com,SL-9415398,Services,SmartInvoiceInc,"100 Commerce Blvd, Dallas, TX 75201",4,12919.21,7.0,904.34,10393.85,2022-08-12,0,5.0
INV-2022-0101,2022-05-30,5,2022-08-02,Net 64,64,USD,V096,Sterling Security Corp,"5995 Enterprise Ave, Dallas, GA 64756",billing@sterling-security.com,VP-7611653,Technology,SmartInvoiceInc,"100 Commerce Blvd, Dallas, TX 75201",5,15988.92,8.0,1279.11,1.0,2022-08-02,0,5.0
INV-2024-0211,2024-09-24,9,2024-09-25,Net 1,1,USD,V002,Vanguard Supplies Group,"6899 Industrial Dr, Seattle, NY 96672",billing@vanguard-supplies.com,XS-7319707,Manufacturing,SmartInvoiceInc,"100 Commerce Blvd, Dallas, TX 75201",2,47363.32,7.0,3315.43,39944.98,2024-10-10,1,5.0
INV-2022-0077,2022-11-05,11,2022-11-22,Net 17,17,USD,V059,Global Medical Co,"2998 Venture Blvd, Los Angeles, CO 24060",billing@global-medical.com,JY-1829735,Services,SmartInvoiceInc,"100 Commerce Blvd, Dallas, TX 75201",22,44208.19,7.5,3315.61,40290.95,2022-11-22,0,5.0
INV-2024-0112,2024-07-04,7,2024-07-31,Net 27,27,USD,V100,Swift Capital Corp,"2767 Industrial Dr, Austin, IL 12983",billing@swift-capital.com,ZW-2841648,Retail,SmartInvoiceInc,"100 Commerce Blvd, Dallas, TX 75201",14,20703.51,6.25,1293.97,32429.02,2024-07-31,0,5.0
INV-2023-0052,2023-02-27,2,2023-03-28,Net 29,29,USD,V007,Pinnacle Legal LLC,"6765 Business Pkwy, San Francisco, FL 78385",billing@pinnacle-legal.com,TJ-4693305,Services,SmartInvoiceInc,"100 Commerce Blvd, Dallas, TX 75201",18,22787.59,6.25,1424.22,19104.12,2023-04-06,1,5.0
INV-2022-0214,2023-02-04,2,2023-03-04,Net 28,28,USD,V046,Titan Freight Co,"3445 Venture Blvd, New York, NY 44674",billing@titan-freight.com,OY-3319049,Technology,SmartInvoiceInc,"100 Commerce Blvd, Dallas, TX 75201",4,48861.84,6.25,3053.86,89023.46,2023-03-04,0,5.0
INV-2023-0196,2023-12-05,12,2023-12-30,Net 25,25,USD,V027,Delta Security Inc,"6290 Trade Center Dr, Dallas, TX 78866",billing@delta-security.com,PW-6118922,Retail,SmartInvoiceInc,"100 Commerce Blvd, Dallas, TX 75201",19,5084.96,7.5,381.37,1.0,2024-01-24,1,5.0
INV-2022-0008,2022-05-23,5,2022-07-04,Net 42,42,USD,V028,Pioneer Systems LLC,"5163 Business Pkwy, Chicago, IL 39703",billing@pioneer-systems.com,ZD-7655623,Manufacturing,SmartInvoiceInc,"100 Commerce Blvd, Dallas, TX 75201",14,40953.99,7.5,3071.55,44361.48,2022-07-04,0,5.0
INV-2024-0034,2024-03-01,3,2024-04-19,Net 49,49,USD,V026,Titan Partners Co,"5010 Enterprise Ave, New York, IL 71642",billing@titan-partners.com,ED-1423570,Retail,SmartInvoiceInc,"100 Commerce Blvd, Dallas, TX 75201",5,27570.36,6.25,1723.15,36455.26,2024-05-09,1,5.0
INV-2022-0147,2022-08-21,8,2022-10-04,Net 44,44,USD,V040,Elite Tech Co,"6369 Tech Park Way, Atlanta, GA 90719",billing@elite-tech.com,KV-2072647,Retail,SmartInvoiceInc,"100 Commerce Blvd, Dallas, TX 75201",12,41009.29,9.0,3690.84,55652.93,2022-10-04,0,5.0
INV-2023-0135,2023-05-16,5,2023-08-12,Net 88,88,USD,V047,Elite Energy Inc,"6329 Venture Blvd, Atlanta, TX 13596",billing@elite-energy.com,TY-1467010,Technology,SmartInvoiceInc,"100 Commerce Blvd, Dallas, TX 75201",2,11113.12,8.25,916.83,16359.49,2023-09-15,1,5.0
INV-2023-0254,2023-12-31,12,2024-02-17,Net 48,48,USD,V040,Elite Tech Co,"6369 Tech Park Way, Atlanta, GA 90719",billing@elite-tech.com,KV-2072647,Retail,SmartInvoiceInc,"100 Commerce Blvd, Dallas, TX 75201",14,36770.31,7.0,2573.92,48088.65,2024-02-17,0,5.0
INV-2022-0079,2022-04-10,4,2022-05-05,Net 25,25,USD,V016,Summit Freight Inc,"1465 Tech Park Way, Dallas, FL 26779",billing@summit-freight.com,IS-7197323,Technology,SmartInvoiceInc,"100 Commerce Blvd, Dallas, TX 75201",13,16985.23,7.0,1188.97,22392.84,2022-05-05,0,5.0
INV-2022-0165,2023-07-11,7,2023-09-10,Net 61,61,USD,V019,Pioneer Marketing Co,"5261 Venture Blvd, Miami, AZ 19348",billing@pioneer-marketing.com,CW-3276360,Manufacturing,SmartInvoiceInc,"100 Commerce Blvd, Dallas, TX 75201",10,39445.09,7.5,2958.38,39007.4,2023-09-10,0,5.0
INV-2023-0013,2023-02-03,2,2023-05-01,Net 87,87,USD,V065,Delta Tech Group,"2991 Industrial Dr, Austin, NY 85683",billing@delta-tech.com,DZ-8726890,Services,SmartInvoiceInc,"100 Commerce Blvd, Dallas, TX 75201",13,14929.04,8.5,1268.97,1.0,2023-05-01,0,5.0
INV-2022-0007,2022-04-28,4,2022-05-10,Net 12,12,USD,V073,Acme Systems Group,"3672 Innovation Rd, Dallas, TX 47148",billing@acme-systems.com,KV-6786265,Retail,SmartInvoiceInc,"100 Commerce Blvd, Dallas, TX 75201",4,40086.08,9.0,3607.75,37773.55,2022-06-07,1,5.0
INV-2023-0072,2023-03-24,3,2023-04-14,Net 21,21,USD,V097,Beacon Logistics LLC,"5487 Venture Blvd, Atlanta, AZ 37935",billing@beacon-logistics.com,JP-4813270,Manufacturing,SmartInvoiceInc,"100 Commerce Blvd, Dallas, TX 75201",9,33489.92,7.5,2511.74,40632.03,2023-04-14,0,5.0
INV-2022-0138,2022-08-04,8,2022-09-03,Net 30,30,USD,V061,Prime Solutions Co,"3787 Innovation Rd, Austin, GA 77506",billing@prime-solutions.com,FF-4369538,Services,SmartInvoiceInc,"100 Commerce Blvd, Dallas, TX 75201",11,32078.74,8.5,2726.69,35333.98,2022-09-03,0,5.0
INV-2024-0124,2024-07-07,7,2024-08-10,Net 34,34,USD,V036,Delta Partners Corp,"4463 Commerce Blvd, New York, IL 34285",billing@delta-partners.com,YQ-6165679,Healthcare,SmartInvoiceInc,"100 Commerce Blvd, Dallas, TX 75201",10,46845.89,8.0,3747.67,52345.48,2024-09-01,1,5.0
INV-2022-0025,2021-10-04,10,2021-10-05,Net 1,1,USD,V011,Acme Legal Group,"5826 Industrial Dr, Austin, CA 37350",billing@acme-legal.com,QZ-5833177,Manufacturing,SmartInvoiceInc,"100 Commerce Blvd, Dallas, TX 75201",21,15401.78,9.0,1386.16,21826.43,2021-10-29,1,5.0
INV-2023-0037,2023-07-03,7,2023-08-24,Net 52,52,USD,V068,Nexus Energy Group,"3976 Innovation Rd, Seattle, TX 75310",billing@nexus-energy.com,ZI-9887324,Technology,SmartInvoiceInc,"100 Commerce Blvd, Dallas, TX 75201",6,14411.39,7.5,1080.85,11200.17,2023-08-24,0,5.0
INV-2024-0121,2024-04-07,4,2024-05-02,Net 25,25,USD,V001,Metro Legal Co,"5791 Enterprise Ave, Miami, FL 64021",billing@metro-legal.com,MT-6143901,Services,SmartInvoiceInc,"100 Commerce Blvd, Dallas, TX 75201",6,6038.09,8.25,498.14,1.0,2024-05-12,1,5.0
INV-2023-0112,2023-06-16,6,2023-07-09,Net 23,23,USD,V092,Pinnacle Capital Co,"7579 Commerce Blvd, Seattle, FL 84478",billing@pinnacle-capital.com,TS-6703394,Retail,SmartInvoiceInc,"100 Commerce Blvd, Dallas, TX 75201",19,44143.69,8.25,3641.85,50663.77,2023-07-09,0,5.0
INV-2024-0064,2024-07-13,7,2024-08-23,Net 41,41,USD,V083,Metro Freight Group,"3694 Venture Blvd, Houston, NY 86918",billing@metro-freight.com,LT-7193956,Technology,SmartInvoiceInc,"100 Commerce Blvd, Dallas, TX 75201",1,14814.78,8.0,1185.18,8126.42,2024-08-23,0,5.0
INV-2024-0104,2024-03-20,3,2024-06-06,Net 78,78,USD,V027,Delta Security Inc,"6290 Trade Center Dr, Dallas, TX 78866",billing@delta-security.com,PW-6118922,Retail,SmartInvoiceInc,"100 Commerce Blvd, Dallas, TX 75201",13,27009.91,8.25,2228.32,25462.04,2024-06-06,0,5.0
INV-2022-0014,2022-01-13,1,2022-03-14,Net 60,60,USD,V052,Pinnacle Tech Corp,"8295 Business Pkwy, New York, TX 94471",billing@pinnacle-tech.com,FS-3357821,Technology,SmartInvoiceInc,"100 Commerce Blvd, Dallas, TX 75201",6,15735.89,9.0,1416.23,1.0,2022-03-14,0,5.0
INV-2024-0185,2024-06-18,6,2024-07-17,Net 29,29,USD,V036,Delta Partners Corp,"4463 Commerce Blvd, New York, IL 34285",billing@delta-partners.com,YQ-6165679,Healthcare,SmartInvoiceInc,"100 Commerce Blvd, Dallas, TX 75201",5,18989.25,7.0,1329.25,9303.78,2024-07-17,0,5.0
INV-2024-0194,2024-08-03,8,2024-08-18,Net 15,15,USD,V097,Beacon Logistics LLC,"5487 Venture Blvd, Atlanta, AZ 37935",billing@beacon-logistics.com,JP-4813270,Manufacturing,SmartInvoiceInc,"100 Commerce Blvd, Dallas, TX 75201",12,4343.22,8.25,358.32,12934.82,2024-08-18,0,5.0
INV-2024-0228,2025-02-08,2,2025-02-16,Net 8,8,USD,V022,Acme Capital Inc,"8802 Corporate Ln, Atlanta, FL 45909",billing@acme-capital.com,SL-9415398,Services,SmartInvoiceInc,"100 Commerce Blvd, Dallas, TX 75201",1,34008.57,6.25,2125.54,67247.72,2025-03-04,1,5.0
INV-2024-0242,2024-11-13,11,2024-12-15,Net 32,32,USD,V067,Horizon Parts Group,"7883 Industrial Dr, Atlanta, TX 66942",billing@horizon-parts.com,HK-3792427,Retail,SmartInvoiceInc,"100 Commerce Blvd, Dallas, TX 75201",1,8438.09,8.25,696.14,23170.1,2024-12-15,0,5.0
INV-2022-0063,2022-01-27,1,2022-02-25,Net 29,29,USD,V032,Pacific Logistics Inc,"7549 Trade Center Dr, New York, TX 56540",billing@pacific-logistics.com,AB-8153768,Services,SmartInvoiceInc,"100 Commerce Blvd, Dallas, TX 75201",17,11865.11,9.0,1067.86,37161.52,2022-02-25,0,5.0
INV-2024-0129,2024-06-22,6,2024-07-21,Net 29,29,USD,V085,Nexus Security Inc,"3286 Commerce Blvd, Atlanta, WA 70774",billing@nexus-security.com,IV-3245909,Services,SmartInvoiceInc,"100 Commerce Blvd, Dallas, TX 75201",6,36753.85,7.0,2572.77,62998.68,2024-08-23,1,5.0
INV-2022-0088,2022-06-02,6,2022-06-10,Net 8,8,USD,V030,Delta Solutions Group,"2879 Tech Park Way, New York, CA 66178",billing@delta-solutions.com,EO-6187480,Manufacturing,SmartInvoiceInc,"100 Commerce Blvd, Dallas, TX 75201",3,36754.49,7.5,2756.59,40930.06,2022-06-20,1,5.0
INV-2024-0017,2024-01-16,1,2024-02-20,Net 35,35,USD,V036,Delta Partners Corp,"4463 Commerce Blvd, New York, IL 34285",billing@delta-partners.com,YQ-6165679,Healthcare,SmartInvoiceInc,"100 Commerce Blvd, Dallas, TX 75201",10,10988.77,7.5,824.16,11620.94,2024-03-10,1,5.0
INV-2023-0224,2023-08-25,8,2023-09-27,Net 33,33,USD,V015,Prime Parts Group,"3540 Corporate Ln, Miami, CO 78450",billing@prime-parts.com,IQ-6781565,Retail,SmartInvoiceInc,"100 Commerce Blvd, Dallas, TX 75201",5,49319.21,6.25,3082.45,48572.59,2023-10-30,1,5.0
INV-2022-0206,2023-03-03,3,2023-04-04,Net 32,32,USD,V019,Pioneer Marketing Co,"5261 Venture Blvd, Miami, AZ 19348",billing@pioneer-marketing.com,CW-3276360,Manufacturing,SmartInvoiceInc,"100 Commerce Blvd, Dallas, TX 75201",10,20887.3,7.0,1462.11,57419.78,2023-05-08,1,5.0
INV-2023-0235,2024-04-23,4,2024-05-26,Net 33,33,USD,V013,Summit Partners Corp,"512 Innovation Rd, Los Angeles, CO 70692",billing@summit-partners.com,YD-8122313,Healthcare,SmartInvoiceInc,"100 Commerce Blvd, Dallas, TX 75201",2,31755.24,9.0,2857.97,30272.3,2024-06-24,1,5.0
INV-2022-0186,2022-10-15,10,2022-12-21,Net 67,67,USD,V039,Elite Labs Group,"237 Innovation Rd, Dallas, AZ 29963",billing@elite-labs.com,TX-2849396,Manufacturing,SmartInvoiceInc,"100 Commerce Blvd, Dallas, TX 75201",8,10709.48,8.25,883.53,16713.74,2022-12-21,0,5.0
INV-2022-0203,2022-09-11,9,2022-10-13,Net 32,32,USD,V067,Horizon Parts Group,"7883 Industrial Dr, Atlanta, TX 66942",billing@horizon-parts.com,HK-3792427,Retail,SmartInvoiceInc,"100 Commerce Blvd, Dallas, TX 75201",16,47596.38,6.25,2974.77,53336.21,2022-10-30,1,5.0
INV-2024-0134,2024-06-14,6,2024-07-04,Net 20,20,USD,V043,Swift Partners LLC,"7340 Venture Blvd, Atlanta, CO 53221",billing@swift-partners.com,OX-4125354,Healthcare,SmartInvoiceInc,"100 Commerce Blvd, Dallas, TX 75201",1,28253.58,8.25,2330.92,28376.24,2024-07-30,1,5.0
INV-2023-0207,2023-08-02,8,2023-08-15,Net 13,13,USD,V016,Summit Freight Inc,"1465 Tech Park Way, Dallas, FL 26779",billing@summit-freight.com,IS-7197323,Technology,SmartInvoiceInc,"100 Commerce Blvd, Dallas, TX 75201",9,27015.0,6.25,1688.44,16281.07,2023-08-15,0,5.0
INV-2023-0134,2023-07-26,7,2023-10-20,Net 86,86,USD,V086,Swift Consulting Group,"6909 Venture Blvd, Houston, GA 84532",billing@swift-consulting.com,KF-2014929,Healthcare,SmartInvoiceInc,"100 Commerce Blvd, Dallas, TX 75201",9,24512.19,7.5,1838.41,15963.73,2023-10-27,1,5.0
INV-2022-0211,2022-10-31,10,2022-11-29,Net 29,29,USD,V078,Beacon Legal LLC,"1581 Tech Park Way, Houston, TX 91974",billing@beacon-legal.com,RG-8449607,Technology,SmartInvoiceInc,"100 Commerce Blvd, Dallas, TX 75201",18,41119.64,6.25,2569.98,4521.73,2022-11-29,0,5.0
INV-2024-0103,2024-06-06,6,2024-07-20,Net 44,44,USD,V003,Global Logistics LLC,"9032 Venture Blvd, San Francisco, GA 11150",billing@global-logistics.com,IL-7095929,Manufacturing,SmartInvoiceInc,"100 Commerce Blvd, Dallas, TX 75201",17,19697.39,7.0,1378.82,23088.81,2024-07-20,0,5.0
INV-2024-0268,2024-12-10,12,2025-01-12,Net 33,33,USD,V048,Pacific Tech Co,"9461 Market St, New York, CA 22910",billing@pacific-tech.com,HH-9469872,Retail,SmartInvoiceInc,"100 Commerce Blvd, Dallas, TX 75201",2,43928.85,8.0,3514.31,45219.37,2025-02-21,1,5.0
INV-2024-0148,2024-07-09,7,2024-07-31,Net 22,22,USD,V036,Delta Partners Corp,"4463 Commerce Blvd, New York, IL 34285",billing@delta-partners.com,YQ-6165679,Healthcare,SmartInvoiceInc,"100 Commerce Blvd, Dallas, TX 75201",23,32591.74,8.25,2688.82,35933.0,2024-08-13,1,5.0
INV-2024-0021,2024-03-29,3,2024-04-02,Net 4,4,USD,V045,Apex Freight Co,"6909 Innovation Rd, Austin, GA 15122",billing@apex-freight.com,OW-4708654,Retail,SmartInvoiceInc,"100 Commerce Blvd, Dallas, TX 75201",12,11961.65,8.25,986.84,16128.58,2024-04-02,0,5.0
INV-2022-0031,2022-05-16,5,2022-07-07,Net 52,52,USD,V093,Delta Labs Corp,"7201 Industrial Dr, Atlanta, AZ 11524",billing@delta-labs.com,II-7984720,Technology,SmartInvoiceInc,"100 Commerce Blvd, Dallas, TX 75201",13,3965.17,8.5,337.04,10868.66,2022-07-07,0,5.0
INV-2023-0057,2022-06-09,6,2022-07-07,Net 28,28,USD,V059,Global Medical Co,"2998 Venture Blvd, Los Angeles, CO 24060",billing@global-medical.com,JY-1829735,Services,SmartInvoiceInc,"100 Commerce Blvd, Dallas, TX 75201",9,23479.81,8.0,1878.38,34414.9,2022-08-07,1,5.0
INV-2022-0070,2021-10-15,10,2021-11-30,Net 46,46,USD,V096,Sterling Security Corp,"5995 Enterprise Ave, Dallas, GA 64756",billing@sterling-security.com,VP-7611653,Technology,SmartInvoiceInc,"100 Commerce Blvd, Dallas, TX 75201",14,41652.7,6.25,2603.29,38620.17,2021-11-30,0,5.0
INV-2022-0245,2023-04-10,4,2023-06-09,Net 60,60,USD,V031,Titan Capital LLC,"2971 Industrial Dr, San Francisco, GA 11015",billing@titan-capital.com,AV-9416320,Manufacturing,SmartInvoiceInc,"100 Commerce Blvd, Dallas, TX 75201",3,38754.07,9.0,3487.87,30713.81,2023-07-15,1,5.0
INV-2024-0127,2024-04-24,4,2024-05-15,Net 21,21,USD,V008,Apex Security LLC,"9923 Commerce Blvd, Chicago, IL 26364",billing@apex-security.com,DP-2100567,Manufacturing,SmartInvoiceInc,"100 Commerce Blvd, Dallas, TX 75201",9,26293.12,8.5,2234.92,33225.2,2024-05-15,0,5.0
INV-2024-0095,2024-04-28,4,2024-06-24,Net 57,57,USD,V058,Alpha Parts Inc,"5515 Business Pkwy, Chicago, CO 68596",billing@alpha-parts.com,NC-1873172,Healthcare,SmartInvoiceInc,"100 Commerce Blvd, Dallas, TX 75201",18,1224.1,7.5,91.81,11683.1,2024-06-24,0,5.0
INV-2022-0115,2022-07-04,7,2022-08-24,Net 51,51,USD,V029,Nexus Freight Group,"639 Enterprise Ave, Atlanta, FL 30159",billing@nexus-freight.com,VQ-5010912,Healthcare,SmartInvoiceInc,"100 Commerce Blvd, Dallas, TX 75201",22,33292.96,9.0,2996.37,76715.96,2022-08-24,0,5.0
INV-2024-0172,2024-04-23,4,2024-05-24,Net 31,31,USD,V029,Nexus Freight Group,"639 Enterprise Ave, Atlanta, FL 30159",billing@nexus-freight.com,VQ-5010912,Healthcare,SmartInvoiceInc,"100 Commerce Blvd, Dallas, TX 75201",10,13282.44,9.0,1195.42,49512.43,2024-05-24,0,5.0
INV-2022-0026,2021-10-22,10,2021-11-17,Net 26,26,USD,V064,Swift Labs Inc,"6128 Market St, Chicago, FL 50631",billing@swift-labs.com,OH-7356228,Healthcare,SmartInvoiceInc,"100 Commerce Blvd, Dallas, TX 75201",11,42702.96,8.25,3522.99,53734.95,2021-11-17,0,5.0
INV-2023-0032,2023-03-31,3,2023-06-02,Net 63,63,USD,V042,Summit Capital Co,"5685 Venture Blvd, New York, IL 49749",billing@summit-capital.com,AE-3245131,Manufacturing,SmartInvoiceInc,"100 Commerce Blvd, Dallas, TX 75201",17,21041.08,7.5,1578.08,94275.39,2023-06-02,0,5.0
INV-2024-0061,2024-04-20,4,2024-07-02,Net 73,73,USD,V008,Apex Security LLC,"9923 Commerce Blvd, Chicago, IL 26364",billing@apex-security.com,DP-2100567,Manufacturing,SmartInvoiceInc,"100 Commerce Blvd, Dallas, TX 75201",8,30188.68,7.0,2113.21,29197.38,2024-07-02,0,5.0
INV-2023-0115,2023-06-22,6,2023-08-03,Net 42,42,USD,V076,Bright Cloud Inc,"4624 Innovation Rd, Austin, CA 43536",billing@bright-cloud.com,NS-1703662,Manufacturing,SmartInvoiceInc,"100 Commerce Blvd, Dallas, TX 75201",13,37414.79,6.25,2338.42,11295.63,2023-08-03,0,5.0
INV-2024-0002,2023-12-27,12,2024-02-09,Net 44,44,USD,V050,Alpha Logistics Inc,"1560 Business Pkwy, San Francisco, OH 11605",billing@alpha-logistics.com,WP-3255363,Services,SmartInvoiceInc,"100 Commerce Blvd, Dallas, TX 75201",25,41180.63,7.0,2882.64,44309.19,2024-02-09,0,5.0
INV-2023-0128,2023-07-14,7,2023-08-17,Net 34,34,USD,V062,Vanguard Security LLC,"5667 Market St, Dallas, FL 35053",billing@vanguard-security.com,GD-7867100,Technology,SmartInvoiceInc,"100 Commerce Blvd, Dallas, TX 75201",20,32019.7,7.5,2401.48,34111.23,2023-08-17,0,5.0
INV-2024-0169,2024-09-15,9,2024-10-03,Net 18,18,USD,V001,Metro Legal Co,"5791 Enterprise Ave, Miami, FL 64021",billing@metro-legal.com,MT-6143901,Services,SmartInvoiceInc,"100 Commerce Blvd, Dallas, TX 75201",13,41382.93,8.25,3414.09,46922.62,2024-10-03,0,5.0
INV-2022-0110,2022-09-03,9,2022-10-13,Net 40,40,USD,V013,Summit Partners Corp,"512 Innovation Rd, Los Angeles, CO 70692",billing@summit-partners.com,YD-8122313,Healthcare,SmartInvoiceInc,"100 Commerce Blvd, Dallas, TX 75201",2,41276.49,7.0,2889.35,24919.44,2022-10-13,0,5.0
INV-2024-0161,2024-08-14,8,2024-09-30,Net 47,47,USD,V079,Alpha Partners Inc,"6054 Innovation Rd, Miami, WA 66373",billing@alpha-partners.com,YO-4185714,Technology,SmartInvoiceInc,"100 Commerce Blvd, Dallas, TX 75201",1,23345.38,9.0,2101.08,30621.27,2024-10-20,1,5.0
INV-2023-0179,2022-12-22,12,2023-02-16,Net 56,56,USD,V084,Bright Medical LLC,"7183 Tech Park Way, Los Angeles, AZ 27771",billing@bright-medical.com,XQ-6499593,Services,SmartInvoiceInc,"100 Commerce Blvd, Dallas, TX 75201",1,21901.14,6.25,1368.82,22394.21,2023-02-16,0,5.0
INV-2023-0042,2023-07-16,7,2023-08-11,Net 26,26,USD,V022,Acme Capital Inc,"8802 Corporate Ln, Atlanta, FL 45909",billing@acme-capital.com,SL-9415398,Services,SmartInvoiceInc,"100 Commerce Blvd, Dallas, TX 75201",8,41304.18,8.0,3304.33,40600.43,2023-08-17,1,5.0
INV-2024-0098,2024-05-09,5,2024-06-21,Net 43,43,USD,V089,Delta Energy Group,"6236 Enterprise Ave, Miami, AZ 69052",billing@delta-energy.com,QZ-9752084,Retail,SmartInvoiceInc,"100 Commerce Blvd, Dallas, TX 75201",12,44461.85,9.0,4001.57,50201.41,2024-06-21,0,5.0
INV-2023-0154,2024-01-18,1,2024-03-09,Net 51,51,USD,V077,Pioneer Data LLC,"6745 Commerce Blvd, Houston, OH 35522",billing@pioneer-data.com,DA-6517366,Services,SmartInvoiceInc,"100 Commerce Blvd, Dallas, TX 75201",19,42321.13,7.5,3174.08,50656.47,2024-03-09,0,5.0
INV-2022-0227,2022-10-08,10,2022-12-13,Net 66,66,USD,V038,Horizon Freight Corp,"1431 Trade Center Dr, New York, TX 52318",billing@horizon-freight.com,WJ-2296516,Healthcare,SmartInvoiceInc,"100 Commerce Blvd, Dallas, TX 75201",22,45203.14,8.25,3729.26,85549.49,2022-12-13,0,5.0
INV-2024-0151,2024-10-08,10,2024-10-28,Net 20,20,USD,V096,Sterling Security Corp,"5995 Enterprise Ave, Dallas, GA 64756",billing@sterling-security.com,VP-7611653,Technology,SmartInvoiceInc,"100 Commerce Blvd, Dallas, TX 75201",13,783.07,7.5,58.73,2462.05,2024-11-12,1,5.0
INV-2022-0193,2021-07-21,7,2021-08-05,Net 15,15,USD,V016,Summit Freight Inc,"1465 Tech Park Way, Dallas, FL 26779",billing@summit-freight.com,IS-7197323,Technology,SmartInvoiceInc,"100 Commerce Blvd, Dallas, TX 75201",12,6938.99,8.0,555.12,11083.0,2021-08-05,0,5.0
INV-2024-0022,2023-09-10,9,2023-10-21,Net 41,41,USD,V021,Swift Ventures LLC,"9509 Enterprise Ave, San Francisco, OH 36962",billing@swift-ventures.com,HP-7243669,Retail,SmartInvoiceInc,"100 Commerce Blvd, Dallas, TX 75201",5,1178.08,8.0,94.25,1.0,2023-10-21,0,5.0
INV-2022-0126,2022-05-14,5,2022-06-04,Net 21,21,USD,V035,Pioneer Parts Co,"816 Market St, Dallas, TX 55543",billing@pioneer-parts.com,BH-9896761,Manufacturing,SmartInvoiceInc,"100 Commerce Blvd, Dallas, TX 75201",1,1348.91,7.0,94.42,6330.88,2022-06-04,0,5.0
INV-2023-0197,2023-09-09,9,2023-11-05,Net 57,57,USD,V100,Swift Capital Corp,"2767 Industrial Dr, Austin, IL 12983",billing@swift-capital.com,ZW-2841648,Retail,SmartInvoiceInc,"100 Commerce Blvd, Dallas, TX 75201",23,25825.97,7.0,1807.82,47657.12,2023-11-05,0,5.0
INV-2023-0126,2023-02-07,2,2023-02-14,Net 7,7,USD,V080,Vanguard Legal Group,"3154 Innovation Rd, Houston, NY 44911",billing@vanguard-legal.com,XN-8021855,Services,SmartInvoiceInc,"100 Commerce Blvd, Dallas, TX 75201",10,19834.38,8.0,1586.75,20865.44,2023-02-14,0,5.0
INV-2022-0021,2021-12-08,12,2022-02-09,Net 63,63,USD,V019,Pioneer Marketing Co,"5261 Venture Blvd, Miami, AZ 19348",billing@pioneer-marketing.com,CW-3276360,Manufacturing,SmartInvoiceInc,"100 Commerce Blvd, Dallas, TX 75201",1,35516.15,7.5,2663.71,45910.28,2022-02-09,0,5.0
INV-2024-0131,2024-03-02,3,2024-03-19,Net 17,17,USD,V048,Pacific Tech Co,"9461 Market St, New York, CA 22910",billing@pacific-tech.com,HH-9469872,Retail,SmartInvoiceInc,"100 Commerce Blvd, Dallas, TX 75201",15,46492.41,9.0,4184.32,71656.12,2024-03-19,0,5.0
INV-2024-0099,2024-09-05,9,2024-10-29,Net 54,54,USD,V063,Bright Capital Inc,"1050 Commerce Blvd, Los Angeles, OH 69201",billing@bright-capital.com,JE-8583354,Manufacturing,SmartInvoiceInc,"100 Commerce Blvd, Dallas, TX 75201",1,49783.74,8.0,3982.7,61468.12,2024-10-29,0,5.0
INV-2024-0052,2024-02-20,2,2024-04-27,Net 67,67,USD,V042,Summit Capital Co,"5685 Venture Blvd, New York, IL 49749",billing@summit-capital.com,AE-3245131,Manufacturing,SmartInvoiceInc,"100 Commerce Blvd, Dallas, TX 75201",6,29861.33,7.5,2239.6,210.69,2024-04-27,0,5.0
INV-2022-0072,2022-01-11,1,2022-01-26,Net 15,15,USD,V061,Prime Solutions Co,"3787 Innovation Rd, Austin, GA 77506",billing@prime-solutions.com,FF-4369538,Services,SmartInvoiceInc,"100 Commerce Blvd, Dallas, TX 75201",18,5948.13,7.5,446.11,11347.55,2022-01-31,1,5.0
INV-2024-0019,2023-10-03,10,2023-10-18,Net 15,15,USD,V087,Bright Energy LLC,"5575 Trade Center Dr, New York, CA 49952",billing@bright-energy.com,EY-6888997,Manufacturing,SmartInvoiceInc,"100 Commerce Blvd, Dallas, TX 75201",15,3955.13,8.5,336.19,1.0,2023-10-25,1,5.0
INV-2023-0084,2023-03-24,3,2023-03-25,Net 1,1,USD,V004,Metro Medical Inc,"7905 Business Pkwy, Atlanta, WA 66556",billing@metro-medical.com,UA-8474447,Healthcare,SmartInvoiceInc,"100 Commerce Blvd, Dallas, TX 75201",15,10606.24,8.5,901.53,21289.48,2023-04-11,1,5.0
INV-2024-0156,2024-08-13,8,2024-10-22,Net 70,70,USD,V093,Delta Labs Corp,"7201 Industrial Dr, Atlanta, AZ 11524",billing@delta-labs.com,II-7984720,Technology,SmartInvoiceInc,"100 Commerce Blvd, Dallas, TX 75201",1,3499.94,7.0,245.0,8286.92,2024-10-22,0,5.0
INV-2023-0124,2023-10-10,10,2023-12-05,Net 56,56,USD,V059,Global Medical Co,"2998 Venture Blvd, Los Angeles, CO 24060",billing@global-medical.com,JY-1829735,Services,SmartInvoiceInc,"100 Commerce Blvd, Dallas, TX 75201",1,41988.67,8.5,3569.04,34229.19,2023-12-05,0,5.0
INV-2022-0224,2023-01-11,1,2023-02-11,Net 31,31,USD,V038,Horizon Freight Corp,"1431 Trade Center Dr, New York, TX 52318",billing@horizon-freight.com,WJ-2296516,Healthcare,SmartInvoiceInc,"100 Commerce Blvd, Dallas, TX 75201",17,8107.71,8.25,668.89,11461.11,2023-02-11,0,5.0
INV-2022-0002,2022-02-26,2,2022-04-16,Net 49,49,USD,V066,Global Marketing Co,"5879 Venture Blvd, Chicago, OH 22999",billing@global-marketing.com,WO-9464685,Services,SmartInvoiceInc,"100 Commerce Blvd, Dallas, TX 75201",10,29845.59,7.5,2238.42,40006.66,2022-04-24,1,5.0
INV-2023-0002,2023-01-05,1,2023-02-24,Net 50,50,USD,V029,Nexus Freight Group,"639 Enterprise Ave, Atlanta, FL 30159",billing@nexus-freight.com,VQ-5010912,Healthcare,SmartInvoiceInc,"100 Commerce Blvd, Dallas, TX 75201",19,30538.92,8.0,2443.11,26936.3,2023-04-08,1,5.0
INV-2022-0191,2022-06-10,6,2022-08-16,Net 67,67,USD,V007,Pinnacle Legal LLC,"6765 Business Pkwy, San Francisco, FL 78385",billing@pinnacle-legal.com,TJ-4693305,Services,SmartInvoiceInc,"100 Commerce Blvd, Dallas, TX 75201",13,48821.26,7.5,3661.59,46153.52,2022-08-16,0,5.0
INV-2024-0081,2023-07-08,7,2023-08-20,Net 43,43,USD,V088,Sterling Tech Group,"1722 Enterprise Ave, Seattle, OH 71396",billing@sterling-tech.com,YF-8369434,Manufacturing,SmartInvoiceInc,"100 Commerce Blvd, Dallas, TX 75201",10,49863.28,8.0,3989.06,42167.57,2023-09-06,1,5.0
INV-2024-0217,2024-08-18,8,2024-10-17,Net 60,60,USD,V095,Pacific Supplies Group,"2422 Enterprise Ave, Dallas, TX 59481",billing@pacific-supplies.com,YW-8599600,Retail,SmartInvoiceInc,"100 Commerce Blvd, Dallas, TX 75201",6,47068.28,8.25,3883.13,48231.04,2024-11-06,1,5.0
INV-2023-0136,2023-06-26,6,2023-08-20,Net 55,55,USD,V053,Pinnacle Labs LLC,"946 Innovation Rd, Seattle, NY 98236",billing@pinnacle-labs.com,LE-1064323,Services,SmartInvoiceInc,"100 Commerce Blvd, Dallas, TX 75201",11,40940.21,7.0,2865.81,45565.93,2023-08-20,0,5.0
INV-2022-0217,2022-11-21,11,2023-01-01,Net 41,41,USD,V019,Pioneer Marketing Co,"5261 Venture Blvd, Miami, AZ 19348",billing@pioneer-marketing.com,CW-3276360,Manufacturing,SmartInvoiceInc,"100 Commerce Blvd, Dallas, TX 75201",8,39575.77,9.0,3561.82,47752.8,2023-02-04,1,5.0
INV-2023-0009,2023-10-09,10,2023-11-07,Net 29,29,USD,V020,Titan Systems LLC,"2639 Commerce Blvd, New York, GA 31677",billing@titan-systems.com,MH-7646705,Services,SmartInvoiceInc,"100 Commerce Blvd, Dallas, TX 75201",11,47147.98,8.0,3771.84,35219.42,2023-11-27,1,5.0
INV-2022-0015,2022-01-07,1,2022-01-17,Net 10,10,USD,V003,Global Logistics LLC,"9032 Venture Blvd, San Francisco, GA 11150",billing@global-logistics.com,IL-7095929,Manufacturing,SmartInvoiceInc,"100 Commerce Blvd, Dallas, TX 75201",3,6164.36,8.0,493.15,12839.08,2022-02-26,1,5.0
INV-2023-0104,2023-06-29,6,2023-08-11,Net 43,43,USD,V011,Acme Legal Group,"5826 Industrial Dr, Austin, CA 37350",billing@acme-legal.com,QZ-5833177,Manufacturing,SmartInvoiceInc,"100 Commerce Blvd, Dallas, TX 75201",1,11375.49,8.0,910.04,1.0,2023-08-11,0,5.0
INV-2022-0152,2022-09-04,9,2022-09-22,Net 18,18,USD,V028,Pioneer Systems LLC,"5163 Business Pkwy, Chicago, IL 39703",billing@pioneer-systems.com,ZD-7655623,Manufacturing,SmartInvoiceInc,"100 Commerce Blvd, Dallas, TX 75201",7,33862.71,8.0,2709.02,44940.18,2022-10-14,1,5.0
INV-2022-0094,2022-05-20,5,2022-06-29,Net 40,40,USD,V004,Metro Medical Inc,"7905 Business Pkwy, Atlanta, WA 66556",billing@metro-medical.com,UA-8474447,Healthcare,SmartInvoiceInc,"100 Commerce Blvd, Dallas, TX 75201",19,17460.93,9.0,1571.48,19866.57,2022-06-29,0,5.0
INV-2024-0083,2023-12-14,12,2023-12-25,Net 11,11,USD,V087,Bright Energy LLC,"5575 Trade Center Dr, New York, CA 49952",billing@bright-energy.com,EY-6888997,Manufacturing,SmartInvoiceInc,"100 Commerce Blvd, Dallas, TX 75201",2,41551.05,7.5,3116.33,41843.49,2023-12-25,0,5.0
INV-2024-0115,2024-06-10,6,2024-07-04,Net 24,24,USD,V096,Sterling Security Corp,"5995 Enterprise Ave, Dallas, GA 64756",billing@sterling-security.com,VP-7611653,Technology,SmartInvoiceInc,"100 Commerce Blvd, Dallas, TX 75201",10,24185.56,7.0,1692.99,9117.9,2024-07-04,0,5.0
INV-2022-0027,2021-09-01,9,2021-11-05,Net 65,65,USD,V024,Nexus Marketing Group,"6719 Innovation Rd, Atlanta, GA 62224",billing@nexus-marketing.com,CM-6304509,Technology,SmartInvoiceInc,"100 Commerce Blvd, Dallas, TX 75201",16,14045.2,8.5,1193.84,17549.62,2021-11-05,0,5.0
INV-2022-0051,2022-03-27,3,2022-05-12,Net 46,46,USD,V065,Delta Tech Group,"2991 Industrial Dr, Austin, NY 85683",billing@delta-tech.com,DZ-8726890,Services,SmartInvoiceInc,"100 Commerce Blvd, Dallas, TX 75201",11,41207.87,7.0,2884.55,39839.78,2022-06-15,1,5.0
INV-2022-0169,2022-10-25,10,2022-12-14,Net 50,50,USD,V009,Nexus Cloud Inc,"9187 Market St, Chicago, CA 21938",billing@nexus-cloud.com,AA-2404330,Healthcare,SmartInvoiceInc,"100 Commerce Blvd, Dallas, TX 75201",9,17679.59,7.0,1237.57,1.0,2022-12-14,0,5.0
INV-2023-0075,2023-03-10,3,2023-03-27,Net 17,17,USD,V040,Elite Tech Co,"6369 Tech Park Way, Atlanta, GA 90719",billing@elite-tech.com,KV-2072647,Retail,SmartInvoiceInc,"100 Commerce Blvd, Dallas, TX 75201",15,10362.67,9.0,932.64,26980.3,2023-03-27,0,5.0
INV-2022-0195,2022-08-13,8,2022-08-31,Net 18,18,USD,V039,Elite Labs Group,"237 Innovation Rd, Dallas, AZ 29963",billing@elite-labs.com,TX-2849396,Manufacturing,SmartInvoiceInc,"100 Commerce Blvd, Dallas, TX 75201",19,38375.44,8.0,3070.04,33312.64,2022-09-21,1,5.0
INV-2024-0142,2024-12-16,12,2025-01-01,Net 16,16,USD,V082,Acme Labs Inc,"2298 Enterprise Ave, Austin, NY 23859",billing@acme-labs.com,RB-3008960,Healthcare,SmartInvoiceInc,"100 Commerce Blvd, Dallas, TX 75201",11,32974.72,8.0,2637.98,43556.38,2025-01-20,1,5.0
INV-2022-0183,2022-07-10,7,2022-08-28,Net 49,49,USD,V060,Elite Parts Co,"6665 Commerce Blvd, Miami, TX 29096",billing@elite-parts.com,QA-4681262,Manufacturing,SmartInvoiceInc,"100 Commerce Blvd, Dallas, TX 75201",5,40086.04,9.0,3607.74,49923.87,2022-08-28,0,5.0
INV-2024-0240,2024-11-09,11,2024-11-10,Net 1,1,USD,V059,Global Medical Co,"2998 Venture Blvd, Los Angeles, CO 24060",billing@global-medical.com,JY-1829735,Services,SmartInvoiceInc,"100 Commerce Blvd, Dallas, TX 75201",13,10222.75,6.25,638.92,18071.15,2024-11-10,0,5.0
INV-2023-0191,2023-08-01,8,2023-09-06,Net 36,36,USD,V006,Apex Solutions Co,"2241 Market St, San Francisco, AZ 45247",billing@apex-solutions.com,UG-6698848,Healthcare,SmartInvoiceInc,"100 Commerce Blvd, Dallas, TX 75201",1,29176.07,7.0,2042.32,1.0,2023-09-06,0,5.0
INV-2022-0175,2022-11-08,11,2022-12-18,Net 40,40,USD,V054,Swift Medical Group,"324 Market St, Dallas, TX 88477",billing@swift-medical.com,FE-9671370,Retail,SmartInvoiceInc,"100 Commerce Blvd, Dallas, TX 75201",15,46649.98,8.25,3848.62,27186.41,2022-12-18,0,5.0
INV-2023-0172,2024-05-02,5,2024-05-03,Net 1,1,USD,V063,Bright Capital Inc,"1050 Commerce Blvd, Los Angeles, OH 69201",billing@bright-capital.com,JE-8583354,Manufacturing,SmartInvoiceInc,"100 Commerce Blvd, Dallas, TX 75201",15,11326.14,8.25,934.41,9892.81,2024-05-03,0,5.0
INV-2024-0085,2024-04-08,4,2024-05-05,Net 27,27,USD,V080,Vanguard Legal Group,"3154 Innovation Rd, Houston, NY 44911",billing@vanguard-legal.com,XN-8021855,Services,SmartInvoiceInc,"100 Commerce Blvd, Dallas, TX 75201",2,48511.36,8.5,4123.47,43296.92,2024-05-19,1,5.0
INV-2024-0096,2024-06-12,6,2024-07-26,Net 44,44,USD,V032,Pacific Logistics Inc,"7549 Trade Center Dr, New York, TX 56540",billing@pacific-logistics.com,AB-8153768,Services,SmartInvoiceInc,"100 Commerce Blvd, Dallas, TX 75201",10,18685.84,7.5,1401.44,20329.08,2024-07-26,0,5.0
INV-2022-0097,2022-05-31,5,2022-07-11,Net 41,41,USD,V059,Global Medical Co,"2998 Venture Blvd, Los Angeles, CO 24060",billing@global-medical.com,JY-1829735,Services,SmartInvoiceInc,"100 Commerce Blvd, Dallas, TX 75201",2,9168.6,6.25,573.04,1.0,2022-08-11,1,5.0
INV-2024-0187,2024-12-16,12,2025-01-03,Net 18,18,USD,V085,Nexus Security Inc,"3286 Commerce Blvd, Atlanta, WA 70774",billing@nexus-security.com,IV-3245909,Services,SmartInvoiceInc,"100 Commerce Blvd, Dallas, TX 75201",26,12858.61,8.5,1092.98,22363.86,2025-01-03,0,5.0
INV-2023-0111,2023-01-03,1,2023-02-17,Net 45,45,USD,V045,Apex Freight Co,"6909 Innovation Rd, Austin, GA 15122",billing@apex-freight.com,OW-4708654,Retail,SmartInvoiceInc,"100 Commerce Blvd, Dallas, TX 75201",2,39733.44,8.0,3178.68,39861.48,2023-02-17,0,5.0
INV-2022-0213,2022-11-08,11,2022-12-07,Net 29,29,USD,V081,Acme Consulting Group,"5719 Enterprise Ave, New York, IL 96925",billing@acme-consulting.com,WP-5241361,Manufacturing,SmartInvoiceInc,"100 Commerce Blvd, Dallas, TX 75201",4,23187.02,9.0,2086.83,26425.69,2022-12-31,1,5.0
INV-2023-0152,2023-06-24,6,2023-09-21,Net 89,89,USD,V058,Alpha Parts Inc,"5515 Business Pkwy, Chicago, CO 68596",billing@alpha-parts.com,NC-1873172,Healthcare,SmartInvoiceInc,"100 Commerce Blvd, Dallas, TX 75201",11,47450.9,9.0,4270.58,52528.44,2023-09-29,1,5.0
INV-2024-0110,2024-06-07,6,2024-07-12,Net 35,35,USD,V059,Global Medical Co,"2998 Venture Blvd, Los Angeles, CO 24060",billing@global-medical.com,JY-1829735,Services,SmartInvoiceInc,"100 Commerce Blvd, Dallas, TX 75201",12,45467.51,9.0,4092.08,39053.74,2024-08-09,1,5.0
INV-2023-0226,2023-10-27,10,2023-11-12,Net 16,16,USD,V089,Delta Energy Group,"6236 Enterprise Ave, Miami, AZ 69052",billing@delta-energy.com,QZ-9752084,Retail,SmartInvoiceInc,"100 Commerce Blvd, Dallas, TX 75201",17,30955.06,8.5,2631.18,31224.31,2023-11-29,1,5.0
INV-2022-0121,2022-08-13,8,2022-09-16,Net 34,34,USD,V030,Delta Solutions Group,"2879 Tech Park Way, New York, CA 66178",billing@delta-solutions.com,EO-6187480,Manufacturing,SmartInvoiceInc,"100 Commerce Blvd, Dallas, TX 75201",1,38587.72,8.25,3183.49,32626.77,2022-09-16,0,5.0
INV-2022-0200,2022-10-22,10,2022-11-17,Net 26,26,USD,V082,Acme Labs Inc,"2298 Enterprise Ave, Austin, NY 23859",billing@acme-labs.com,RB-3008960,Healthcare,SmartInvoiceInc,"100 Commerce Blvd, Dallas, TX 75201",12,2007.95,8.25,165.66,3840.38,2022-12-04,1,5.0
INV-2022-0113,2022-07-10,7,2022-09-01,Net 53,53,USD,V040,Elite Tech Co,"6369 Tech Park Way, Atlanta, GA 90719",billing@elite-tech.com,KV-2072647,Retail,SmartInvoiceInc,"100 Commerce Blvd, Dallas, TX 75201",24,33666.61,8.0,2693.33,16498.27,2022-09-01,0,5.0
INV-2023-0184,2023-12-11,12,2024-01-22,Net 42,42,USD,V095,Pacific Supplies Group,"2422 Enterprise Ave, Dallas, TX 59481",billing@pacific-supplies.com,YW-8599600,Retail,SmartInvoiceInc,"100 Commerce Blvd, Dallas, TX 75201",19,14284.3,6.25,892.77,19267.8,2024-01-23,1,5.0
INV-2024-0173,2024-12-09,12,2025-01-27,Net 49,49,USD,V044,Global Systems Inc,"1376 Market St, Chicago, OH 18717",billing@global-systems.com,ZW-1067661,Manufacturing,SmartInvoiceInc,"100 Commerce Blvd, Dallas, TX 75201",12,22727.42,6.25,1420.46,13562.08,2025-01-27,0,5.0
INV-2022-0225,2023-03-29,3,2023-04-12,Net 14,14,USD,V012,Beacon Tech LLC,"517 Tech Park Way, Atlanta, GA 13267",billing@beacon-tech.com,ZU-3922097,Healthcare,SmartInvoiceInc,"100 Commerce Blvd, Dallas, TX 75201",13,6023.85,6.25,376.49,1.0,2023-05-09,1,5.0
INV-2024-0182,2024-11-22,11,2025-01-15,Net 54,54,USD,V062,Vanguard Security LLC,"5667 Market St, Dallas, FL 35053",billing@vanguard-security.com,GD-7867100,Technology,SmartInvoiceInc,"100 Commerce Blvd, Dallas, TX 75201",6,30733.15,7.0,2151.32,25187.62,2025-01-15,0,5.0
INV-2023-0110,2023-06-22,6,2023-08-05,Net 44,44,USD,V011,Acme Legal Group,"5826 Industrial Dr, Austin, CA 37350",billing@acme-legal.com,QZ-5833177,Manufacturing,SmartInvoiceInc,"100 Commerce Blvd, Dallas, TX 75201",12,32750.03,6.25,2046.88,29917.25,2023-09-03,1,5.0
INV-2024-0249,2024-11-05,11,2024-11-06,Net 1,1,USD,V085,Nexus Security Inc,"3286 Commerce Blvd, Atlanta, WA 70774",billing@nexus-security.com,IV-3245909,Services,SmartInvoiceInc,"100 Commerce Blvd, Dallas, TX 75201",10,46492.66,8.5,3951.88,41006.39,2024-12-14,1,5.0
INV-2022-0180,2022-08-17,8,2022-09-17,Net 31,31,USD,V037,Delta Logistics Co,"4773 Tech Park Way, Miami, OH 75215",billing@delta-logistics.com,BF-1317537,Manufacturing,SmartInvoiceInc,"100 Commerce Blvd, Dallas, TX 75201",20,26474.41,6.25,1654.65,16558.42,2022-09-28,1,5.0
INV-2024-0055,2024-06-29,6,2024-06-30,Net 1,1,USD,V088,Sterling Tech Group,"1722 Enterprise Ave, Seattle, OH 71396",billing@sterling-tech.com,YF-8369434,Manufacturing,SmartInvoiceInc,"100 Commerce Blvd, Dallas, TX 75201",19,15041.91,7.5,1128.14,7917.71,2024-06-30,0,5.0
INV-2024-0234,2024-12-22,12,2025-02-01,Net 41,41,USD,V017,Nexus Labs Group,"817 Market St, Austin, AZ 15486",billing@nexus-labs.com,PU-8990340,Services,SmartInvoiceInc,"100 Commerce Blvd, Dallas, TX 75201",19,10019.34,8.0,801.55,15573.44,2025-02-01,0,5.0
INV-2022-0086,2023-10-25,10,2023-12-25,Net 61,61,USD,V037,Delta Logistics Co,"4773 Tech Park Way, Miami, OH 75215",billing@delta-logistics.com,BF-1317537,Manufacturing,SmartInvoiceInc,"100 Commerce Blvd, Dallas, TX 75201",20,37083.82,7.0,2595.87,45478.71,2023-12-25,0,5.0
INV-2024-0256,2024-12-28,12,2025-01-23,Net 26,26,USD,V036,Delta Partners Corp,"4463 Commerce Blvd, New York, IL 34285",billing@delta-partners.com,YQ-6165679,Healthcare,SmartInvoiceInc,"100 Commerce Blvd, Dallas, TX 75201",9,1009.08,6.25,63.07,1.0,2025-01-23,0,5.0
INV-2022-0133,2022-05-31,5,2022-06-29,Net 29,29,USD,V060,Elite Parts Co,"6665 Commerce Blvd, Miami, TX 29096",billing@elite-parts.com,QA-4681262,Manufacturing,SmartInvoiceInc,"100 Commerce Blvd, Dallas, TX 75201",17,15938.03,7.5,1195.35,34918.97,2022-07-27,1,5.0
INV-2023-0091,2024-02-19,2,2024-03-27,Net 37,37,USD,V001,Metro Legal Co,"5791 Enterprise Ave, Miami, FL 64021",billing@metro-legal.com,MT-6143901,Services,SmartInvoiceInc,"100 Commerce Blvd, Dallas, TX 75201",18,49588.96,6.25,3099.31,47314.7,2024-03-27,0,5.0
INV-2024-0269,2024-11-14,11,2025-01-05,Net 52,52,USD,V072,Elite Supplies LLC,"8170 Industrial Dr, Houston, TX 16783",billing@elite-supplies.com,KL-1996530,Technology,SmartInvoiceInc,"100 Commerce Blvd, Dallas, TX 75201",12,22914.28,8.5,1947.71,28270.3,2025-01-14,1,5.0
INV-2024-0082,2025-03-02,3,2025-05-07,Net 66,66,USD,V016,Summit Freight Inc,"1465 Tech Park Way, Dallas, FL 26779",billing@summit-freight.com,IS-7197323,Technology,SmartInvoiceInc,"100 Commerce Blvd, Dallas, TX 75201",12,14011.02,9.0,1260.99,20624.45,2025-05-07,0,5.0
INV-2024-0223,2025-02-27,2,2025-04-22,Net 54,54,USD,V025,Acme Supplies Group,"7676 Innovation Rd, Dallas, OH 77641",billing@acme-supplies.com,LM-5848287,Healthcare,SmartInvoiceInc,"100 Commerce Blvd, Dallas, TX 75201",5,9874.97,8.5,839.37,1.0,2025-05-01,1,5.0
INV-2023-0232,2024-04-22,4,2024-05-05,Net 13,13,USD,V026,Titan Partners Co,"5010 Enterprise Ave, New York, IL 71642",billing@titan-partners.com,ED-1423570,Retail,SmartInvoiceInc,"100 Commerce Blvd, Dallas, TX 75201",10,29105.61,7.5,2182.92,17804.85,2024-05-08,1,5.0
INV-2024-0243,2024-06-15,6,2024-07-22,Net 37,37,USD,V058,Alpha Parts Inc,"5515 Business Pkwy, Chicago, CO 68596",billing@alpha-parts.com,NC-1873172,Healthcare,SmartInvoiceInc,"100 Commerce Blvd, Dallas, TX 75201",11,39318.21,7.5,2948.87,39378.59,2024-09-04,1,5.0
INV-2023-0093,2023-06-17,6,2023-08-13,Net 57,57,USD,V026,Titan Partners Co,"5010 Enterprise Ave, New York, IL 71642",billing@titan-partners.com,ED-1423570,Retail,SmartInvoiceInc,"100 Commerce Blvd, Dallas, TX 75201",3,42878.56,7.0,3001.5,40282.97,2023-08-13,0,5.0
INV-2022-0178,2022-09-18,9,2022-11-20,Net 63,63,USD,V087,Bright Energy LLC,"5575 Trade Center Dr, New York, CA 49952",billing@bright-energy.com,EY-6888997,Manufacturing,SmartInvoiceInc,"100 Commerce Blvd, Dallas, TX 75201",15,34707.26,6.25,2169.2,33603.48,2022-11-20,0,5.0
INV-2023-0234,2023-08-02,8,2023-09-04,Net 33,33,USD,V066,Global Marketing Co,"5879 Venture Blvd, Chicago, OH 22999",billing@global-marketing.com,WO-9464685,Services,SmartInvoiceInc,"100 Commerce Blvd, Dallas, TX 75201",8,17434.33,6.25,1089.65,22633.73,2023-09-04,0,5.0
INV-2022-0157,2022-10-13,10,2022-11-12,Net 30,30,USD,V086,Swift Consulting Group,"6909 Venture Blvd, Houston, GA 84532",billing@swift-consulting.com,KF-2014929,Healthcare,SmartInvoiceInc,"100 Commerce Blvd, Dallas, TX 75201",6,6287.72,8.25,518.74,1.0,2022-11-27,1,5.0
INV-2022-0090,2022-02-13,2,2022-02-24,Net 11,11,USD,V046,Titan Freight Co,"3445 Venture Blvd, New York, NY 44674",billing@titan-freight.com,OY-3319049,Technology,SmartInvoiceInc,"100 Commerce Blvd, Dallas, TX 75201",8,18079.02,7.5,1355.93,46527.19,2022-03-19,1,5.0
INV-2022-0145,2022-07-12,7,2022-08-22,Net 41,41,USD,V068,Nexus Energy Group,"3976 Innovation Rd, Seattle, TX 75310",billing@nexus-energy.com,ZI-9887324,Technology,SmartInvoiceInc,"100 Commerce Blvd, Dallas, TX 75201",10,5739.74,7.5,430.48,8529.95,2022-08-22,0,5.0
INV-2024-0258,2024-06-21,6,2024-08-27,Net 67,67,USD,V023,Titan Marketing LLC,"6077 Tech Park Way, Miami, NY 96188",billing@titan-marketing.com,MR-5984445,Manufacturing,SmartInvoiceInc,"100 Commerce Blvd, Dallas, TX 75201",2,20837.43,7.0,1458.62,45119.46,2024-09-04,1,5.0
INV-2023-0100,2023-05-30,5,2023-06-07,Net 8,8,USD,V075,Titan Energy Co,"6804 Corporate Ln, Dallas, GA 12482",billing@titan-energy.com,XS-8433533,Healthcare,SmartInvoiceInc,"100 Commerce Blvd, Dallas, TX 75201",1,5387.49,8.25,444.47,4768.78,2023-07-22,1,5.0
INV-2023-0049,2023-02-27,2,2023-03-09,Net 10,10,USD,V093,Delta Labs Corp,"7201 Industrial Dr, Atlanta, AZ 11524",billing@delta-labs.com,II-7984720,Technology,SmartInvoiceInc,"100 Commerce Blvd, Dallas, TX 75201",7,44837.05,7.0,3138.59,42198.53,2023-03-09,0,5.0
INV-2024-0143,2024-06-25,6,2024-07-14,Net 19,19,USD,V060,Elite Parts Co,"6665 Commerce Blvd, Miami, TX 29096",billing@elite-parts.com,QA-4681262,Manufacturing,SmartInvoiceInc,"100 Commerce Blvd, Dallas, TX 75201",6,26848.45,8.0,2147.88,28072.01,2024-07-14,0,5.0
INV-2022-0109,2022-05-11,5,2022-06-06,Net 26,26,USD,V077,Pioneer Data LLC,"6745 Commerce Blvd, Houston, OH 35522",billing@pioneer-data.com,DA-6517366,Services,SmartInvoiceInc,"100 Commerce Blvd, Dallas, TX 75201",5,15169.7,8.25,1251.5,2280.63,2022-06-06,0,5.0
INV-2023-0014,2022-07-05,7,2022-07-15,Net 10,10,USD,V092,Pinnacle Capital Co,"7579 Commerce Blvd, Seattle, FL 84478",billing@pinnacle-capital.com,TS-6703394,Retail,SmartInvoiceInc,"100 Commerce Blvd, Dallas, TX 75201",3,2073.03,7.0,145.11,1.0,2022-07-15,0,5.0
INV-2022-0204,2022-10-15,10,2022-12-12,Net 58,58,USD,V034,Summit Ventures Co,"4909 Venture Blvd, Austin, TX 66397",billing@summit-ventures.com,IN-7195200,Services,SmartInvoiceInc,"100 Commerce Blvd, Dallas, TX 75201",18,1848.88,6.25,115.56,1.0,2022-12-12,0,5.0
INV-2024-0013,2023-10-26,10,2023-11-14,Net 19,19,USD,V040,Elite Tech Co,"6369 Tech Park Way, Atlanta, GA 90719",billing@elite-tech.com,KV-2072647,Retail,SmartInvoiceInc,"100 Commerce Blvd, Dallas, TX 75201",16,28934.62,6.25,1808.41,29785.11,2023-11-14,0,5.0
INV-2024-0118,2024-03-05,3,2024-03-25,Net 20,20,USD,V054,Swift Medical Group,"324 Market St, Dallas, TX 88477",billing@swift-medical.com,FE-9671370,Retail,SmartInvoiceInc,"100 Commerce Blvd, Dallas, TX 75201",4,41124.46,8.5,3495.58,42342.33,2024-03-25,0,5.0
INV-2023-0003,2022-07-23,7,2022-09-30,Net 69,69,USD,V080,Vanguard Legal Group,"3154 Innovation Rd, Houston, NY 44911",billing@vanguard-legal.com,XN-8021855,Services,SmartInvoiceInc,"100 Commerce Blvd, Dallas, TX 75201",19,3063.4,8.5,260.39,16880.34,2022-10-17,1,5.0
INV-2024-0239,2024-11-18,11,2024-12-05,Net 17,17,USD,V038,Horizon Freight Corp,"1431 Trade Center Dr, New York, TX 52318",billing@horizon-freight.com,WJ-2296516,Healthcare,SmartInvoiceInc,"100 Commerce Blvd, Dallas, TX 75201",19,24365.54,8.5,2071.07,1.0,2024-12-19,1,5.0
INV-2022-0092,2022-03-22,3,2022-04-08,Net 17,17,USD,V072,Elite Supplies LLC,"8170 Industrial Dr, Houston, TX 16783",billing@elite-supplies.com,KL-1996530,Technology,SmartInvoiceInc,"100 Commerce Blvd, Dallas, TX 75201",15,41269.37,7.5,3095.2,47755.44,2022-04-08,0,5.0
INV-2024-0230,2024-07-01,7,2024-07-10,Net 9,9,USD,V031,Titan Capital LLC,"2971 Industrial Dr, San Francisco, GA 11015",billing@titan-capital.com,AV-9416320,Manufacturing,SmartInvoiceInc,"100 Commerce Blvd, Dallas, TX 75201",1,1329.44,8.25,109.68,15164.7,2024-07-10,0,5.0
INV-2023-0213,2024-02-16,2,2024-04-02,Net 46,46,USD,V049,Global Freight Corp,"2572 Enterprise Ave, New York, FL 64553",billing@global-freight.com,BX-2314532,Technology,SmartInvoiceInc,"100 Commerce Blvd, Dallas, TX 75201",1,2116.62,8.25,174.62,4924.09,2024-04-02,0,5.0
INV-2023-0116,2023-04-21,4,2023-06-03,Net 43,43,USD,V006,Apex Solutions Co,"2241 Market St, San Francisco, AZ 45247",billing@apex-solutions.com,UG-6698848,Healthcare,SmartInvoiceInc,"100 Commerce Blvd, Dallas, TX 75201",19,48571.97,6.25,3035.75,33389.36,2023-06-03,0,5.0
INV-2022-0062,2022-11-19,11,2022-11-30,Net 11,11,USD,V078,Beacon Legal LLC,"1581 Tech Park Way, Houston, TX 91974",billing@beacon-legal.com,RG-8449607,Technology,SmartInvoiceInc,"100 Commerce Blvd, Dallas, TX 75201",8,21174.52,9.0,1905.71,29055.51,2022-11-30,0,5.0
INV-2022-0208,2022-04-11,4,2022-06-09,Net 59,59,USD,V063,Bright Capital Inc,"1050 Commerce Blvd, Los Angeles, OH 69201",billing@bright-capital.com,JE-8583354,Manufacturing,SmartInvoiceInc,"100 Commerce Blvd, Dallas, TX 75201",20,33258.0,6.25,2078.62,43238.47,2022-06-09,0,5.0
INV-2023-0050,2023-02-16,2,2023-04-28,Net 71,71,USD,V020,Titan Systems LLC,"2639 Commerce Blvd, New York, GA 31677",billing@titan-systems.com,MH-7646705,Services,SmartInvoiceInc,"100 Commerce Blvd, Dallas, TX 75201",9,20458.78,8.0,1636.7,1.0,2023-04-28,0,5.0
INV-2022-0080,2022-03-28,3,2022-04-04,Net 7,7,USD,V061,Prime Solutions Co,"3787 Innovation Rd, Austin, GA 77506",billing@prime-solutions.com,FF-4369538,Services,SmartInvoiceInc,"100 Commerce Blvd, Dallas, TX 75201",22,45013.39,7.0,3150.94,45931.27,2022-05-06,1,5.0
INV-2022-0198,2022-12-09,12,2022-12-24,Net 15,15,USD,V036,Delta Partners Corp,"4463 Commerce Blvd, New York, IL 34285",billing@delta-partners.com,YQ-6165679,Healthcare,SmartInvoiceInc,"100 Commerce Blvd, Dallas, TX 75201",1,33953.23,8.5,2886.02,23050.7,2023-01-08,1,5.0
INV-2024-0010,2023-12-24,12,2024-02-25,Net 63,63,USD,V068,Nexus Energy Group,"3976 Innovation Rd, Seattle, TX 75310",billing@nexus-energy.com,ZI-9887324,Technology,SmartInvoiceInc,"100 Commerce Blvd, Dallas, TX 75201",14,41451.46,8.5,3523.37,32065.52,2024-03-22,1,5.0
INV-2023-0164,2023-10-23,10,2023-12-24,Net 62,62,USD,V028,Pioneer Systems LLC,"5163 Business Pkwy, Chicago, IL 39703",billing@pioneer-systems.com,ZD-7655623,Manufacturing,SmartInvoiceInc,"100 Commerce Blvd, Dallas, TX 75201",13,35650.68,7.5,2673.8,10500.4,2024-01-17,1,5.0
INV-2024-0203,2024-10-02,10,2024-11-18,Net 47,47,USD,V015,Prime Parts Group,"3540 Corporate Ln, Miami, CO 78450",billing@prime-parts.com,IQ-6781565,Retail,SmartInvoiceInc,"100 Commerce Blvd, Dallas, TX 75201",9,15995.98,7.0,1119.72,2681.71,2024-11-18,0,5.0
INV-2022-0238,2023-10-17,10,2023-12-01,Net 45,45,USD,V057,Pioneer Consulting Inc,"1704 Industrial Dr, San Francisco, WA 80792",billing@pioneer-consulting.com,BL-2384418,Services,SmartInvoiceInc,"100 Commerce Blvd, Dallas, TX 75201",3,5023.02,8.5,426.96,1.0,2023-12-01,0,5.0
INV-2024-0066,2024-03-24,3,2024-04-15,Net 22,22,USD,V069,Titan Security Corp,"1892 Enterprise Ave, San Francisco, AZ 11645",billing@titan-security.com,DV-7671318,Technology,SmartInvoiceInc,"100 Commerce Blvd, Dallas, TX 75201",5,36709.07,7.5,2753.18,47808.27,2024-04-15,0,5.0
INV-2024-0059,2024-03-16,3,2024-03-23,Net 7,7,USD,V023,Titan Marketing LLC,"6077 Tech Park Way, Miami, NY 96188",billing@titan-marketing.com,MR-5984445,Manufacturing,SmartInvoiceInc,"100 Commerce Blvd, Dallas, TX 75201",5,47187.15,8.25,3892.94,48562.1,2024-03-27,1,5.0
INV-2024-0235,2024-09-19,9,2024-11-28,Net 70,70,USD,V093,Delta Labs Corp,"7201 Industrial Dr, Atlanta, AZ 11524",billing@delta-labs.com,II-7984720,Technology,SmartInvoiceInc,"100 Commerce Blvd, Dallas, TX 75201",5,12932.88,7.0,905.3,28083.79,2024-11-28,0,5.0
INV-2024-0266,2024-09-20,9,2024-09-21,Net 1,1,USD,V096,Sterling Security Corp,"5995 Enterprise Ave, Dallas, GA 64756",billing@sterling-security.com,VP-7611653,Technology,SmartInvoiceInc,"100 Commerce Blvd, Dallas, TX 75201",5,45128.36,8.5,3835.91,52427.25,2024-09-24,1,5.0
INV-2024-0278,2024-12-23,12,2025-01-06,Net 14,14,USD,V011,Acme Legal Group,"5826 Industrial Dr, Austin, CA 37350",billing@acme-legal.com,QZ-5833177,Manufacturing,SmartInvoiceInc,"100 Commerce Blvd, Dallas, TX 75201",17,34986.41,9.0,3148.78,65481.11,2025-02-16,1,5.0
INV-2022-0251,2022-11-23,11,2022-12-14,Net 21,21,USD,V083,Metro Freight Group,"3694 Venture Blvd, Houston, NY 86918",billing@metro-freight.com,LT-7193956,Technology,SmartInvoiceInc,"100 Commerce Blvd, Dallas, TX 75201",6,22308.39,6.25,1394.27,27012.97,2022-12-25,1,5.0
INV-2024-0224,2024-11-19,11,2024-12-27,Net 38,38,USD,V077,Pioneer Data LLC,"6745 Commerce Blvd, Houston, OH 35522",billing@pioneer-data.com,DA-6517366,Services,SmartInvoiceInc,"100 Commerce Blvd, Dallas, TX 75201",5,1775.6,8.0,142.05,31008.02,2025-01-10,1,5.0
INV-2023-0244,2024-04-12,4,2024-06-08,Net 57,57,USD,V097,Beacon Logistics LLC,"5487 Venture Blvd, Atlanta, AZ 37935",billing@beacon-logistics.com,JP-4813270,Manufacturing,SmartInvoiceInc,"100 Commerce Blvd, Dallas, TX 75201",21,15572.38,6.25,973.27,17501.84,2024-06-27,1,5.0
INV-2023-0151,2023-06-20,6,2023-06-25,Net 5,5,USD,V047,Elite Energy Inc,"6329 Venture Blvd, Atlanta, TX 13596",billing@elite-energy.com,TY-1467010,Technology,SmartInvoiceInc,"100 Commerce Blvd, Dallas, TX 75201",18,25096.33,9.0,2258.67,32773.65,2023-07-23,1,5.0
INV-2023-0228,2023-04-15,4,2023-04-16,Net 1,1,USD,V098,Titan Supplies Co,"3257 Venture Blvd, Miami, IL 34070",billing@titan-supplies.com,IS-9593223,Manufacturing,SmartInvoiceInc,"100 Commerce Blvd, Dallas, TX 75201",20,22391.49,7.0,1567.4,19058.42,2023-04-16,0,5.0
INV-2024-0041,2024-04-17,4,2024-05-24,Net 37,37,USD,V058,Alpha Parts Inc,"5515 Business Pkwy, Chicago, CO 68596",billing@alpha-parts.com,NC-1873172,Healthcare,SmartInvoiceInc,"100 Commerce Blvd, Dallas, TX 75201",11,3093.37,7.5,232.0,1.0,2024-05-24,0,5.0
INV-2023-0161,2023-08-09,8,2023-09-15,Net 37,37,USD,V098,Titan Supplies Co,"3257 Venture Blvd, Miami, IL 34070",billing@titan-supplies.com,IS-9593223,Manufacturing,SmartInvoiceInc,"100 Commerce Blvd, Dallas, TX 75201",4,12132.22,8.25,1000.91,34820.55,2023-09-15,0,5.0
INV-2023-0167,2023-08-21,8,2023-09-23,Net 33,33,USD,V045,Apex Freight Co,"6909 Innovation Rd, Austin, GA 15122",billing@apex-freight.com,OW-4708654,Retail,SmartInvoiceInc,"100 Commerce Blvd, Dallas, TX 75201",1,11958.02,7.0,837.06,16699.8,2023-09-23,0,5.0
INV-2023-0092,2023-01-20,1,2023-02-17,Net 28,28,USD,V042,Summit Capital Co,"5685 Venture Blvd, New York, IL 49749",billing@summit-capital.com,AE-3245131,Manufacturing,SmartInvoiceInc,"100 Commerce Blvd, Dallas, TX 75201",2,21290.2,7.5,1596.77,29336.11,2023-03-15,1,5.0
INV-2024-0186,2024-09-23,9,2024-10-20,Net 27,27,USD,V016,Summit Freight Inc,"1465 Tech Park Way, Dallas, FL 26779",billing@summit-freight.com,IS-7197323,Technology,SmartInvoiceInc,"100 Commerce Blvd, Dallas, TX 75201",10,16028.47,9.0,1442.56,8140.8,2024-11-01,1,5.0
INV-2023-0098,2023-04-13,4,2023-05-05,Net 22,22,USD,V060,Elite Parts Co,"6665 Commerce Blvd, Miami, TX 29096",billing@elite-parts.com,QA-4681262,Manufacturing,SmartInvoiceInc,"100 Commerce Blvd, Dallas, TX 75201",3,48703.12,7.0,3409.22,55585.21,2023-06-01,1,5.0
INV-2022-0019,2022-01-14,1,2022-03-24,Net 69,69,USD,V027,Delta Security Inc,"6290 Trade Center Dr, Dallas, TX 78866",billing@delta-security.com,PW-6118922,Retail,SmartInvoiceInc,"100 Commerce Blvd, Dallas, TX 75201",17,45260.04,9.0,4073.4,51626.41,2022-03-24,0,5.0
INV-2023-0024,2023-05-11,5,2023-07-06,Net 56,56,USD,V063,Bright Capital Inc,"1050 Commerce Blvd, Los Angeles, OH 69201",billing@bright-capital.com,JE-8583354,Manufacturing,SmartInvoiceInc,"100 Commerce Blvd, Dallas, TX 75201",7,20819.54,7.5,1561.47,31779.65,2023-07-06,0,5.0
INV-2024-0216,2024-12-12,12,2025-02-11,Net 61,61,USD,V081,Acme Consulting Group,"5719 Enterprise Ave, New York, IL 96925",billing@acme-consulting.com,WP-5241361,Manufacturing,SmartInvoiceInc,"100 Commerce Blvd, Dallas, TX 75201",1,40956.61,8.25,3378.92,50189.06,2025-03-19,1,5.0
INV-2024-0089,2024-04-22,4,2024-05-15,Net 23,23,USD,V028,Pioneer Systems LLC,"5163 Business Pkwy, Chicago, IL 39703",billing@pioneer-systems.com,ZD-7655623,Manufacturing,SmartInvoiceInc,"100 Commerce Blvd, Dallas, TX 75201",15,43599.08,8.5,3705.92,43776.41,2024-05-29,1,5.0
INV-2024-0072,2024-04-07,4,2024-05-22,Net 45,45,USD,V074,Summit Systems LLC,"5688 Commerce Blvd, Miami, TX 56163",billing@summit-systems.com,IQ-3412149,Retail,SmartInvoiceInc,"100 Commerce Blvd, Dallas, TX 75201",14,43596.38,8.25,3596.7,50086.42,2024-05-22,0,5.0
INV-2023-0067,2023-01-25,1,2023-03-05,Net 39,39,USD,V067,Horizon Parts Group,"7883 Industrial Dr, Atlanta, TX 66942",billing@horizon-parts.com,HK-3792427,Retail,SmartInvoiceInc,"100 Commerce Blvd, Dallas, TX 75201",12,34843.38,8.0,2787.47,21069.53,2023-04-16,1,5.0
INV-2023-0258,2023-05-31,5,2023-07-25,Net 55,55,USD,V021,Swift Ventures LLC,"9509 Enterprise Ave, San Francisco, OH 36962",billing@swift-ventures.com,HP-7243669,Retail,SmartInvoiceInc,"100 Commerce Blvd, Dallas, TX 75201",16,38127.97,8.0,3050.24,33508.47,2023-07-25,0,5.0
INV-2024-0276,2025-01-11,1,2025-01-24,Net 13,13,USD,V025,Acme Supplies Group,"7676 Innovation Rd, Dallas, OH 77641",billing@acme-supplies.com,LM-5848287,Healthcare,SmartInvoiceInc,"100 Commerce Blvd, Dallas, TX 75201",1,20681.93,7.0,1447.74,18635.35,2025-03-01,1,5.0
INV-2023-0249,2023-12-13,12,2024-01-04,Net 22,22,USD,V030,Delta Solutions Group,"2879 Tech Park Way, New York, CA 66178",billing@delta-solutions.com,EO-6187480,Manufacturing,SmartInvoiceInc,"100 Commerce Blvd, Dallas, TX 75201",19,35009.6,8.25,2888.29,2210.79,2024-02-02,1,5.0
INV-2022-0102,2022-05-10,5,2022-06-23,Net 44,44,USD,V100,Swift Capital Corp,"2767 Industrial Dr, Austin, IL 12983",billing@swift-capital.com,ZW-2841648,Retail,SmartInvoiceInc,"100 Commerce Blvd, Dallas, TX 75201",21,44836.65,8.0,3586.93,48499.75,2022-07-12,1,5.0
INV-2024-0138,2024-02-26,2,2024-03-16,Net 19,19,USD,V038,Horizon Freight Corp,"1431 Trade Center Dr, New York, TX 52318",billing@horizon-freight.com,WJ-2296516,Healthcare,SmartInvoiceInc,"100 Commerce Blvd, Dallas, TX 75201",23,33783.0,6.25,2111.44,28452.52,2024-04-17,1,5.0
INV-2024-0077,2024-05-19,5,2024-06-27,Net 39,39,USD,V004,Metro Medical Inc,"7905 Business Pkwy, Atlanta, WA 66556",billing@metro-medical.com,UA-8474447,Healthcare,SmartInvoiceInc,"100 Commerce Blvd, Dallas, TX 75201",15,2742.08,9.0,246.79,1.0,2024-06-27,0,5.0
INV-2023-0177,2023-11-10,11,2023-12-10,Net 30,30,USD,V037,Delta Logistics Co,"4773 Tech Park Way, Miami, OH 75215",billing@delta-logistics.com,BF-1317537,Manufacturing,SmartInvoiceInc,"100 Commerce Blvd, Dallas, TX 75201",3,13896.88,7.0,972.78,12192.71,2023-12-19,1,5.0
INV-2022-0201,2022-10-28,10,2022-12-11,Net 44,44,USD,V095,Pacific Supplies Group,"2422 Enterprise Ave, Dallas, TX 59481",billing@pacific-supplies.com,YW-8599600,Retail,SmartInvoiceInc,"100 Commerce Blvd, Dallas, TX 75201",5,48875.36,8.5,4154.41,33289.14,2023-01-15,1,5.0
INV-2024-0004,2024-01-08,1,2024-01-24,Net 16,16,USD,V057,Pioneer Consulting Inc,"1704 Industrial Dr, San Francisco, WA 80792",billing@pioneer-consulting.com,BL-2384418,Services,SmartInvoiceInc,"100 Commerce Blvd, Dallas, TX 75201",4,49266.14,7.0,3448.63,50473.6,2024-02-03,1,5.0
INV-2022-0188,2022-11-11,11,2022-12-15,Net 34,34,USD,V002,Vanguard Supplies Group,"6899 Industrial Dr, Seattle, NY 96672",billing@vanguard-supplies.com,XS-7319707,Manufacturing,SmartInvoiceInc,"100 Commerce Blvd, Dallas, TX 75201",23,25285.19,8.5,2149.24,8539.15,2023-01-15,1,5.0
INV-2022-0075,2022-04-29,4,2022-05-24,Net 25,25,USD,V088,Sterling Tech Group,"1722 Enterprise Ave, Seattle, OH 71396",billing@sterling-tech.com,YF-8369434,Manufacturing,SmartInvoiceInc,"100 Commerce Blvd, Dallas, TX 75201",8,28031.44,8.0,2242.52,51733.99,2022-05-24,0,5.0
INV-2024-0100,2024-07-01,7,2024-08-28,Net 58,58,USD,V050,Alpha Logistics Inc,"1560 Business Pkwy, San Francisco, OH 11605",billing@alpha-logistics.com,WP-3255363,Services,SmartInvoiceInc,"100 Commerce Blvd, Dallas, TX 75201",15,44550.71,8.0,3564.06,53724.24,2024-09-25,1,5.0
INV-2024-0181,2025-01-13,1,2025-02-01,Net 19,19,USD,V053,Pinnacle Labs LLC,"946 Innovation Rd, Seattle, NY 98236",billing@pinnacle-labs.com,LE-1064323,Services,SmartInvoiceInc,"100 Commerce Blvd, Dallas, TX 75201",8,13024.8,8.0,1041.98,12978.88,2025-02-27,1,5.0
INV-2024-0191,2023-09-14,9,2023-11-16,Net 63,63,USD,V075,Titan Energy Co,"6804 Corporate Ln, Dallas, GA 12482",billing@titan-energy.com,XS-8433533,Healthcare,SmartInvoiceInc,"100 Commerce Blvd, Dallas, TX 75201",18,33855.03,8.25,2793.04,35610.51,2023-11-19,1,5.0
INV-2024-0084,2024-03-09,3,2024-03-21,Net 12,12,USD,V027,Delta Security Inc,"6290 Trade Center Dr, Dallas, TX 78866",billing@delta-security.com,PW-6118922,Retail,SmartInvoiceInc,"100 Commerce Blvd, Dallas, TX 75201",2,38408.54,7.0,2688.6,31924.14,2024-03-21,0,5.0
INV-2024-0177,2024-10-14,10,2024-12-05,Net 52,52,USD,V030,Delta Solutions Group,"2879 Tech Park Way, New York, CA 66178",billing@delta-solutions.com,EO-6187480,Manufacturing,SmartInvoiceInc,"100 Commerce Blvd, Dallas, TX 75201",3,7598.07,8.25,626.84,23206.47,2024-12-05,0,5.0
INV-2024-0157,2024-07-21,7,2024-09-28,Net 69,69,USD,V042,Summit Capital Co,"5685 Venture Blvd, New York, IL 49749",billing@summit-capital.com,AE-3245131,Manufacturing,SmartInvoiceInc,"100 Commerce Blvd, Dallas, TX 75201",12,31453.84,6.25,1965.87,48152.32,2024-09-28,0,5.0
INV-2024-0236,2025-08-11,8,2025-08-17,Net 6,6,USD,V047,Elite Energy Inc,"6329 Venture Blvd, Atlanta, TX 13596",billing@elite-energy.com,TY-1467010,Technology,SmartInvoiceInc,"100 Commerce Blvd, Dallas, TX 75201",14,11010.53,6.25,688.16,9172.8,2025-08-17,0,5.0
INV-2022-0061,2021-10-07,10,2021-11-10,Net 34,34,USD,V027,Delta Security Inc,"6290 Trade Center Dr, Dallas, TX 78866",billing@delta-security.com,PW-6118922,Retail,SmartInvoiceInc,"100 Commerce Blvd, Dallas, TX 75201",15,17395.27,7.0,1217.67,18939.13,2021-11-10,0,5.0
INV-2022-0222,2022-10-29,10,2022-12-26,Net 58,58,USD,V012,Beacon Tech LLC,"517 Tech Park Way, Atlanta, GA 13267",billing@beacon-tech.com,ZU-3922097,Healthcare,SmartInvoiceInc,"100 Commerce Blvd, Dallas, TX 75201",2,23534.18,6.25,1470.89,14313.81,2022-12-26,0,5.0
INV-2024-0068,2024-02-04,2,2024-04-05,Net 61,61,USD,V098,Titan Supplies Co,"3257 Venture Blvd, Miami, IL 34070",billing@titan-supplies.com,IS-9593223,Manufacturing,SmartInvoiceInc,"100 Commerce Blvd, Dallas, TX 75201",22,24394.32,7.0,1707.6,40853.27,2024-04-05,0,5.0
INV-2023-0065,2023-11-06,11,2024-01-05,Net 60,60,USD,V036,Delta Partners Corp,"4463 Commerce Blvd, New York, IL 34285",billing@delta-partners.com,YQ-6165679,Healthcare,SmartInvoiceInc,"100 Commerce Blvd, Dallas, TX 75201",9,33359.31,8.5,2835.54,53552.72,2024-01-05,0,5.0
INV-2023-0189,2022-09-10,9,2022-11-06,Net 57,57,USD,V015,Prime Parts Group,"3540 Corporate Ln, Miami, CO 78450",billing@prime-parts.com,IQ-6781565,Retail,SmartInvoiceInc,"100 Commerce Blvd, Dallas, TX 75201",5,29055.62,8.25,2397.09,24998.61,2022-11-27,1,5.0
INV-2023-0212,2023-10-10,10,2023-11-07,Net 28,28,USD,V010,Prime Cloud Group,"8102 Commerce Blvd, Dallas, WA 79449",billing@prime-cloud.com,KL-3248988,Healthcare,SmartInvoiceInc,"100 Commerce Blvd, Dallas, TX 75201",15,42071.11,8.5,3576.04,43671.98,2023-11-07,0,5.0
INV-2022-0012,2022-04-13,4,2022-06-14,Net 62,62,USD,V058,Alpha Parts Inc,"5515 Business Pkwy, Chicago, CO 68596",billing@alpha-parts.com,NC-1873172,Healthcare,SmartInvoiceInc,"100 Commerce Blvd, Dallas, TX 75201",6,35878.58,8.0,2870.29,27123.46,2022-06-14,0,5.0
INV-2022-0199,2022-09-17,9,2022-09-25,Net 8,8,USD,V080,Vanguard Legal Group,"3154 Innovation Rd, Houston, NY 44911",billing@vanguard-legal.com,XN-8021855,Services,SmartInvoiceInc,"100 Commerce Blvd, Dallas, TX 75201",3,30471.32,6.25,1904.46,36212.25,2022-09-25,0,5.0
INV-2024-0193,2024-10-17,10,2024-10-18,Net 1,1,USD,V020,Titan Systems LLC,"2639 Commerce Blvd, New York, GA 31677",billing@titan-systems.com,MH-7646705,Services,SmartInvoiceInc,"100 Commerce Blvd, Dallas, TX 75201",5,15143.29,8.25,1249.32,10180.75,2024-10-23,1,5.0
INV-2024-0042,2023-11-15,11,2023-12-21,Net 36,36,USD,V068,Nexus Energy Group,"3976 Innovation Rd, Seattle, TX 75310",billing@nexus-energy.com,ZI-9887324,Technology,SmartInvoiceInc,"100 Commerce Blvd, Dallas, TX 75201",10,6824.85,9.0,614.24,9052.68,2023-12-27,1,5.0
INV-2022-0041,2022-02-22,2,2022-04-24,Net 61,61,USD,V012,Beacon Tech LLC,"517 Tech Park Way, Atlanta, GA 13267",billing@beacon-tech.com,ZU-3922097,Healthcare,SmartInvoiceInc,"100 Commerce Blvd, Dallas, TX 75201",26,33420.27,8.5,2840.72,54654.05,2022-05-26,1,5.0
INV-2024-0158,2024-10-10,10,2024-12-08,Net 59,59,USD,V015,Prime Parts Group,"3540 Corporate Ln, Miami, CO 78450",billing@prime-parts.com,IQ-6781565,Retail,SmartInvoiceInc,"100 Commerce Blvd, Dallas, TX 75201",14,41660.16,9.0,3749.41,49624.14,2024-12-08,0,5.0
INV-2022-0237,2023-03-15,3,2023-04-03,Net 19,19,USD,V005,Apex Logistics Co,"7104 Corporate Ln, Austin, AZ 77215",billing@apex-logistics.com,SE-9744220,Retail,SmartInvoiceInc,"100 Commerce Blvd, Dallas, TX 75201",29,32422.69,7.5,2431.7,19424.83,2023-05-16,1,5.0
INV-2023-0102,2023-05-07,5,2023-06-09,Net 33,33,USD,V097,Beacon Logistics LLC,"5487 Venture Blvd, Atlanta, AZ 37935",billing@beacon-logistics.com,JP-4813270,Manufacturing,SmartInvoiceInc,"100 Commerce Blvd, Dallas, TX 75201",1,18151.51,7.5,1361.36,12881.13,2023-07-02,1,5.0
INV-2022-0255,2023-05-18,5,2023-07-16,Net 59,59,USD,V032,Pacific Logistics Inc,"7549 Trade Center Dr, New York, TX 56540",billing@pacific-logistics.com,AB-8153768,Services,SmartInvoiceInc,"100 Commerce Blvd, Dallas, TX 75201",17,47902.77,7.5,3592.71,56524.48,2023-07-16,0,5.0
INV-2024-0116,2024-03-27,3,2024-04-17,Net 21,21,USD,V029,Nexus Freight Group,"639 Enterprise Ave, Atlanta, FL 30159",billing@nexus-freight.com,VQ-5010912,Healthcare,SmartInvoiceInc,"100 Commerce Blvd, Dallas, TX 75201",1,30553.2,8.0,2444.26,44395.22,2024-04-25,1,5.0
INV-2023-0051,2023-07-08,7,2023-09-20,Net 74,74,USD,V001,Metro Legal Co,"5791 Enterprise Ave, Miami, FL 64021",billing@metro-legal.com,MT-6143901,Services,SmartInvoiceInc,"100 Commerce Blvd, Dallas, TX 75201",14,5283.92,7.5,396.29,22463.23,2023-09-20,0,5.0
INV-2024-0218,2024-09-30,9,2024-11-26,Net 57,57,USD,V054,Swift Medical Group,"324 Market St, Dallas, TX 88477",billing@swift-medical.com,FE-9671370,Retail,SmartInvoiceInc,"100 Commerce Blvd, Dallas, TX 75201",15,26827.65,7.0,1877.94,20656.03,2024-12-16,1,5.0
INV-2022-0022,2022-02-07,2,2022-04-04,Net 56,56,USD,V046,Titan Freight Co,"3445 Venture Blvd, New York, NY 44674",billing@titan-freight.com,OY-3319049,Technology,SmartInvoiceInc,"100 Commerce Blvd, Dallas, TX 75201",1,16341.35,8.25,1348.16,20258.16,2022-04-04,0,5.0
INV-2023-0036,2023-01-03,1,2023-01-25,Net 22,22,USD,V081,Acme Consulting Group,"5719 Enterprise Ave, New York, IL 96925",billing@acme-consulting.com,WP-5241361,Manufacturing,SmartInvoiceInc,"100 Commerce Blvd, Dallas, TX 75201",28,34268.49,8.25,2827.15,34249.77,2023-01-25,0,5.0
INV-2023-0183,2024-12-02,12,2025-01-15,Net 44,44,USD,V033,Nexus Tech Inc,"504 Corporate Ln, New York, TX 70100",billing@nexus-tech.com,EF-4196340,Healthcare,SmartInvoiceInc,"100 Commerce Blvd, Dallas, TX 75201",7,33497.55,8.0,2679.8,13425.67,2025-01-15,0,5.0
INV-2024-0231,2024-05-22,5,2024-05-26,Net 4,4,USD,V020,Titan Systems LLC,"2639 Commerce Blvd, New York, GA 31677",billing@titan-systems.com,MH-7646705,Services,SmartInvoiceInc,"100 Commerce Blvd, Dallas, TX 75201",8,43706.54,8.5,3715.06,17158.94,2024-05-26,0,5.0
INV-2022-0229,2022-10-01,10,2022-10-19,Net 18,18,USD,V091,Pioneer Logistics Co,"8440 Innovation Rd, Los Angeles, TX 34762",billing@pioneer-logistics.com,GH-1378165,Manufacturing,SmartInvoiceInc,"100 Commerce Blvd, Dallas, TX 75201",9,9738.68,8.0,779.09,9990.97,2022-10-19,0,5.0
INV-2023-0027,2022-12-27,12,2023-03-10,Net 73,73,USD,V092,Pinnacle Capital Co,"7579 Commerce Blvd, Seattle, FL 84478",billing@pinnacle-capital.com,TS-6703394,Retail,SmartInvoiceInc,"100 Commerce Blvd, Dallas, TX 75201",11,31046.74,8.5,2638.97,49042.88,2023-03-18,1,5.0
INV-2024-0050,2024-02-20,2,2024-03-31,Net 40,40,USD,V072,Elite Supplies LLC,"8170 Industrial Dr, Houston, TX 16783",billing@elite-supplies.com,KL-1996530,Technology,SmartInvoiceInc,"100 Commerce Blvd, Dallas, TX 75201",5,14471.99,9.0,1302.48,71273.88,2024-03-31,0,5.0
INV-2023-0251,2023-08-07,8,2023-08-20,Net 13,13,USD,V028,Pioneer Systems LLC,"5163 Business Pkwy, Chicago, IL 39703",billing@pioneer-systems.com,ZD-7655623,Manufacturing,SmartInvoiceInc,"100 Commerce Blvd, Dallas, TX 75201",17,32769.09,9.0,2949.22,12680.91,2023-08-20,0,5.0
INV-2022-0044,2021-04-06,4,2021-05-03,Net 27,27,USD,V079,Alpha Partners Inc,"6054 Innovation Rd, Miami, WA 66373",billing@alpha-partners.com,YO-4185714,Technology,SmartInvoiceInc,"100 Commerce Blvd, Dallas, TX 75201",11,2880.57,7.0,201.64,3681.61,2021-05-03,0,5.0
INV-2022-0220,2022-07-03,7,2022-08-14,Net 42,42,USD,V038,Horizon Freight Corp,"1431 Trade Center Dr, New York, TX 52318",billing@horizon-freight.com,WJ-2296516,Healthcare,SmartInvoiceInc,"100 Commerce Blvd, Dallas, TX 75201",16,13953.43,8.5,1186.04,1.0,2022-09-21,1,5.0
INV-2024-0046,2024-04-15,4,2024-05-31,Net 46,46,USD,V042,Summit Capital Co,"5685 Venture Blvd, New York, IL 49749",billing@summit-capital.com,AE-3245131,Manufacturing,SmartInvoiceInc,"100 Commerce Blvd, Dallas, TX 75201",1,48863.07,7.5,3664.73,50322.08,2024-06-07,1,5.0
INV-2022-0099,2021-09-23,9,2021-11-08,Net 46,46,USD,V011,Acme Legal Group,"5826 Industrial Dr, Austin, CA 37350",billing@acme-legal.com,QZ-5833177,Manufacturing,SmartInvoiceInc,"100 Commerce Blvd, Dallas, TX 75201",1,9901.84,7.0,693.13,14795.65,2021-11-08,0,5.0
INV-2023-0081,2023-10-07,10,2023-12-03,Net 57,57,USD,V012,Beacon Tech LLC,"517 Tech Park Way, Atlanta, GA 13267",billing@beacon-tech.com,ZU-3922097,Healthcare,SmartInvoiceInc,"100 Commerce Blvd, Dallas, TX 75201",24,45611.29,8.5,3876.96,42168.53,2023-12-03,0,5.0
INV-2024-0045,2024-01-09,1,2024-02-07,Net 29,29,USD,V080,Vanguard Legal Group,"3154 Innovation Rd, Houston, NY 44911",billing@vanguard-legal.com,XN-8021855,Services,SmartInvoiceInc,"100 Commerce Blvd, Dallas, TX 75201",14,38443.1,8.5,3267.66,46661.04,2024-02-11,1,5.0
INV-2024-0179,2024-06-06,6,2024-08-04,Net 59,59,USD,V075,Titan Energy Co,"6804 Corporate Ln, Dallas, GA 12482",billing@titan-energy.com,XS-8433533,Healthcare,SmartInvoiceInc,"100 Commerce Blvd, Dallas, TX 75201",12,33967.2,7.0,2377.7,29245.2,2024-09-14,1,5.0
INV-2024-0221,2024-09-26,9,2024-10-07,Net 11,11,USD,V087,Bright Energy LLC,"5575 Trade Center Dr, New York, CA 49952",billing@bright-energy.com,EY-6888997,Manufacturing,SmartInvoiceInc,"100 Commerce Blvd, Dallas, TX 75201",21,29434.88,9.0,2649.14,17103.68,2024-11-01,1,5.0
INV-2023-0001,2022-11-11,11,2022-11-12,Net 1,1,USD,V054,Swift Medical Group,"324 Market St, Dallas, TX 88477",billing@swift-medical.com,FE-9671370,Retail,SmartInvoiceInc,"100 Commerce Blvd, Dallas, TX 75201",24,4297.78,8.5,365.31,1.0,2022-12-12,1,5.0
INV-2023-0099,2023-09-30,9,2023-10-13,Net 13,13,USD,V092,Pinnacle Capital Co,"7579 Commerce Blvd, Seattle, FL 84478",billing@pinnacle-capital.com,TS-6703394,Retail,SmartInvoiceInc,"100 Commerce Blvd, Dallas, TX 75201",11,22861.1,8.5,1943.19,25420.76,2023-10-13,0,5.0
INV-2024-0018,2024-04-11,4,2024-05-28,Net 47,47,USD,V045,Apex Freight Co,"6909 Innovation Rd, Austin, GA 15122",billing@apex-freight.com,OW-4708654,Retail,SmartInvoiceInc,"100 Commerce Blvd, Dallas, TX 75201",13,44222.04,7.5,3316.65,51944.51,2024-07-05,1,5.0
INV-2022-0189,2022-02-09,2,2022-03-13,Net 32,32,USD,V064,Swift Labs Inc,"6128 Market St, Chicago, FL 50631",billing@swift-labs.com,OH-7356228,Healthcare,SmartInvoiceInc,"100 Commerce Blvd, Dallas, TX 75201",10,36659.38,6.25,2291.21,36787.78,2022-03-13,0,5.0
INV-2022-0078,2022-04-02,4,2022-05-14,Net 42,42,USD,V041,Titan Tech Group,"8572 Tech Park Way, Austin, CA 38732",billing@titan-tech.com,ZS-8757202,Healthcare,SmartInvoiceInc,"100 Commerce Blvd, Dallas, TX 75201",11,13492.29,8.25,1113.11,12000.98,2022-06-10,1,5.0
INV-2023-0214,2023-11-02,11,2023-11-25,Net 23,23,USD,V052,Pinnacle Tech Corp,"8295 Business Pkwy, New York, TX 94471",billing@pinnacle-tech.com,FS-3357821,Technology,SmartInvoiceInc,"100 Commerce Blvd, Dallas, TX 75201",8,8545.63,8.0,683.65,1.0,2023-12-12,1,5.0
INV-2022-0003,2022-08-12,8,2022-09-26,Net 45,45,USD,V004,Metro Medical Inc,"7905 Business Pkwy, Atlanta, WA 66556",billing@metro-medical.com,UA-8474447,Healthcare,SmartInvoiceInc,"100 Commerce Blvd, Dallas, TX 75201",1,27842.12,8.5,2366.58,30280.64,2022-10-31,1,5.0
INV-2023-0168,2023-08-08,8,2023-08-16,Net 8,8,USD,V008,Apex Security LLC,"9923 Commerce Blvd, Chicago, IL 26364",billing@apex-security.com,DP-2100567,Manufacturing,SmartInvoiceInc,"100 Commerce Blvd, Dallas, TX 75201",13,15125.66,8.0,1210.05,17488.4,2023-09-12,1,5.0
INV-2023-0200,2023-03-22,3,2023-04-28,Net 37,37,USD,V032,Pacific Logistics Inc,"7549 Trade Center Dr, New York, TX 56540",billing@pacific-logistics.com,AB-8153768,Services,SmartInvoiceInc,"100 Commerce Blvd, Dallas, TX 75201",16,9018.26,8.25,744.01,11989.07,2023-05-29,1,5.0
INV-2022-0065,2022-04-19,4,2022-04-21,Net 2,2,USD,V004,Metro Medical Inc,"7905 Business Pkwy, Atlanta, WA 66556",billing@metro-medical.com,UA-8474447,Healthcare,SmartInvoiceInc,"100 Commerce Blvd, Dallas, TX 75201",4,26421.34,8.5,2245.81,28048.92,2022-04-21,0,5.0
INV-2022-0243,2023-05-04,5,2023-05-28,Net 24,24,USD,V039,Elite Labs Group,"237 Innovation Rd, Dallas, AZ 29963",billing@elite-labs.com,TX-2849396,Manufacturing,SmartInvoiceInc,"100 Commerce Blvd, Dallas, TX 75201",8,10438.16,8.5,887.24,13352.61,2023-07-11,1,5.0
INV-2024-0259,2024-08-29,8,2024-10-04,Net 36,36,USD,V012,Beacon Tech LLC,"517 Tech Park Way, Atlanta, GA 13267",billing@beacon-tech.com,ZU-3922097,Healthcare,SmartInvoiceInc,"100 Commerce Blvd, Dallas, TX 75201",1,39281.74,8.25,3240.74,42333.26,2024-10-05,1,5.0
INV-2024-0130,2024-04-22,4,2024-05-08,Net 16,16,USD,V058,Alpha Parts Inc,"5515 Business Pkwy, Chicago, CO 68596",billing@alpha-parts.com,NC-1873172,Healthcare,SmartInvoiceInc,"100 Commerce Blvd, Dallas, TX 75201",1,20009.73,8.0,1600.78,1.0,2024-05-30,1,5.0
INV-2022-0116,2022-10-13,10,2022-11-19,Net 37,37,USD,V019,Pioneer Marketing Co,"5261 Venture Blvd, Miami, AZ 19348",billing@pioneer-marketing.com,CW-3276360,Manufacturing,SmartInvoiceInc,"100 Commerce Blvd, Dallas, TX 75201",22,29241.94,8.25,2412.46,56701.02,2022-12-31,1,5.0
INV-2024-0175,2024-08-22,8,2024-09-13,Net 22,22,USD,V033,Nexus Tech Inc,"504 Corporate Ln, New York, TX 70100",billing@nexus-tech.com,EF-4196340,Healthcare,SmartInvoiceInc,"100 Commerce Blvd, Dallas, TX 75201",7,39403.3,8.5,3349.28,54590.84,2024-09-22,1,5.0
INV-2022-0212,2022-03-26,3,2022-05-26,Net 61,61,USD,V021,Swift Ventures LLC,"9509 Enterprise Ave, San Francisco, OH 36962",billing@swift-ventures.com,HP-7243669,Retail,SmartInvoiceInc,"100 Commerce Blvd, Dallas, TX 75201",6,28561.19,8.25,2356.3,33869.76,2022-05-26,0,5.0
INV-2023-0058,2023-04-21,4,2023-05-05,Net 14,14,USD,V052,Pinnacle Tech Corp,"8295 Business Pkwy, New York, TX 94471",billing@pinnacle-tech.com,FS-3357821,Technology,SmartInvoiceInc,"100 Commerce Blvd, Dallas, TX 75201",16,3200.99,7.5,240.07,25558.44,2023-05-23,1,5.0
INV-2022-0194,2023-04-29,4,2023-06-18,Net 50,50,USD,V038,Horizon Freight Corp,"1431 Trade Center Dr, New York, TX 52318",billing@horizon-freight.com,WJ-2296516,Healthcare,SmartInvoiceInc,"100 Commerce Blvd, Dallas, TX 75201",1,41850.94,9.0,3766.58,54674.98,2023-06-18,0,5.0
INV-2024-0166,2024-10-06,10,2024-11-08,Net 33,33,USD,V068,Nexus Energy Group,"3976 Innovation Rd, Seattle, TX 75310",billing@nexus-energy.com,ZI-9887324,Technology,SmartInvoiceInc,"100 Commerce Blvd, Dallas, TX 75201",6,13591.35,7.0,951.39,32635.3,2024-11-08,0,5.0
INV-2022-0032,2021-12-09,12,2022-01-20,Net 42,42,USD,V022,Acme Capital Inc,"8802 Corporate Ln, Atlanta, FL 45909",billing@acme-capital.com,SL-9415398,Services,SmartInvoiceInc,"100 Commerce Blvd, Dallas, TX 75201",12,46801.22,7.0,3276.09,47962.51,2022-01-20,0,5.0
INV-2023-0142,2023-06-26,6,2023-07-27,Net 31,31,USD,V057,Pioneer Consulting Inc,"1704 Industrial Dr, San Francisco, WA 80792",billing@pioneer-consulting.com,BL-2384418,Services,SmartInvoiceInc,"100 Commerce Blvd, Dallas, TX 75201",14,43381.48,9.0,3904.33,49775.66,2023-08-24,1,5.0
INV-2024-0117,2024-01-09,1,2024-02-18,Net 40,40,USD,V051,Summit Cloud Inc,"8534 Innovation Rd, San Francisco, FL 19111",billing@summit-cloud.com,FB-8643603,Retail,SmartInvoiceInc,"100 Commerce Blvd, Dallas, TX 75201",16,28794.58,8.25,2375.55,34400.74,2024-02-18,0,5.0
INV-2022-0100,2022-12-07,12,2023-01-20,Net 44,44,USD,V069,Titan Security Corp,"1892 Enterprise Ave, San Francisco, AZ 11645",billing@titan-security.com,DV-7671318,Technology,SmartInvoiceInc,"100 Commerce Blvd, Dallas, TX 75201",5,38302.77,7.5,2872.71,42193.5,2023-02-28,1,5.0
INV-2024-0113,2024-07-17,7,2024-08-23,Net 37,37,USD,V015,Prime Parts Group,"3540 Corporate Ln, Miami, CO 78450",billing@prime-parts.com,IQ-6781565,Retail,SmartInvoiceInc,"100 Commerce Blvd, Dallas, TX 75201",20,7576.56,7.0,530.36,12398.11,2024-09-07,1,5.0
INV-2023-0260,2024-07-21,7,2024-09-11,Net 52,52,USD,V035,Pioneer Parts Co,"816 Market St, Dallas, TX 55543",billing@pioneer-parts.com,BH-9896761,Manufacturing,SmartInvoiceInc,"100 Commerce Blvd, Dallas, TX 75201",13,20190.78,8.25,1665.74,28700.47,2024-09-11,0,5.0
INV-2024-0252,2025-03-24,3,2025-05-24,Net 61,61,USD,V067,Horizon Parts Group,"7883 Industrial Dr, Atlanta, TX 66942",billing@horizon-parts.com,HK-3792427,Retail,SmartInvoiceInc,"100 Commerce Blvd, Dallas, TX 75201",13,42037.76,8.0,3363.02,34993.17,2025-05-24,0,5.0
INV-2023-0122,2023-06-18,6,2023-06-19,Net 1,1,USD,V051,Summit Cloud Inc,"8534 Innovation Rd, San Francisco, FL 19111",billing@summit-cloud.com,FB-8643603,Retail,SmartInvoiceInc,"100 Commerce Blvd, Dallas, TX 75201",7,4022.21,9.0,362.0,2785.52,2023-06-19,0,5.0
INV-2022-0009,2021-06-16,6,2021-08-13,Net 58,58,USD,V067,Horizon Parts Group,"7883 Industrial Dr, Atlanta, TX 66942",billing@horizon-parts.com,HK-3792427,Retail,SmartInvoiceInc,"100 Commerce Blvd, Dallas, TX 75201",10,28114.75,8.25,2319.47,1.0,2021-08-20,1,5.0
INV-2024-0201,2024-06-29,6,2024-08-13,Net 45,45,USD,V015,Prime Parts Group,"3540 Corporate Ln, Miami, CO 78450",billing@prime-parts.com,IQ-6781565,Retail,SmartInvoiceInc,"100 Commerce Blvd, Dallas, TX 75201",5,41205.79,8.5,3502.49,35074.72,2024-08-13,0,5.0
INV-2023-0007,2023-05-25,5,2023-06-27,Net 33,33,USD,V044,Global Systems Inc,"1376 Market St, Chicago, OH 18717",billing@global-systems.com,ZW-1067661,Manufacturing,SmartInvoiceInc,"100 Commerce Blvd, Dallas, TX 75201",14,47325.56,8.5,4022.67,50685.43,2023-07-22,1,5.0
INV-2023-0223,2023-09-04,9,2023-10-30,Net 56,56,USD,V050,Alpha Logistics Inc,"1560 Business Pkwy, San Francisco, OH 11605",billing@alpha-logistics.com,WP-3255363,Services,SmartInvoiceInc,"100 Commerce Blvd, Dallas, TX 75201",17,39925.98,8.5,3393.71,43839.22,2023-10-30,0,5.0
INV-2023-0159,2023-08-10,8,2023-09-27,Net 48,48,USD,V041,Titan Tech Group,"8572 Tech Park Way, Austin, CA 38732",billing@titan-tech.com,ZS-8757202,Healthcare,SmartInvoiceInc,"100 Commerce Blvd, Dallas, TX 75201",9,34690.95,8.25,2862.0,73644.39,2023-09-27,0,5.0
INV-2022-0111,2022-05-28,5,2022-06-27,Net 30,30,USD,V018,Beacon Partners Group,"7292 Market St, San Francisco, FL 70566",billing@beacon-partners.com,PY-1787494,Healthcare,SmartInvoiceInc,"100 Commerce Blvd, Dallas, TX 75201",4,5011.46,8.0,400.92,5436.58,2022-07-25,1,5.0
INV-2023-0255,2023-10-17,10,2023-12-14,Net 58,58,USD,V051,Summit Cloud Inc,"8534 Innovation Rd, San Francisco, FL 19111",billing@summit-cloud.com,FB-8643603,Retail,SmartInvoiceInc,"100 Commerce Blvd, Dallas, TX 75201",14,20977.09,8.0,1678.17,49906.96,2023-12-14,0,5.0
INV-2024-0265,2024-10-31,10,2024-11-29,Net 29,29,USD,V068,Nexus Energy Group,"3976 Innovation Rd, Seattle, TX 75310",billing@nexus-energy.com,ZI-9887324,Technology,SmartInvoiceInc,"100 Commerce Blvd, Dallas, TX 75201",3,2550.69,7.0,178.55,1.0,2024-11-29,0,5.0
INV-2024-0093,2024-06-28,6,2024-09-03,Net 67,67,USD,V080,Vanguard Legal Group,"3154 Innovation Rd, Houston, NY 44911",billing@vanguard-legal.com,XN-8021855,Services,SmartInvoiceInc,"100 Commerce Blvd, Dallas, TX 75201",5,6180.3,8.25,509.87,3166.91,2024-09-28,1,5.0
INV-2022-0043,2022-06-01,6,2022-06-26,Net 25,25,USD,V020,Titan Systems LLC,"2639 Commerce Blvd, New York, GA 31677",billing@titan-systems.com,MH-7646705,Services,SmartInvoiceInc,"100 Commerce Blvd, Dallas, TX 75201",16,39976.95,7.0,2798.39,47599.23,2022-06-26,0,5.0
INV-2023-0211,2023-11-22,11,2023-12-20,Net 28,28,USD,V045,Apex Freight Co,"6909 Innovation Rd, Austin, GA 15122",billing@apex-freight.com,OW-4708654,Retail,SmartInvoiceInc,"100 Commerce Blvd, Dallas, TX 75201",13,46160.5,9.0,4154.44,1.0,2023-12-31,1,5.0
INV-2023-0127,2023-07-06,7,2023-08-20,Net 45,45,USD,V019,Pioneer Marketing Co,"5261 Venture Blvd, Miami, AZ 19348",billing@pioneer-marketing.com,CW-3276360,Manufacturing,SmartInvoiceInc,"100 Commerce Blvd, Dallas, TX 75201",7,12413.19,8.5,1055.12,14345.74,2023-08-20,0,5.0
INV-2024-0271,2024-08-03,8,2024-10-07,Net 65,65,USD,V045,Apex Freight Co,"6909 Innovation Rd, Austin, GA 15122",billing@apex-freight.com,OW-4708654,Retail,SmartInvoiceInc,"100 Commerce Blvd, Dallas, TX 75201",12,31720.51,7.5,2379.04,19007.54,2024-10-07,0,5.0
INV-2024-0092,2024-06-16,6,2024-08-14,Net 59,59,USD,V023,Titan Marketing LLC,"6077 Tech Park Way, Miami, NY 96188",billing@titan-marketing.com,MR-5984445,Manufacturing,SmartInvoiceInc,"100 Commerce Blvd, Dallas, TX 75201",28,17042.54,9.0,1533.83,1.0,2024-09-16,1,5.0
INV-2022-0105,2022-07-22,7,2022-10-15,Net 85,85,USD,V019,Pioneer Marketing Co,"5261 Venture Blvd, Miami, AZ 19348",billing@pioneer-marketing.com,CW-3276360,Manufacturing,SmartInvoiceInc,"100 Commerce Blvd, Dallas, TX 75201",17,43387.95,6.25,2711.75,48813.37,2022-10-15,0,5.0
INV-2024-0135,2024-08-23,8,2024-09-11,Net 19,19,USD,V099,Pioneer Works Corp,"1600 Industrial Dr, Los Angeles, GA 29426",billing@pioneer-works.com,RJ-1066150,Technology,SmartInvoiceInc,"100 Commerce Blvd, Dallas, TX 75201",3,23252.41,8.5,1976.45,9037.71,2024-09-11,0,5.0
INV-2024-0209,2024-10-11,10,2024-12-13,Net 63,63,USD,V087,Bright Energy LLC,"5575 Trade Center Dr, New York, CA 49952",billing@bright-energy.com,EY-6888997,Manufacturing,SmartInvoiceInc,"100 Commerce Blvd, Dallas, TX 75201",23,31823.73,7.5,2386.78,31943.18,2024-12-21,1,5.0
INV-2022-0158,2022-06-11,6,2022-08-11,Net 61,61,USD,V055,Beacon Security Co,"2126 Tech Park Way, Dallas, OH 69383",billing@beacon-security.com,JE-4757974,Manufacturing,SmartInvoiceInc,"100 Commerce Blvd, Dallas, TX 75201",21,6814.72,6.25,425.92,278.39,2022-09-03,1,5.0
INV-2023-0157,2023-02-03,2,2023-04-11,Net 67,67,USD,V064,Swift Labs Inc,"6128 Market St, Chicago, FL 50631",billing@swift-labs.com,OH-7356228,Healthcare,SmartInvoiceInc,"100 Commerce Blvd, Dallas, TX 75201",15,35185.91,8.5,2990.8,39985.51,2023-04-11,0,5.0
INV-2023-0227,2023-12-05,12,2024-01-15,Net 41,41,USD,V018,Beacon Partners Group,"7292 Market St, San Francisco, FL 70566",billing@beacon-partners.com,PY-1787494,Healthcare,SmartInvoiceInc,"100 Commerce Blvd, Dallas, TX 75201",18,8492.16,6.25,530.76,8878.77,2024-02-11,1,5.0
INV-2023-0087,2023-05-24,5,2023-07-12,Net 49,49,USD,V045,Apex Freight Co,"6909 Innovation Rd, Austin, GA 15122",billing@apex-freight.com,OW-4708654,Retail,SmartInvoiceInc,"100 Commerce Blvd, Dallas, TX 75201",19,3923.1,9.0,353.08,5612.69,2023-08-23,1,5.0
INV-2023-0220,2023-12-02,12,2023-12-27,Net 25,25,USD,V007,Pinnacle Legal LLC,"6765 Business Pkwy, San Francisco, FL 78385",billing@pinnacle-legal.com,TJ-4693305,Services,SmartInvoiceInc,"100 Commerce Blvd, Dallas, TX 75201",19,28412.7,8.5,2415.08,21470.74,2024-02-10,1,5.0
INV-2023-0193,2023-09-16,9,2023-10-29,Net 43,43,USD,V057,Pioneer Consulting Inc,"1704 Industrial Dr, San Francisco, WA 80792",billing@pioneer-consulting.com,BL-2384418,Services,SmartInvoiceInc,"100 Commerce Blvd, Dallas, TX 75201",1,30700.34,8.25,2532.78,46670.56,2023-10-29,0,5.0
INV-2023-0205,2024-04-05,4,2024-04-17,Net 12,12,USD,V020,Titan Systems LLC,"2639 Commerce Blvd, New York, GA 31677",billing@titan-systems.com,MH-7646705,Services,SmartInvoiceInc,"100 Commerce Blvd, Dallas, TX 75201",18,34853.86,7.0,2439.77,23743.35,2024-05-28,1,5.0
INV-2023-0208,2023-11-25,11,2024-01-05,Net 41,41,USD,V006,Apex Solutions Co,"2241 Market St, San Francisco, AZ 45247",billing@apex-solutions.com,UG-6698848,Healthcare,SmartInvoiceInc,"100 Commerce Blvd, Dallas, TX 75201",5,5019.79,7.5,376.48,6147.32,2024-01-05,0,5.0
INV-2024-0062,2024-04-21,4,2024-06-04,Net 44,44,USD,V040,Elite Tech Co,"6369 Tech Park Way, Atlanta, GA 90719",billing@elite-tech.com,KV-2072647,Retail,SmartInvoiceInc,"100 Commerce Blvd, Dallas, TX 75201",12,3514.65,7.5,263.6,15.75,2024-06-04,0,5.0
INV-2023-0041,2023-08-31,8,2023-09-01,Net 1,1,USD,V088,Sterling Tech Group,"1722 Enterprise Ave, Seattle, OH 71396",billing@sterling-tech.com,YF-8369434,Manufacturing,SmartInvoiceInc,"100 Commerce Blvd, Dallas, TX 75201",10,44880.45,8.0,3590.44,41486.97,2023-10-14,1,5.0
INV-2024-0205,2024-08-27,8,2024-09-08,Net 12,12,USD,V098,Titan Supplies Co,"3257 Venture Blvd, Miami, IL 34070",billing@titan-supplies.com,IS-9593223,Manufacturing,SmartInvoiceInc,"100 Commerce Blvd, Dallas, TX 75201",20,30048.79,7.5,2253.66,60982.76,2024-09-08,0,5.0
INV-2023-0202,2023-10-24,10,2023-11-29,Net 36,36,USD,V025,Acme Supplies Group,"7676 Innovation Rd, Dallas, OH 77641",billing@acme-supplies.com,LM-5848287,Healthcare,SmartInvoiceInc,"100 Commerce Blvd, Dallas, TX 75201",21,13159.31,7.0,921.15,4879.31,2024-01-02,1,5.0
INV-2024-0183,2024-07-16,7,2024-08-23,Net 38,38,USD,V080,Vanguard Legal Group,"3154 Innovation Rd, Houston, NY 44911",billing@vanguard-legal.com,XN-8021855,Services,SmartInvoiceInc,"100 Commerce Blvd, Dallas, TX 75201",9,12719.42,7.0,890.36,5180.9,2024-08-23,0,5.0
INV-2023-0169,2023-09-22,9,2023-11-03,Net 42,42,USD,V045,Apex Freight Co,"6909 Innovation Rd, Austin, GA 15122",billing@apex-freight.com,OW-4708654,Retail,SmartInvoiceInc,"100 Commerce Blvd, Dallas, TX 75201",8,30963.33,7.5,2322.25,41026.93,2023-12-15,1,5.0
INV-2023-0106,2023-07-20,7,2023-08-18,Net 29,29,USD,V010,Prime Cloud Group,"8102 Commerce Blvd, Dallas, WA 79449",billing@prime-cloud.com,KL-3248988,Healthcare,SmartInvoiceInc,"100 Commerce Blvd, Dallas, TX 75201",20,29159.39,8.0,2332.75,46384.26,2023-09-18,1,5.0
INV-2023-0056,2024-03-26,3,2024-06-01,Net 67,67,USD,V015,Prime Parts Group,"3540 Corporate Ln, Miami, CO 78450",billing@prime-parts.com,IQ-6781565,Retail,SmartInvoiceInc,"100 Commerce Blvd, Dallas, TX 75201",1,33609.39,6.25,2100.59,60142.87,2024-06-18,1,5.0
INV-2024-0147,2024-07-07,7,2024-08-25,Net 49,49,USD,V016,Summit Freight Inc,"1465 Tech Park Way, Dallas, FL 26779",billing@summit-freight.com,IS-7197323,Technology,SmartInvoiceInc,"100 Commerce Blvd, Dallas, TX 75201",7,28091.55,8.25,2317.55,28682.72,2024-08-25,0,5.0
INV-2024-0030,2024-05-08,5,2024-06-09,Net 32,32,USD,V020,Titan Systems LLC,"2639 Commerce Blvd, New York, GA 31677",billing@titan-systems.com,MH-7646705,Services,SmartInvoiceInc,"100 Commerce Blvd, Dallas, TX 75201",16,44352.74,8.25,3659.1,71267.42,2024-06-09,0,5.0
INV-2022-0171,2022-02-06,2,2022-02-22,Net 16,16,USD,V042,Summit Capital Co,"5685 Venture Blvd, New York, IL 49749",billing@summit-capital.com,AE-3245131,Manufacturing,SmartInvoiceInc,"100 Commerce Blvd, Dallas, TX 75201",10,10815.78,6.25,675.99,14292.76,2022-02-22,0,5.0
INV-2023-0198,2023-08-03,8,2023-09-06,Net 34,34,USD,V063,Bright Capital Inc,"1050 Commerce Blvd, Los Angeles, OH 69201",billing@bright-capital.com,JE-8583354,Manufacturing,SmartInvoiceInc,"100 Commerce Blvd, Dallas, TX 75201",9,7312.67,7.5,548.45,8489.1,2023-10-18,1,5.0
INV-2023-0073,2023-04-16,4,2023-06-24,Net 69,69,USD,V013,Summit Partners Corp,"512 Innovation Rd, Los Angeles, CO 70692",billing@summit-partners.com,YD-8122313,Healthcare,SmartInvoiceInc,"100 Commerce Blvd, Dallas, TX 75201",12,33907.21,7.0,2373.5,27659.74,2023-06-24,0,5.0
INV-2024-0214,2024-08-15,8,2024-09-30,Net 46,46,USD,V073,Acme Systems Group,"3672 Innovation Rd, Dallas, TX 47148",billing@acme-systems.com,KV-6786265,Retail,SmartInvoiceInc,"100 Commerce Blvd, Dallas, TX 75201",5,15973.6,8.0,1277.89,14678.26,2024-11-09,1,5.0
INV-2023-0240,2024-04-06,4,2024-05-14,Net 38,38,USD,V064,Swift Labs Inc,"6128 Market St, Chicago, FL 50631",billing@swift-labs.com,OH-7356228,Healthcare,SmartInvoiceInc,"100 Commerce Blvd, Dallas, TX 75201",16,19010.38,8.25,1568.36,30248.42,2024-05-14,0,5.0
INV-2022-0196,2022-10-08,10,2022-11-22,Net 45,45,USD,V089,Delta Energy Group,"6236 Enterprise Ave, Miami, AZ 69052",billing@delta-energy.com,QZ-9752084,Retail,SmartInvoiceInc,"100 Commerce Blvd, Dallas, TX 75201",16,16763.63,9.0,1508.73,8983.62,2022-11-24,1,5.0
INV-2023-0137,2023-09-29,9,2023-10-18,Net 19,19,USD,V025,Acme Supplies Group,"7676 Innovation Rd, Dallas, OH 77641",billing@acme-supplies.com,LM-5848287,Healthcare,SmartInvoiceInc,"100 Commerce Blvd, Dallas, TX 75201",2,31784.95,9.0,2860.65,25788.21,2023-11-22,1,5.0
INV-2022-0187,2022-11-16,11,2023-01-19,Net 64,64,USD,V082,Acme Labs Inc,"2298 Enterprise Ave, Austin, NY 23859",billing@acme-labs.com,RB-3008960,Healthcare,SmartInvoiceInc,"100 Commerce Blvd, Dallas, TX 75201",15,37388.13,7.5,2804.11,45254.31,2023-02-07,1,5.0
INV-2023-0185,2023-07-06,7,2023-08-18,Net 43,43,USD,V062,Vanguard Security LLC,"5667 Market St, Dallas, FL 35053",billing@vanguard-security.com,GD-7867100,Technology,SmartInvoiceInc,"100 Commerce Blvd, Dallas, TX 75201",11,18826.49,6.25,1176.66,25309.48,2023-08-18,0,5.0
INV-2024-0219,2024-09-05,9,2024-10-21,Net 46,46,USD,V035,Pioneer Parts Co,"816 Market St, Dallas, TX 55543",billing@pioneer-parts.com,BH-9896761,Manufacturing,SmartInvoiceInc,"100 Commerce Blvd, Dallas, TX 75201",20,9549.26,8.5,811.69,13044.23,2024-10-21,0,5.0
INV-2022-0033,2021-12-28,12,2022-02-07,Net 41,41,USD,V030,Delta Solutions Group,"2879 Tech Park Way, New York, CA 66178",billing@delta-solutions.com,EO-6187480,Manufacturing,SmartInvoiceInc,"100 Commerce Blvd, Dallas, TX 75201",14,3590.35,9.0,323.13,30299.21,2022-02-15,1,5.0
INV-2024-0011,2023-09-17,9,2023-12-04,Net 78,78,USD,V082,Acme Labs Inc,"2298 Enterprise Ave, Austin, NY 23859",billing@acme-labs.com,RB-3008960,Healthcare,SmartInvoiceInc,"100 Commerce Blvd, Dallas, TX 75201",18,40536.9,7.0,2837.58,43047.31,2023-12-04,0,5.0
INV-2022-0246,2022-11-28,11,2022-12-21,Net 23,23,USD,V045,Apex Freight Co,"6909 Innovation Rd, Austin, GA 15122",billing@apex-freight.com,OW-4708654,Retail,SmartInvoiceInc,"100 Commerce Blvd, Dallas, TX 75201",1,42932.93,7.0,3005.31,43816.55,2022-12-27,1,5.0
INV-2022-0054,2021-11-29,11,2021-12-28,Net 29,29,USD,V024,Nexus Marketing Group,"6719 Innovation Rd, Atlanta, GA 62224",billing@nexus-marketing.com,CM-6304509,Technology,SmartInvoiceInc,"100 Commerce Blvd, Dallas, TX 75201",8,34285.75,6.25,2142.86,34904.36,2022-01-21,1,5.0
INV-2023-0201,2022-09-29,9,2022-11-04,Net 36,36,USD,V075,Titan Energy Co,"6804 Corporate Ln, Dallas, GA 12482",billing@titan-energy.com,XS-8433533,Healthcare,SmartInvoiceInc,"100 Commerce Blvd, Dallas, TX 75201",19,15649.33,8.0,1251.95,4206.33,2022-11-04,0,5.0
INV-2024-0279,2024-12-09,12,2024-12-22,Net 13,13,USD,V038,Horizon Freight Corp,"1431 Trade Center Dr, New York, TX 52318",billing@horizon-freight.com,WJ-2296516,Healthcare,SmartInvoiceInc,"100 Commerce Blvd, Dallas, TX 75201",17,22547.77,8.25,1860.19,48556.86,2024-12-22,0,5.0
INV-2023-0046,2023-05-05,5,2023-07-24,Net 80,80,USD,V094,Pioneer Supplies Inc,"160 Innovation Rd, Seattle, CO 23350",billing@pioneer-supplies.com,CC-6787749,Manufacturing,SmartInvoiceInc,"100 Commerce Blvd, Dallas, TX 75201",5,43626.96,8.5,3708.29,49689.27,2023-07-24,0,5.0
INV-2024-0215,2024-09-08,9,2024-09-28,Net 20,20,USD,V009,Nexus Cloud Inc,"9187 Market St, Chicago, CA 21938",billing@nexus-cloud.com,AA-2404330,Healthcare,SmartInvoiceInc,"100 Commerce Blvd, Dallas, TX 75201",1,30093.08,8.5,2557.91,45163.79,2024-10-01,1,5.0
INV-2023-0247,2023-08-09,8,2023-10-20,Net 72,72,USD,V007,Pinnacle Legal LLC,"6765 Business Pkwy, San Francisco, FL 78385",billing@pinnacle-legal.com,TJ-4693305,Services,SmartInvoiceInc,"100 Commerce Blvd, Dallas, TX 75201",1,24036.05,8.5,2043.06,29082.98,2023-11-12,1,5.0
INV-2023-0143,2023-04-05,4,2023-05-05,Net 30,30,USD,V041,Titan Tech Group,"8572 Tech Park Way, Austin, CA 38732",billing@titan-tech.com,ZS-8757202,Healthcare,SmartInvoiceInc,"100 Commerce Blvd, Dallas, TX 75201",15,33993.91,6.25,2124.62,44098.09,2023-06-10,1,5.0
INV-2024-0078,2024-04-01,4,2024-04-10,Net 9,9,USD,V037,Delta Logistics Co,"4773 Tech Park Way, Miami, OH 75215",billing@delta-logistics.com,BF-1317537,Manufacturing,SmartInvoiceInc,"100 Commerce Blvd, Dallas, TX 75201",16,23314.47,8.25,1923.44,10921.3,2024-04-10,0,5.0
INV-2024-0170,2024-07-30,7,2024-09-09,Net 41,41,USD,V003,Global Logistics LLC,"9032 Venture Blvd, San Francisco, GA 11150",billing@global-logistics.com,IL-7095929,Manufacturing,SmartInvoiceInc,"100 Commerce Blvd, Dallas, TX 75201",11,5717.37,8.0,457.39,6566.93,2024-09-09,0,5.0
INV-2023-0117,2023-08-13,8,2023-10-05,Net 53,53,USD,V061,Prime Solutions Co,"3787 Innovation Rd, Austin, GA 77506",billing@prime-solutions.com,FF-4369538,Services,SmartInvoiceInc,"100 Commerce Blvd, Dallas, TX 75201",21,15559.97,8.0,1244.8,22647.11,2023-10-19,1,5.0
INV-2023-0053,2023-03-18,3,2023-05-10,Net 53,53,USD,V079,Alpha Partners Inc,"6054 Innovation Rd, Miami, WA 66373",billing@alpha-partners.com,YO-4185714,Technology,SmartInvoiceInc,"100 Commerce Blvd, Dallas, TX 75201",7,17814.91,7.0,1247.04,10435.58,2023-05-10,0,5.0
INV-2022-0118,2021-12-17,12,2022-01-07,Net 21,21,USD,V008,Apex Security LLC,"9923 Commerce Blvd, Chicago, IL 26364",billing@apex-security.com,DP-2100567,Manufacturing,SmartInvoiceInc,"100 Commerce Blvd, Dallas, TX 75201",1,31666.6,8.25,2612.49,52427.24,2022-01-31,1,5.0
INV-2022-0106,2022-03-12,3,2022-03-27,Net 15,15,USD,V096,Sterling Security Corp,"5995 Enterprise Ave, Dallas, GA 64756",billing@sterling-security.com,VP-7611653,Technology,SmartInvoiceInc,"100 Commerce Blvd, Dallas, TX 75201",20,27440.74,6.25,1715.05,33922.99,2022-04-11,1,5.0
INV-2024-0035,2023-11-22,11,2024-01-31,Net 70,70,USD,V078,Beacon Legal LLC,"1581 Tech Park Way, Houston, TX 91974",billing@beacon-legal.com,RG-8449607,Technology,SmartInvoiceInc,"100 Commerce Blvd, Dallas, TX 75201",3,8789.26,9.0,791.03,14103.96,2024-01-31,0,5.0
INV-2022-0052,2022-06-10,6,2022-08-21,Net 72,72,USD,V031,Titan Capital LLC,"2971 Industrial Dr, San Francisco, GA 11015",billing@titan-capital.com,AV-9416320,Manufacturing,SmartInvoiceInc,"100 Commerce Blvd, Dallas, TX 75201",2,3624.93,7.5,271.87,477.66,2022-09-07,1,5.0
INV-2024-0229,2024-06-23,6,2024-07-07,Net 14,14,USD,V078,Beacon Legal LLC,"1581 Tech Park Way, Houston, TX 91974",billing@beacon-legal.com,RG-8449607,Technology,SmartInvoiceInc,"100 Commerce Blvd, Dallas, TX 75201",12,21398.52,8.25,1765.38,20843.16,2024-07-07,0,5.0
INV-2023-0010,2023-02-23,2,2023-04-10,Net 46,46,USD,V016,Summit Freight Inc,"1465 Tech Park Way, Dallas, FL 26779",billing@summit-freight.com,IS-7197323,Technology,SmartInvoiceInc,"100 Commerce Blvd, Dallas, TX 75201",11,7299.41,7.0,510.96,1.0,2023-04-14,1,5.0
INV-2022-0047,2021-12-12,12,2022-02-04,Net 54,54,USD,V085,Nexus Security Inc,"3286 Commerce Blvd, Atlanta, WA 70774",billing@nexus-security.com,IV-3245909,Services,SmartInvoiceInc,"100 Commerce Blvd, Dallas, TX 75201",1,37444.96,6.25,2340.31,32611.23,2022-02-04,0,5.0
INV-2022-0235,2023-03-10,3,2023-04-05,Net 26,26,USD,V069,Titan Security Corp,"1892 Enterprise Ave, San Francisco, AZ 11645",billing@titan-security.com,DV-7671318,Technology,SmartInvoiceInc,"100 Commerce Blvd, Dallas, TX 75201",22,581.37,7.5,43.6,3130.72,2023-05-15,1,5.0
INV-2023-0263,2023-12-29,12,2024-01-07,Net 9,9,USD,V073,Acme Systems Group,"3672 Innovation Rd, Dallas, TX 47148",billing@acme-systems.com,KV-6786265,Retail,SmartInvoiceInc,"100 Commerce Blvd, Dallas, TX 75201",5,11371.93,6.25,710.75,16193.87,2024-01-07,0,5.0
INV-2024-0031,2023-07-09,7,2023-08-30,Net 52,52,USD,V086,Swift Consulting Group,"6909 Venture Blvd, Houston, GA 84532",billing@swift-consulting.com,KF-2014929,Healthcare,SmartInvoiceInc,"100 Commerce Blvd, Dallas, TX 75201",5,8806.82,8.5,748.58,7547.1,2023-08-30,0,5.0
INV-2023-0181,2024-04-15,4,2024-05-08,Net 23,23,USD,V097,Beacon Logistics LLC,"5487 Venture Blvd, Atlanta, AZ 37935",billing@beacon-logistics.com,JP-4813270,Manufacturing,SmartInvoiceInc,"100 Commerce Blvd, Dallas, TX 75201",11,46475.99,6.25,2904.75,45250.08,2024-05-08,0,5.0
INV-2022-0247,2022-12-12,12,2023-02-13,Net 63,63,USD,V004,Metro Medical Inc,"7905 Business Pkwy, Atlanta, WA 66556",billing@metro-medical.com,UA-8474447,Healthcare,SmartInvoiceInc,"100 Commerce Blvd, Dallas, TX 75201",21,4113.68,7.5,308.53,7608.25,2023-02-13,0,5.0
INV-2022-0084,2022-04-27,4,2022-06-08,Net 42,42,USD,V028,Pioneer Systems LLC,"5163 Business Pkwy, Chicago, IL 39703",billing@pioneer-systems.com,ZD-7655623,Manufacturing,SmartInvoiceInc,"100 Commerce Blvd, Dallas, TX 75201",9,37594.26,8.0,3007.54,20618.32,2022-06-08,0,5.0
INV-2023-0209,2024-01-26,1,2024-03-11,Net 45,45,USD,V080,Vanguard Legal Group,"3154 Innovation Rd, Houston, NY 44911",billing@vanguard-legal.com,XN-8021855,Services,SmartInvoiceInc,"100 Commerce Blvd, Dallas, TX 75201",13,9898.83,6.25,618.68,31299.36,2024-03-11,0,5.0
INV-2023-0063,2023-04-18,4,2023-05-14,Net 26,26,USD,V018,Beacon Partners Group,"7292 Market St, San Francisco, FL 70566",billing@beacon-partners.com,PY-1787494,Healthcare,SmartInvoiceInc,"100 Commerce Blvd, Dallas, TX 75201",14,37085.03,7.5,2781.38,1.0,2023-05-14,0,5.0
INV-2022-0184,2022-09-21,9,2022-10-07,Net 16,16,USD,V042,Summit Capital Co,"5685 Venture Blvd, New York, IL 49749",billing@summit-capital.com,AE-3245131,Manufacturing,SmartInvoiceInc,"100 Commerce Blvd, Dallas, TX 75201",1,38772.58,8.5,3295.67,68539.94,2022-11-10,1,5.0
INV-2024-0233,2024-10-11,10,2024-11-18,Net 38,38,USD,V058,Alpha Parts Inc,"5515 Business Pkwy, Chicago, CO 68596",billing@alpha-parts.com,NC-1873172,Healthcare,SmartInvoiceInc,"100 Commerce Blvd, Dallas, TX 75201",1,40499.36,7.0,2834.96,47661.9,2024-11-18,0,5.0
INV-2022-0209,2022-08-26,8,2022-09-11,Net 16,16,USD,V040,Elite Tech Co,"6369 Tech Park Way, Atlanta, GA 90719",billing@elite-tech.com,KV-2072647,Retail,SmartInvoiceInc,"100 Commerce Blvd, Dallas, TX 75201",5,44381.88,6.25,2773.87,50431.27,2022-09-11,0,5.0
INV-2022-0139,2022-03-18,3,2022-04-08,Net 21,21,USD,V029,Nexus Freight Group,"639 Enterprise Ave, Atlanta, FL 30159",billing@nexus-freight.com,VQ-5010912,Healthcare,SmartInvoiceInc,"100 Commerce Blvd, Dallas, TX 75201",10,43008.69,9.0,3870.78,42877.35,2022-04-14,1,5.0
INV-2023-0182,2023-08-19,8,2023-10-13,Net 55,55,USD,V020,Titan Systems LLC,"2639 Commerce Blvd, New York, GA 31677",billing@titan-systems.com,MH-7646705,Services,SmartInvoiceInc,"100 Commerce Blvd, Dallas, TX 75201",8,49598.52,8.5,4215.87,44151.41,2023-11-06,1,5.0
INV-2023-0059,2023-05-21,5,2023-07-03,Net 43,43,USD,V047,Elite Energy Inc,"6329 Venture Blvd, Atlanta, TX 13596",billing@elite-energy.com,TY-1467010,Technology,SmartInvoiceInc,"100 Commerce Blvd, Dallas, TX 75201",20,21693.68,6.25,1355.86,24961.99,2023-07-03,0,5.0
INV-2023-0215,2023-08-26,8,2023-11-08,Net 74,74,USD,V099,Pioneer Works Corp,"1600 Industrial Dr, Los Angeles, GA 29426",billing@pioneer-works.com,RJ-1066150,Technology,SmartInvoiceInc,"100 Commerce Blvd, Dallas, TX 75201",11,45312.3,8.25,3738.26,137956.8,2023-11-08,0,5.0
INV-2023-0194,2023-11-17,11,2023-12-11,Net 24,24,USD,V042,Summit Capital Co,"5685 Venture Blvd, New York, IL 49749",billing@summit-capital.com,AE-3245131,Manufacturing,SmartInvoiceInc,"100 Commerce Blvd, Dallas, TX 75201",2,47693.44,7.0,3338.54,35662.12,2023-12-28,1,5.0
INV-2022-0046,2022-05-06,5,2022-06-10,Net 35,35,USD,V038,Horizon Freight Corp,"1431 Trade Center Dr, New York, TX 52318",billing@horizon-freight.com,WJ-2296516,Healthcare,SmartInvoiceInc,"100 Commerce Blvd, Dallas, TX 75201",7,39266.49,8.5,3337.65,40925.5,2022-06-10,0,5.0
INV-2024-0132,2023-09-30,9,2023-10-12,Net 12,12,USD,V019,Pioneer Marketing Co,"5261 Venture Blvd, Miami, AZ 19348",billing@pioneer-marketing.com,CW-3276360,Manufacturing,SmartInvoiceInc,"100 Commerce Blvd, Dallas, TX 75201",11,1527.52,7.0,106.93,1.0,2023-11-02,1,5.0
INV-2024-0244,2025-02-20,2,2025-03-29,Net 37,37,USD,V093,Delta Labs Corp,"7201 Industrial Dr, Atlanta, AZ 11524",billing@delta-labs.com,II-7984720,Technology,SmartInvoiceInc,"100 Commerce Blvd, Dallas, TX 75201",4,9007.89,6.25,562.99,49330.88,2025-04-14,1,5.0
INV-2023-0204,2023-06-17,6,2023-07-30,Net 43,43,USD,V061,Prime Solutions Co,"3787 Innovation Rd, Austin, GA 77506",billing@prime-solutions.com,FF-4369538,Services,SmartInvoiceInc,"100 Commerce Blvd, Dallas, TX 75201",22,11008.14,8.0,880.65,25519.57,2023-07-30,0,5.0
INV-2024-0196,2024-02-21,2,2024-04-04,Net 43,43,USD,V074,Summit Systems LLC,"5688 Commerce Blvd, Miami, TX 56163",billing@summit-systems.com,IQ-3412149,Retail,SmartInvoiceInc,"100 Commerce Blvd, Dallas, TX 75201",16,1211.87,7.5,90.89,6082.64,2024-04-04,0,5.0
INV-2023-0113,2023-05-10,5,2023-06-23,Net 44,44,USD,V044,Global Systems Inc,"1376 Market St, Chicago, OH 18717",billing@global-systems.com,ZW-1067661,Manufacturing,SmartInvoiceInc,"100 Commerce Blvd, Dallas, TX 75201",4,25433.57,7.0,1780.35,37927.55,2023-06-27,1,5.0
INV-2022-0154,2022-11-20,11,2022-12-31,Net 41,41,USD,V078,Beacon Legal LLC,"1581 Tech Park Way, Houston, TX 91974",billing@beacon-legal.com,RG-8449607,Technology,SmartInvoiceInc,"100 Commerce Blvd, Dallas, TX 75201",23,8414.05,7.5,631.05,14402.24,2022-12-31,0,5.0
INV-2022-0240,2023-03-26,3,2023-04-20,Net 25,25,USD,V050,Alpha Logistics Inc,"1560 Business Pkwy, San Francisco, OH 11605",billing@alpha-logistics.com,WP-3255363,Services,SmartInvoiceInc,"100 Commerce Blvd, Dallas, TX 75201",15,25415.58,8.5,2160.32,25405.34,2023-04-20,0,5.0
INV-2023-0188,2023-10-04,10,2023-10-31,Net 27,27,USD,V084,Bright Medical LLC,"7183 Tech Park Way, Los Angeles, AZ 27771",billing@bright-medical.com,XQ-6499593,Services,SmartInvoiceInc,"100 Commerce Blvd, Dallas, TX 75201",14,27578.74,8.5,2344.19,29842.87,2023-10-31,0,5.0
INV-2023-0192,2023-05-24,5,2023-06-04,Net 11,11,USD,V006,Apex Solutions Co,"2241 Market St, San Francisco, AZ 45247",billing@apex-solutions.com,UG-6698848,Healthcare,SmartInvoiceInc,"100 Commerce Blvd, Dallas, TX 75201",1,2470.67,7.0,172.95,35821.68,2023-06-19,1,5.0
INV-2022-0256,2022-12-10,12,2023-01-15,Net 36,36,USD,V044,Global Systems Inc,"1376 Market St, Chicago, OH 18717",billing@global-systems.com,ZW-1067661,Manufacturing,SmartInvoiceInc,"100 Commerce Blvd, Dallas, TX 75201",1,2633.46,8.25,217.26,14523.7,2023-01-15,0,5.0
INV-2022-0218,2022-08-10,8,2022-08-16,Net 6,6,USD,V091,Pioneer Logistics Co,"8440 Innovation Rd, Los Angeles, TX 34762",billing@pioneer-logistics.com,GH-1378165,Manufacturing,SmartInvoiceInc,"100 Commerce Blvd, Dallas, TX 75201",4,7489.35,9.0,674.04,31786.71,2022-08-16,0,5.0
INV-2022-0182,2022-10-06,10,2022-11-21,Net 46,46,USD,V080,Vanguard Legal Group,"3154 Innovation Rd, Houston, NY 44911",billing@vanguard-legal.com,XN-8021855,Services,SmartInvoiceInc,"100 Commerce Blvd, Dallas, TX 75201",3,19390.02,8.5,1648.15,31934.99,2022-11-21,0,5.0
INV-2022-0107,2022-08-11,8,2022-09-23,Net 43,43,USD,V035,Pioneer Parts Co,"816 Market St, Dallas, TX 55543",billing@pioneer-parts.com,BH-9896761,Manufacturing,SmartInvoiceInc,"100 Commerce Blvd, Dallas, TX 75201",2,10004.8,7.0,700.34,10466.23,2022-09-23,0,5.0
INV-2023-0034,2023-03-12,3,2023-04-29,Net 48,48,USD,V041,Titan Tech Group,"8572 Tech Park Way, Austin, CA 38732",billing@titan-tech.com,ZS-8757202,Healthcare,SmartInvoiceInc,"100 Commerce Blvd, Dallas, TX 75201",15,44429.71,9.0,3998.67,46635.13,2023-04-29,0,5.0
INV-2024-0195,2024-09-17,9,2024-09-30,Net 13,13,USD,V007,Pinnacle Legal LLC,"6765 Business Pkwy, San Francisco, FL 78385",billing@pinnacle-legal.com,TJ-4693305,Services,SmartInvoiceInc,"100 Commerce Blvd, Dallas, TX 75201",1,28312.26,8.0,2264.98,34236.35,2024-09-30,0,5.0
INV-2023-0069,2023-08-24,8,2023-10-19,Net 56,56,USD,V010,Prime Cloud Group,"8102 Commerce Blvd, Dallas, WA 79449",billing@prime-cloud.com,KL-3248988,Healthcare,SmartInvoiceInc,"100 Commerce Blvd, Dallas, TX 75201",2,34596.12,8.25,2854.18,48909.6,2023-10-19,0,5.0
INV-2024-0056,2024-08-30,8,2024-08-31,Net 1,1,USD,V081,Acme Consulting Group,"5719 Enterprise Ave, New York, IL 96925",billing@acme-consulting.com,WP-5241361,Manufacturing,SmartInvoiceInc,"100 Commerce Blvd, Dallas, TX 75201",23,48403.27,9.0,4356.29,47213.43,2024-09-12,1,5.0
INV-2024-0226,2024-12-02,12,2025-01-29,Net 58,58,USD,V056,Global Works Group,"7141 Innovation Rd, Houston, FL 18512",billing@global-works.com,EI-9112074,Services,SmartInvoiceInc,"100 Commerce Blvd, Dallas, TX 75201",9,26541.08,8.5,2255.99,53293.72,2025-01-29,0,5.0
INV-2024-0043,2023-12-26,12,2024-02-23,Net 59,59,USD,V081,Acme Consulting Group,"5719 Enterprise Ave, New York, IL 96925",billing@acme-consulting.com,WP-5241361,Manufacturing,SmartInvoiceInc,"100 Commerce Blvd, Dallas, TX 75201",12,23829.76,7.0,1668.08,51207.3,2024-03-30,1,5.0
INV-2023-0076,2023-08-07,8,2023-08-24,Net 17,17,USD,V071,Pinnacle Supplies Inc,"8493 Market St, Atlanta, IL 23224",billing@pinnacle-supplies.com,CT-2017433,Services,SmartInvoiceInc,"100 Commerce Blvd, Dallas, TX 75201",15,10367.6,8.0,829.41,9759.02,2023-09-19,1,5.0
INV-2024-0007,2023-06-30,6,2023-09-15,Net 77,77,USD,V097,Beacon Logistics LLC,"5487 Venture Blvd, Atlanta, AZ 37935",billing@beacon-logistics.com,JP-4813270,Manufacturing,SmartInvoiceInc,"100 Commerce Blvd, Dallas, TX 75201",18,36401.71,7.5,2730.13,47548.8,2023-10-26,1,5.0
INV-2023-0107,2023-06-05,6,2023-08-17,Net 73,73,USD,V045,Apex Freight Co,"6909 Innovation Rd, Austin, GA 15122",billing@apex-freight.com,OW-4708654,Retail,SmartInvoiceInc,"100 Commerce Blvd, Dallas, TX 75201",8,10749.33,6.25,671.83,14802.48,2023-09-23,1,5.0
INV-2023-0085,2023-04-04,4,2023-05-07,Net 33,33,USD,V057,Pioneer Consulting Inc,"1704 Industrial Dr, San Francisco, WA 80792",billing@pioneer-consulting.com,BL-2384418,Services,SmartInvoiceInc,"100 Commerce Blvd, Dallas, TX 75201",12,17470.53,6.25,1091.91,14325.9,2023-06-06,1,5.0
INV-2022-0081,2022-05-11,5,2022-06-04,Net 24,24,USD,V040,Elite Tech Co,"6369 Tech Park Way, Atlanta, GA 90719",billing@elite-tech.com,KV-2072647,Retail,SmartInvoiceInc,"100 Commerce Blvd, Dallas, TX 75201",4,12390.86,7.0,867.36,389.05,2022-06-04,0,5.0
INV-2024-0016,2024-07-09,7,2024-08-10,Net 32,32,USD,V024,Nexus Marketing Group,"6719 Innovation Rd, Atlanta, GA 62224",billing@nexus-marketing.com,CM-6304509,Technology,SmartInvoiceInc,"100 Commerce Blvd, Dallas, TX 75201",15,43892.38,7.0,3072.47,55394.7,2024-09-16,1,5.0
INV-2022-0252,2023-09-04,9,2023-09-15,Net 11,11,USD,V045,Apex Freight Co,"6909 Innovation Rd, Austin, GA 15122",billing@apex-freight.com,OW-4708654,Retail,SmartInvoiceInc,"100 Commerce Blvd, Dallas, TX 75201",17,18918.07,6.25,1182.38,12577.95,2023-09-19,1,5.0
INV-2022-0234,2022-11-14,11,2022-11-29,Net 15,15,USD,V082,Acme Labs Inc,"2298 Enterprise Ave, Austin, NY 23859",billing@acme-labs.com,RB-3008960,Healthcare,SmartInvoiceInc,"100 Commerce Blvd, Dallas, TX 75201",19,29364.83,9.0,2642.83,36777.12,2022-11-29,0,5.0
INV-2024-0032,2024-02-16,2,2024-03-17,Net 30,30,USD,V009,Nexus Cloud Inc,"9187 Market St, Chicago, CA 21938",billing@nexus-cloud.com,AA-2404330,Healthcare,SmartInvoiceInc,"100 Commerce Blvd, Dallas, TX 75201",11,25210.35,8.0,2016.83,27317.7,2024-04-05,1,5.0
INV-2024-0026,2024-09-11,9,2024-11-11,Net 61,61,USD,V090,Apex Medical LLC,"3729 Industrial Dr, New York, TX 29250",billing@apex-medical.com,UD-7247794,Manufacturing,SmartInvoiceInc,"100 Commerce Blvd, Dallas, TX 75201",11,48096.76,7.0,3366.77,42985.37,2024-11-11,0,5.0
INV-2024-0184,2024-09-30,9,2024-10-31,Net 31,31,USD,V003,Global Logistics LLC,"9032 Venture Blvd, San Francisco, GA 11150",billing@global-logistics.com,IL-7095929,Manufacturing,SmartInvoiceInc,"100 Commerce Blvd, Dallas, TX 75201",1,45522.65,6.25,2845.17,1.0,2024-11-12,1,5.0
INV-2023-0062,2022-07-29,7,2022-10-27,Net 90,90,USD,V049,Global Freight Corp,"2572 Enterprise Ave, New York, FL 64553",billing@global-freight.com,BX-2314532,Technology,SmartInvoiceInc,"100 Commerce Blvd, Dallas, TX 75201",4,21967.87,9.0,1977.11,5849.73,2022-10-27,0,5.0
INV-2024-0080,2024-05-15,5,2024-07-04,Net 50,50,USD,V072,Elite Supplies LLC,"8170 Industrial Dr, Houston, TX 16783",billing@elite-supplies.com,KL-1996530,Technology,SmartInvoiceInc,"100 Commerce Blvd, Dallas, TX 75201",1,47079.12,9.0,4237.12,41765.39,2024-07-04,0,5.0
INV-2022-0210,2022-11-30,11,2023-01-20,Net 51,51,USD,V100,Swift Capital Corp,"2767 Industrial Dr, Austin, IL 12983",billing@swift-capital.com,ZW-2841648,Retail,SmartInvoiceInc,"100 Commerce Blvd, Dallas, TX 75201",1,3037.54,7.0,212.63,35185.59,2023-02-05,1,5.0
INV-2022-0170,2022-10-03,10,2022-12-02,Net 60,60,USD,V058,Alpha Parts Inc,"5515 Business Pkwy, Chicago, CO 68596",billing@alpha-parts.com,NC-1873172,Healthcare,SmartInvoiceInc,"100 Commerce Blvd, Dallas, TX 75201",4,18170.63,8.0,1453.65,25517.28,2023-01-12,1,5.0
INV-2023-0035,2023-01-29,1,2023-03-21,Net 51,51,USD,V078,Beacon Legal LLC,"1581 Tech Park Way, Houston, TX 91974",billing@beacon-legal.com,RG-8449607,Technology,SmartInvoiceInc,"100 Commerce Blvd, Dallas, TX 75201",11,14949.6,7.0,1046.47,14661.33,2023-04-10,1,5.0
INV-2022-0103,2022-09-09,9,2022-10-24,Net 45,45,USD,V063,Bright Capital Inc,"1050 Commerce Blvd, Los Angeles, OH 69201",billing@bright-capital.com,JE-8583354,Manufacturing,SmartInvoiceInc,"100 Commerce Blvd, Dallas, TX 75201",22,26802.16,7.0,1876.15,13751.14,2022-10-24,0,5.0
INV-2022-0236,2022-10-06,10,2022-12-05,Net 60,60,USD,V014,Swift Parts Inc,"3067 Tech Park Way, Dallas, NY 95999",billing@swift-parts.com,DR-1070640,Healthcare,SmartInvoiceInc,"100 Commerce Blvd, Dallas, TX 75201",12,44948.78,8.0,3595.9,48711.31,2022-12-19,1,5.0
INV-2022-0161,2022-07-26,7,2022-09-09,Net 45,45,USD,V088,Sterling Tech Group,"1722 Enterprise Ave, Seattle, OH 71396",billing@sterling-tech.com,YF-8369434,Manufacturing,SmartInvoiceInc,"100 Commerce Blvd, Dallas, TX 75201",5,33503.21,8.25,2764.01,71765.61,2022-10-15,1,5.0
INV-2023-0094,2023-05-21,5,2023-06-17,Net 27,27,USD,V040,Elite Tech Co,"6369 Tech Park Way, Atlanta, GA 90719",billing@elite-tech.com,KV-2072647,Retail,SmartInvoiceInc,"100 Commerce Blvd, Dallas, TX 75201",28,48875.55,9.0,4398.8,48358.47,2023-07-04,1,5.0
INV-2022-0013,2022-01-21,1,2022-03-22,Net 60,60,USD,V048,Pacific Tech Co,"9461 Market St, New York, CA 22910",billing@pacific-tech.com,HH-9469872,Retail,SmartInvoiceInc,"100 Commerce Blvd, Dallas, TX 75201",5,8080.65,7.5,606.05,14412.87,2022-03-22,0,5.0
INV-2023-0144,2023-10-31,10,2023-12-13,Net 43,43,USD,V055,Beacon Security Co,"2126 Tech Park Way, Dallas, OH 69383",billing@beacon-security.com,JE-4757974,Manufacturing,SmartInvoiceInc,"100 Commerce Blvd, Dallas, TX 75201",7,38602.46,8.0,3088.2,37888.07,2023-12-13,0,5.0
INV-2022-0040,2021-11-24,11,2021-12-27,Net 33,33,USD,V083,Metro Freight Group,"3694 Venture Blvd, Houston, NY 86918",billing@metro-freight.com,LT-7193956,Technology,SmartInvoiceInc,"100 Commerce Blvd, Dallas, TX 75201",13,32599.0,8.5,2770.91,30255.61,2021-12-27,0,5.0
INV-2023-0222,2024-01-15,1,2024-02-17,Net 33,33,USD,V100,Swift Capital Corp,"2767 Industrial Dr, Austin, IL 12983",billing@swift-capital.com,ZW-2841648,Retail,SmartInvoiceInc,"100 Commerce Blvd, Dallas, TX 75201",20,16728.22,7.5,1254.62,19174.32,2024-02-17,0,5.0
INV-2023-0174,2023-07-08,7,2023-09-12,Net 66,66,USD,V051,Summit Cloud Inc,"8534 Innovation Rd, San Francisco, FL 19111",billing@summit-cloud.com,FB-8643603,Retail,SmartInvoiceInc,"100 Commerce Blvd, Dallas, TX 75201",5,27997.12,7.5,2099.78,59332.43,2023-09-12,0,5.0
INV-2022-0098,2022-04-01,4,2022-04-09,Net 8,8,USD,V027,Delta Security Inc,"6290 Trade Center Dr, Dallas, TX 78866",billing@delta-security.com,PW-6118922,Retail,SmartInvoiceInc,"100 Commerce Blvd, Dallas, TX 75201",10,4671.09,9.0,420.4,1.0,2022-04-09,0,5.0
INV-2024-0277,2025-07-12,7,2025-08-18,Net 37,37,USD,V011,Acme Legal Group,"5826 Industrial Dr, Austin, CA 37350",billing@acme-legal.com,QZ-5833177,Manufacturing,SmartInvoiceInc,"100 Commerce Blvd, Dallas, TX 75201",3,8692.24,9.0,782.3,1.0,2025-08-18,0,5.0
INV-2024-0238,2024-12-28,12,2025-02-15,Net 49,49,USD,V009,Nexus Cloud Inc,"9187 Market St, Chicago, CA 21938",billing@nexus-cloud.com,AA-2404330,Healthcare,SmartInvoiceInc,"100 Commerce Blvd, Dallas, TX 75201",1,10226.1,6.25,639.13,23157.59,2025-02-15,0,5.0
INV-2024-0163,2024-07-11,7,2024-07-30,Net 19,19,USD,V072,Elite Supplies LLC,"8170 Industrial Dr, Houston, TX 16783",billing@elite-supplies.com,KL-1996530,Technology,SmartInvoiceInc,"100 Commerce Blvd, Dallas, TX 75201",12,35364.6,7.0,2475.52,27535.19,2024-07-30,0,5.0
INV-2022-0055,2022-03-02,3,2022-04-10,Net 39,39,USD,V035,Pioneer Parts Co,"816 Market St, Dallas, TX 55543",billing@pioneer-parts.com,BH-9896761,Manufacturing,SmartInvoiceInc,"100 Commerce Blvd, Dallas, TX 75201",16,13621.52,7.0,953.51,5169.23,2022-04-10,0,5.0
INV-2023-0028,2022-11-08,11,2022-11-23,Net 15,15,USD,V034,Summit Ventures Co,"4909 Venture Blvd, Austin, TX 66397",billing@summit-ventures.com,IN-7195200,Services,SmartInvoiceInc,"100 Commerce Blvd, Dallas, TX 75201",8,36441.2,6.25,2277.57,37187.06,2022-11-23,0,5.0
INV-2023-0155,2023-11-11,11,2023-12-28,Net 47,47,USD,V095,Pacific Supplies Group,"2422 Enterprise Ave, Dallas, TX 59481",billing@pacific-supplies.com,YW-8599600,Retail,SmartInvoiceInc,"100 Commerce Blvd, Dallas, TX 75201",12,28438.62,8.0,2275.09,15045.52,2024-01-31,1,5.0
INV-2024-0094,2024-06-27,6,2024-07-30,Net 33,33,USD,V085,Nexus Security Inc,"3286 Commerce Blvd, Atlanta, WA 70774",billing@nexus-security.com,IV-3245909,Services,SmartInvoiceInc,"100 Commerce Blvd, Dallas, TX 75201",3,29342.96,7.5,2200.72,46828.85,2024-07-30,0,5.0
INV-2022-0095,2022-07-04,7,2022-07-25,Net 21,21,USD,V081,Acme Consulting Group,"5719 Enterprise Ave, New York, IL 96925",billing@acme-consulting.com,WP-5241361,Manufacturing,SmartInvoiceInc,"100 Commerce Blvd, Dallas, TX 75201",4,9597.34,8.25,791.78,10191.18,2022-07-25,0,5.0
INV-2024-0150,2024-08-06,8,2024-08-07,Net 1,1,USD,V063,Bright Capital Inc,"1050 Commerce Blvd, Los Angeles, OH 69201",billing@bright-capital.com,JE-8583354,Manufacturing,SmartInvoiceInc,"100 Commerce Blvd, Dallas, TX 75201",21,24744.4,7.0,1732.11,1.0,2024-09-12,1,5.0
INV-2022-0174,2022-08-12,8,2022-09-01,Net 20,20,USD,V010,Prime Cloud Group,"8102 Commerce Blvd, Dallas, WA 79449",billing@prime-cloud.com,KL-3248988,Healthcare,SmartInvoiceInc,"100 Commerce Blvd, Dallas, TX 75201",20,13245.21,8.0,1059.62,1.0,2022-09-13,1,5.0
INV-2024-0051,2024-03-03,3,2024-04-20,Net 48,48,USD,V014,Swift Parts Inc,"3067 Tech Park Way, Dallas, NY 95999",billing@swift-parts.com,DR-1070640,Healthcare,SmartInvoiceInc,"100 Commerce Blvd, Dallas, TX 75201",22,14199.33,8.25,1171.44,31582.66,2024-05-20,1,5.0
INV-2022-0166,2023-01-22,1,2023-04-09,Net 77,77,USD,V039,Elite Labs Group,"237 Innovation Rd, Dallas, AZ 29963",billing@elite-labs.com,TX-2849396,Manufacturing,SmartInvoiceInc,"100 Commerce Blvd, Dallas, TX 75201",2,14750.04,7.0,1032.5,54378.34,2023-04-09,0,5.0
INV-2024-0073,2024-02-27,2,2024-04-25,Net 58,58,USD,V061,Prime Solutions Co,"3787 Innovation Rd, Austin, GA 77506",billing@prime-solutions.com,FF-4369538,Services,SmartInvoiceInc,"100 Commerce Blvd, Dallas, TX 75201",1,42684.51,8.5,3628.18,62260.25,2024-05-12,1,5.0
INV-2022-0119,2022-05-13,5,2022-07-06,Net 54,54,USD,V051,Summit Cloud Inc,"8534 Innovation Rd, San Francisco, FL 19111",billing@summit-cloud.com,FB-8643603,Retail,SmartInvoiceInc,"100 Commerce Blvd, Dallas, TX 75201",6,24508.39,7.0,1715.59,30965.23,2022-07-06,0,5.0
INV-2022-0071,2022-03-12,3,2022-05-10,Net 59,59,USD,V021,Swift Ventures LLC,"9509 Enterprise Ave, San Francisco, OH 36962",billing@swift-ventures.com,HP-7243669,Retail,SmartInvoiceInc,"100 Commerce Blvd, Dallas, TX 75201",11,30902.22,8.5,2626.69,28283.63,2022-05-10,0,5.0
INV-2024-0079,2024-07-08,7,2024-09-23,Net 77,77,USD,V033,Nexus Tech Inc,"504 Corporate Ln, New York, TX 70100",billing@nexus-tech.com,EF-4196340,Healthcare,SmartInvoiceInc,"100 Commerce Blvd, Dallas, TX 75201",18,4207.34,6.25,262.96,3892.66,2024-09-23,0,5.0
INV-2022-0230,2023-03-28,3,2023-05-26,Net 59,59,USD,V076,Bright Cloud Inc,"4624 Innovation Rd, Austin, CA 43536",billing@bright-cloud.com,NS-1703662,Manufacturing,SmartInvoiceInc,"100 Commerce Blvd, Dallas, TX 75201",5,10150.43,8.5,862.79,10157.48,2023-05-26,0,5.0
INV-2024-0074,2024-07-18,7,2024-08-27,Net 40,40,USD,V042,Summit Capital Co,"5685 Venture Blvd, New York, IL 49749",billing@summit-capital.com,AE-3245131,Manufacturing,SmartInvoiceInc,"100 Commerce Blvd, Dallas, TX 75201",11,29051.99,7.5,2178.9,54910.0,2024-08-27,0,5.0
INV-2022-0155,2022-08-06,8,2022-10-18,Net 73,73,USD,V057,Pioneer Consulting Inc,"1704 Industrial Dr, San Francisco, WA 80792",billing@pioneer-consulting.com,BL-2384418,Services,SmartInvoiceInc,"100 Commerce Blvd, Dallas, TX 75201",1,41791.12,8.25,3447.77,56501.11,2022-10-18,0,5.0
INV-2023-0011,2023-03-16,3,2023-04-30,Net 45,45,USD,V071,Pinnacle Supplies Inc,"8493 Market St, Atlanta, IL 23224",billing@pinnacle-supplies.com,CT-2017433,Services,SmartInvoiceInc,"100 Commerce Blvd, Dallas, TX 75201",4,42277.68,7.0,2959.44,54443.35,2023-06-06,1,5.0
INV-2024-0123,2024-09-22,9,2024-12-18,Net 87,87,USD,V098,Titan Supplies Co,"3257 Venture Blvd, Miami, IL 34070",billing@titan-supplies.com,IS-9593223,Manufacturing,SmartInvoiceInc,"100 Commerce Blvd, Dallas, TX 75201",5,43109.55,8.25,3556.54,51803.6,2024-12-18,0,5.0
INV-2023-0088,2023-04-01,4,2023-05-26,Net 55,55,USD,V088,Sterling Tech Group,"1722 Enterprise Ave, Seattle, OH 71396",billing@sterling-tech.com,YF-8369434,Manufacturing,SmartInvoiceInc,"100 Commerce Blvd, Dallas, TX 75201",13,11952.2,9.0,1075.7,1.0,2023-05-26,0,5.0
INV-2024-0126,2024-04-15,4,2024-04-24,Net 9,9,USD,V011,Acme Legal Group,"5826 Industrial Dr, Austin, CA 37350",billing@acme-legal.com,QZ-5833177,Manufacturing,SmartInvoiceInc,"100 Commerce Blvd, Dallas, TX 75201",9,26073.07,8.25,2151.03,17403.16,2024-04-24,0,5.0
INV-2024-0251,2024-09-17,9,2024-10-10,Net 23,23,USD,V068,Nexus Energy Group,"3976 Innovation Rd, Seattle, TX 75310",billing@nexus-energy.com,ZI-9887324,Technology,SmartInvoiceInc,"100 Commerce Blvd, Dallas, TX 75201",5,34416.14,8.5,2925.37,36122.85,2024-11-02,1,5.0
INV-2023-0086,2023-04-28,4,2023-06-27,Net 60,60,USD,V054,Swift Medical Group,"324 Market St, Dallas, TX 88477",billing@swift-medical.com,FE-9671370,Retail,SmartInvoiceInc,"100 Commerce Blvd, Dallas, TX 75201",1,5234.21,7.0,366.39,12260.87,2023-07-05,1,5.0
INV-2024-0139,2024-09-17,9,2024-10-02,Net 15,15,USD,V018,Beacon Partners Group,"7292 Market St, San Francisco, FL 70566",billing@beacon-partners.com,PY-1787494,Healthcare,SmartInvoiceInc,"100 Commerce Blvd, Dallas, TX 75201",24,30712.97,8.5,2610.6,33239.29,2024-10-21,1,5.0
INV-2024-0212,2024-09-16,9,2024-10-21,Net 35,35,USD,V029,Nexus Freight Group,"639 Enterprise Ave, Atlanta, FL 30159",billing@nexus-freight.com,VQ-5010912,Healthcare,SmartInvoiceInc,"100 Commerce Blvd, Dallas, TX 75201",16,28181.3,7.0,1972.69,27823.26,2024-10-21,0,5.0
INV-2024-0180,2025-01-30,1,2025-03-19,Net 48,48,USD,V002,Vanguard Supplies Group,"6899 Industrial Dr, Seattle, NY 96672",billing@vanguard-supplies.com,XS-7319707,Manufacturing,SmartInvoiceInc,"100 Commerce Blvd, Dallas, TX 75201",19,48202.42,8.25,3976.7,57086.0,2025-03-19,0,5.0
INV-2023-0130,2023-06-20,6,2023-08-09,Net 50,50,USD,V076,Bright Cloud Inc,"4624 Innovation Rd, Austin, CA 43536",billing@bright-cloud.com,NS-1703662,Manufacturing,SmartInvoiceInc,"100 Commerce Blvd, Dallas, TX 75201",5,20007.46,7.0,1400.52,19286.62,2023-08-09,0,5.0
INV-2024-0245,2024-09-28,9,2024-11-16,Net 49,49,USD,V016,Summit Freight Inc,"1465 Tech Park Way, Dallas, FL 26779",billing@summit-freight.com,IS-7197323,Technology,SmartInvoiceInc,"100 Commerce Blvd, Dallas, TX 75201",10,37435.89,6.25,2339.74,22588.71,2024-11-16,0,5.0
INV-2022-0091,2022-05-26,5,2022-06-08,Net 13,13,USD,V013,Summit Partners Corp,"512 Innovation Rd, Los Angeles, CO 70692",billing@summit-partners.com,YD-8122313,Healthcare,SmartInvoiceInc,"100 Commerce Blvd, Dallas, TX 75201",12,45012.82,8.25,3713.56,47666.45,2022-06-23,1,5.0
INV-2022-0068,2021-12-01,12,2022-01-13,Net 43,43,USD,V007,Pinnacle Legal LLC,"6765 Business Pkwy, San Francisco, FL 78385",billing@pinnacle-legal.com,TJ-4693305,Services,SmartInvoiceInc,"100 Commerce Blvd, Dallas, TX 75201",8,15397.83,8.0,1231.83,9767.58,2022-01-13,0,5.0
INV-2023-0131,2023-07-05,7,2023-09-01,Net 58,58,USD,V065,Delta Tech Group,"2991 Industrial Dr, Austin, NY 85683",billing@delta-tech.com,DZ-8726890,Services,SmartInvoiceInc,"100 Commerce Blvd, Dallas, TX 75201",15,34941.85,8.25,2882.7,32729.92,2023-09-30,1,5.0
INV-2024-0086,2024-06-08,6,2024-08-07,Net 60,60,USD,V085,Nexus Security Inc,"3286 Commerce Blvd, Atlanta, WA 70774",billing@nexus-security.com,IV-3245909,Services,SmartInvoiceInc,"100 Commerce Blvd, Dallas, TX 75201",12,7823.94,7.5,586.8,1.0,2024-08-07,0,5.0
INV-2024-0208,2024-11-13,11,2024-12-05,Net 22,22,USD,V077,Pioneer Data LLC,"6745 Commerce Blvd, Houston, OH 35522",billing@pioneer-data.com,DA-6517366,Services,SmartInvoiceInc,"100 Commerce Blvd, Dallas, TX 75201",17,17422.36,9.0,1568.01,13564.37,2024-12-05,0,5.0
INV-2023-0060,2023-03-31,3,2023-05-02,Net 32,32,USD,V080,Vanguard Legal Group,"3154 Innovation Rd, Houston, NY 44911",billing@vanguard-legal.com,XN-8021855,Services,SmartInvoiceInc,"100 Commerce Blvd, Dallas, TX 75201",3,2204.35,8.0,176.35,1761.79,2023-05-02,0,5.0
INV-2023-0019,2023-03-04,3,2023-05-14,Net 71,71,USD,V097,Beacon Logistics LLC,"5487 Venture Blvd, Atlanta, AZ 37935",billing@beacon-logistics.com,JP-4813270,Manufacturing,SmartInvoiceInc,"100 Commerce Blvd, Dallas, TX 75201",9,27148.97,8.5,2307.66,24833.13,2023-05-14,0,5.0
INV-2023-0217,2024-04-18,4,2024-06-18,Net 61,61,USD,V028,Pioneer Systems LLC,"5163 Business Pkwy, Chicago, IL 39703",billing@pioneer-systems.com,ZD-7655623,Manufacturing,SmartInvoiceInc,"100 Commerce Blvd, Dallas, TX 75201",1,7117.93,8.5,605.02,13574.89,2024-07-27,1,5.0
INV-2022-0042,2022-03-02,3,2022-04-02,Net 31,31,USD,V058,Alpha Parts Inc,"5515 Business Pkwy, Chicago, CO 68596",billing@alpha-parts.com,NC-1873172,Healthcare,SmartInvoiceInc,"100 Commerce Blvd, Dallas, TX 75201",11,46939.97,8.0,3755.2,32987.57,2022-04-02,0,5.0
INV-2022-0167,2022-10-09,10,2022-12-06,Net 58,58,USD,V071,Pinnacle Supplies Inc,"8493 Market St, Atlanta, IL 23224",billing@pinnacle-supplies.com,CT-2017433,Services,SmartInvoiceInc,"100 Commerce Blvd, Dallas, TX 75201",12,38383.16,7.5,2878.74,79097.71,2022-12-21,1,5.0
INV-2024-0272,2024-11-06,11,2024-12-23,Net 47,47,USD,V038,Horizon Freight Corp,"1431 Trade Center Dr, New York, TX 52318",billing@horizon-freight.com,WJ-2296516,Healthcare,SmartInvoiceInc,"100 Commerce Blvd, Dallas, TX 75201",8,20256.74,8.5,1721.82,8425.29,2025-01-04,1,5.0
INV-2023-0210,2023-10-21,10,2023-12-11,Net 51,51,USD,V004,Metro Medical Inc,"7905 Business Pkwy, Atlanta, WA 66556",billing@metro-medical.com,UA-8474447,Healthcare,SmartInvoiceInc,"100 Commerce Blvd, Dallas, TX 75201",19,2826.13,8.0,226.09,1419.39,2023-12-11,0,5.0
INV-2023-0079,2023-02-28,2,2023-04-01,Net 32,32,USD,V076,Bright Cloud Inc,"4624 Innovation Rd, Austin, CA 43536",billing@bright-cloud.com,NS-1703662,Manufacturing,SmartInvoiceInc,"100 Commerce Blvd, Dallas, TX 75201",14,31629.21,6.25,1976.83,56730.06,2023-04-01,0,5.0
INV-2022-0185,2022-09-21,9,2022-10-31,Net 40,40,USD,V018,Beacon Partners Group,"7292 Market St, San Francisco, FL 70566",billing@beacon-partners.com,PY-1787494,Healthcare,SmartInvoiceInc,"100 Commerce Blvd, Dallas, TX 75201",1,27357.38,6.25,1709.84,37883.34,2022-12-11,1,5.0
INV-2024-0225,2024-08-23,8,2024-10-24,Net 62,62,USD,V078,Beacon Legal LLC,"1581 Tech Park Way, Houston, TX 91974",billing@beacon-legal.com,RG-8449607,Technology,SmartInvoiceInc,"100 Commerce Blvd, Dallas, TX 75201",8,7100.55,7.0,497.04,19231.39,2024-10-24,0,5.0
INV-2024-0037,2023-06-04,6,2023-09-02,Net 90,90,USD,V042,Summit Capital Co,"5685 Venture Blvd, New York, IL 49749",billing@summit-capital.com,AE-3245131,Manufacturing,SmartInvoiceInc,"100 Commerce Blvd, Dallas, TX 75201",16,11904.14,7.0,833.29,34163.07,2023-09-02,0,5.0
INV-2022-0239,2023-03-26,3,2023-05-18,Net 53,53,USD,V039,Elite Labs Group,"237 Innovation Rd, Dallas, AZ 29963",billing@elite-labs.com,TX-2849396,Manufacturing,SmartInvoiceInc,"100 Commerce Blvd, Dallas, TX 75201",15,20299.16,7.5,1522.44,65367.63,2023-05-18,0,5.0
INV-2023-0199,2023-07-13,7,2023-08-09,Net 27,27,USD,V046,Titan Freight Co,"3445 Venture Blvd, New York, NY 44674",billing@titan-freight.com,OY-3319049,Technology,SmartInvoiceInc,"100 Commerce Blvd, Dallas, TX 75201",6,1324.69,8.5,112.6,5140.49,2023-08-09,0,5.0
INV-2023-0012,2023-01-20,1,2023-03-30,Net 69,69,USD,V022,Acme Capital Inc,"8802 Corporate Ln, Atlanta, FL 45909",billing@acme-capital.com,SL-9415398,Services,SmartInvoiceInc,"100 Commerce Blvd, Dallas, TX 75201",20,14474.53,8.0,1157.96,11385.49,2023-03-30,0,5.0
INV-2023-0231,2023-10-29,10,2023-11-24,Net 26,26,USD,V002,Vanguard Supplies Group,"6899 Industrial Dr, Seattle, NY 96672",billing@vanguard-supplies.com,XS-7319707,Manufacturing,SmartInvoiceInc,"100 Commerce Blvd, Dallas, TX 75201",3,33236.46,9.0,2991.28,39245.4,2024-01-03,1,5.0
INV-2024-0267,2025-03-26,3,2025-05-06,Net 41,41,USD,V048,Pacific Tech Co,"9461 Market St, New York, CA 22910",billing@pacific-tech.com,HH-9469872,Retail,SmartInvoiceInc,"100 Commerce Blvd, Dallas, TX 75201",11,25346.3,6.25,1584.14,18914.41,2025-05-06,0,5.0
INV-2023-0070,2023-06-15,6,2023-07-11,Net 26,26,USD,V080,Vanguard Legal Group,"3154 Innovation Rd, Houston, NY 44911",billing@vanguard-legal.com,XN-8021855,Services,SmartInvoiceInc,"100 Commerce Blvd, Dallas, TX 75201",14,36009.46,7.5,2700.71,5149.81,2023-08-10,1,5.0
INV-2024-0199,2024-04-23,4,2024-06-20,Net 58,58,USD,V030,Delta Solutions Group,"2879 Tech Park Way, New York, CA 66178",billing@delta-solutions.com,EO-6187480,Manufacturing,SmartInvoiceInc,"100 Commerce Blvd, Dallas, TX 75201",7,35009.73,8.5,2975.83,26791.28,2024-06-20,0,5.0
INV-2022-0059,2022-02-18,2,2022-04-15,Net 56,56,USD,V049,Global Freight Corp,"2572 Enterprise Ave, New York, FL 64553",billing@global-freight.com,BX-2314532,Technology,SmartInvoiceInc,"100 Commerce Blvd, Dallas, TX 75201",1,43948.6,9.0,3955.37,72100.15,2022-05-05,1,5.0
INV-2022-0108,2022-03-05,3,2022-04-13,Net 39,39,USD,V079,Alpha Partners Inc,"6054 Innovation Rd, Miami, WA 66373",billing@alpha-partners.com,YO-4185714,Technology,SmartInvoiceInc,"100 Commerce Blvd, Dallas, TX 75201",17,25874.45,9.0,2328.7,23948.47,2022-04-13,0,5.0
INV-2022-0128,2022-09-01,9,2022-09-18,Net 17,17,USD,V037,Delta Logistics Co,"4773 Tech Park Way, Miami, OH 75215",billing@delta-logistics.com,BF-1317537,Manufacturing,SmartInvoiceInc,"100 Commerce Blvd, Dallas, TX 75201",25,15592.7,7.0,1091.49,10508.28,2022-10-24,1,5.0
INV-2024-0106,2023-11-11,11,2024-01-10,Net 60,60,USD,V100,Swift Capital Corp,"2767 Industrial Dr, Austin, IL 12983",billing@swift-capital.com,ZW-2841648,Retail,SmartInvoiceInc,"100 Commerce Blvd, Dallas, TX 75201",19,48676.41,8.0,3894.11,42432.41,2024-02-23,1,5.0
INV-2022-0172,2022-09-21,9,2022-11-06,Net 46,46,USD,V068,Nexus Energy Group,"3976 Innovation Rd, Seattle, TX 75310",billing@nexus-energy.com,ZI-9887324,Technology,SmartInvoiceInc,"100 Commerce Blvd, Dallas, TX 75201",1,41116.96,9.0,3700.53,42018.1,2022-11-06,0,5.0
INV-2023-0029,2022-10-06,10,2022-10-27,Net 21,21,USD,V042,Summit Capital Co,"5685 Venture Blvd, New York, IL 49749",billing@summit-capital.com,AE-3245131,Manufacturing,SmartInvoiceInc,"100 Commerce Blvd, Dallas, TX 75201",17,3097.84,7.0,216.85,9487.4,2022-12-04,1,5.0
INV-2024-0028,2024-03-06,3,2024-06-04,Net 90,90,USD,V091,Pioneer Logistics Co,"8440 Innovation Rd, Los Angeles, TX 34762",billing@pioneer-logistics.com,GH-1378165,Manufacturing,SmartInvoiceInc,"100 Commerce Blvd, Dallas, TX 75201",19,26316.77,6.25,1644.8,18861.64,2024-06-04,0,5.0
INV-2023-0180,2023-09-19,9,2023-10-15,Net 26,26,USD,V078,Beacon Legal LLC,"1581 Tech Park Way, Houston, TX 91974",billing@beacon-legal.com,RG-8449607,Technology,SmartInvoiceInc,"100 Commerce Blvd, Dallas, TX 75201",12,1581.41,8.25,130.47,1.0,2023-11-15,1,5.0
INV-2024-0044,2024-03-16,3,2024-03-26,Net 10,10,USD,V052,Pinnacle Tech Corp,"8295 Business Pkwy, New York, TX 94471",billing@pinnacle-tech.com,FS-3357821,Technology,SmartInvoiceInc,"100 Commerce Blvd, Dallas, TX 75201",5,21703.41,9.0,1953.31,7736.83,2024-04-28,1,5.0
INV-2022-0073,2022-06-21,6,2022-08-03,Net 43,43,USD,V013,Summit Partners Corp,"512 Innovation Rd, Los Angeles, CO 70692",billing@summit-partners.com,YD-8122313,Healthcare,SmartInvoiceInc,"100 Commerce Blvd, Dallas, TX 75201",4,28637.38,7.5,2147.8,19102.35,2022-08-03,0,5.0
INV-2024-0070,2024-06-01,6,2024-07-12,Net 41,41,USD,V010,Prime Cloud Group,"8102 Commerce Blvd, Dallas, WA 79449",billing@prime-cloud.com,KL-3248988,Healthcare,SmartInvoiceInc,"100 Commerce Blvd, Dallas, TX 75201",8,45488.84,9.0,4094.0,102395.98,2024-08-02,1,5.0
INV-2024-0071,2024-03-23,3,2024-05-06,Net 44,44,USD,V092,Pinnacle Capital Co,"7579 Commerce Blvd, Seattle, FL 84478",billing@pinnacle-capital.com,TS-6703394,Retail,SmartInvoiceInc,"100 Commerce Blvd, Dallas, TX 75201",1,48121.9,9.0,4330.97,75603.67,2024-06-13,1,5.0
INV-2023-0043,2022-12-16,12,2023-01-01,Net 16,16,USD,V054,Swift Medical Group,"324 Market St, Dallas, TX 88477",billing@swift-medical.com,FE-9671370,Retail,SmartInvoiceInc,"100 Commerce Blvd, Dallas, TX 75201",3,7569.31,7.0,529.85,15287.52,2023-01-30,1,5.0
INV-2022-0089,2022-06-22,6,2022-08-20,Net 59,59,USD,V019,Pioneer Marketing Co,"5261 Venture Blvd, Miami, AZ 19348",billing@pioneer-marketing.com,CW-3276360,Manufacturing,SmartInvoiceInc,"100 Commerce Blvd, Dallas, TX 75201",7,49940.25,7.5,3745.52,55335.39,2022-08-20,0,5.0
INV-2023-0045,2022-10-27,10,2022-10-31,Net 4,4,USD,V099,Pioneer Works Corp,"1600 Industrial Dr, Los Angeles, GA 29426",billing@pioneer-works.com,RJ-1066150,Technology,SmartInvoiceInc,"100 Commerce Blvd, Dallas, TX 75201",6,8148.78,9.0,733.39,7472.07,2022-10-31,0,5.0
INV-2024-0274,2024-12-16,12,2025-03-05,Net 79,79,USD,V055,Beacon Security Co,"2126 Tech Park Way, Dallas, OH 69383",billing@beacon-security.com,JE-4757974,Manufacturing,SmartInvoiceInc,"100 Commerce Blvd, Dallas, TX 75201",14,6210.46,7.0,434.73,7534.08,2025-03-28,1,5.0
INV-2024-0029,2023-11-20,11,2024-01-14,Net 55,55,USD,V070,Swift Logistics Inc,"1954 Business Pkwy, Miami, NY 73374",billing@swift-logistics.com,UO-1318408,Healthcare,SmartInvoiceInc,"100 Commerce Blvd, Dallas, TX 75201",18,17686.01,6.25,1105.38,40229.84,2024-01-16,1,5.0
INV-2023-0089,2023-02-09,2,2023-03-13,Net 32,32,USD,V019,Pioneer Marketing Co,"5261 Venture Blvd, Miami, AZ 19348",billing@pioneer-marketing.com,CW-3276360,Manufacturing,SmartInvoiceInc,"100 Commerce Blvd, Dallas, TX 75201",3,28723.99,7.0,2010.68,47987.34,2023-03-13,0,5.0
INV-2023-0118,2023-08-03,8,2023-08-05,Net 2,2,USD,V020,Titan Systems LLC,"2639 Commerce Blvd, New York, GA 31677",billing@titan-systems.com,MH-7646705,Services,SmartInvoiceInc,"100 Commerce Blvd, Dallas, TX 75201",24,1690.04,7.0,118.3,353.49,2023-09-10,1,5.0
INV-2022-0112,2022-05-17,5,2022-06-05,Net 19,19,USD,V019,Pioneer Marketing Co,"5261 Venture Blvd, Miami, AZ 19348",billing@pioneer-marketing.com,CW-3276360,Manufacturing,SmartInvoiceInc,"100 Commerce Blvd, Dallas, TX 75201",11,49773.36,8.25,4106.3,48784.73,2022-06-05,0,5.0
INV-2022-0069,2022-04-05,4,2022-04-29,Net 24,24,USD,V071,Pinnacle Supplies Inc,"8493 Market St, Atlanta, IL 23224",billing@pinnacle-supplies.com,CT-2017433,Services,SmartInvoiceInc,"100 Commerce Blvd, Dallas, TX 75201",7,20579.44,8.25,1697.8,12608.77,2022-05-24,1,5.0
INV-2024-0198,2025-01-25,1,2025-03-07,Net 41,41,USD,V069,Titan Security Corp,"1892 Enterprise Ave, San Francisco, AZ 11645",billing@titan-security.com,DV-7671318,Technology,SmartInvoiceInc,"100 Commerce Blvd, Dallas, TX 75201",16,42328.11,8.25,3492.07,43078.08,2025-03-31,1,5.0
INV-2023-0068,2023-08-04,8,2023-08-27,Net 23,23,USD,V014,Swift Parts Inc,"3067 Tech Park Way, Dallas, NY 95999",billing@swift-parts.com,DR-1070640,Healthcare,SmartInvoiceInc,"100 Commerce Blvd, Dallas, TX 75201",16,4982.69,7.5,373.7,7799.32,2023-08-27,0,5.0
INV-2023-0176,2023-10-27,10,2023-11-25,Net 29,29,USD,V017,Nexus Labs Group,"817 Market St, Austin, AZ 15486",billing@nexus-labs.com,PU-8990340,Services,SmartInvoiceInc,"100 Commerce Blvd, Dallas, TX 75201",24,8937.89,6.25,558.62,12756.48,2023-11-25,0,5.0
INV-2023-0108,2023-04-29,4,2023-06-29,Net 61,61,USD,V032,Pacific Logistics Inc,"7549 Trade Center Dr, New York, TX 56540",billing@pacific-logistics.com,AB-8153768,Services,SmartInvoiceInc,"100 Commerce Blvd, Dallas, TX 75201",8,39198.1,8.0,3135.85,40237.97,2023-06-29,0,5.0
INV-2023-0016,2023-02-22,2,2023-04-10,Net 47,47,USD,V086,Swift Consulting Group,"6909 Venture Blvd, Houston, GA 84532",billing@swift-consulting.com,KF-2014929,Healthcare,SmartInvoiceInc,"100 Commerce Blvd, Dallas, TX 75201",41,17230.09,8.0,1378.41,10338.41,2023-05-25,1,5.0
INV-2023-0033,2023-02-07,2,2023-02-27,Net 20,20,USD,V001,Metro Legal Co,"5791 Enterprise Ave, Miami, FL 64021",billing@metro-legal.com,MT-6143901,Services,SmartInvoiceInc,"100 Commerce Blvd, Dallas, TX 75201",4,7605.47,8.5,646.46,10520.33,2023-03-21,1,5.0
INV-2022-0163,2022-08-15,8,2022-10-11,Net 57,57,USD,V018,Beacon Partners Group,"7292 Market St, San Francisco, FL 70566",billing@beacon-partners.com,PY-1787494,Healthcare,SmartInvoiceInc,"100 Commerce Blvd, Dallas, TX 75201",17,4440.45,8.0,355.24,2334.47,2022-10-11,0,5.0
INV-2024-0009,2023-12-22,12,2023-12-30,Net 8,8,USD,V039,Elite Labs Group,"237 Innovation Rd, Dallas, AZ 29963",billing@elite-labs.com,TX-2849396,Manufacturing,SmartInvoiceInc,"100 Commerce Blvd, Dallas, TX 75201",18,43464.99,8.5,3694.52,67955.7,2023-12-30,0,5.0
INV-2023-0206,2023-11-19,11,2023-12-30,Net 41,41,USD,V034,Summit Ventures Co,"4909 Venture Blvd, Austin, TX 66397",billing@summit-ventures.com,IN-7195200,Services,SmartInvoiceInc,"100 Commerce Blvd, Dallas, TX 75201",20,5076.25,8.5,431.48,3226.21,2023-12-30,0,5.0
INV-2023-0203,2023-02-08,2,2023-03-31,Net 51,51,USD,V009,Nexus Cloud Inc,"9187 Market St, Chicago, CA 21938",billing@nexus-cloud.com,AA-2404330,Healthcare,SmartInvoiceInc,"100 Commerce Blvd, Dallas, TX 75201",1,12577.77,9.0,1132.0,20350.99,2023-03-31,0,5.0
INV-2024-0125,2024-05-22,5,2024-06-07,Net 16,16,USD,V082,Acme Labs Inc,"2298 Enterprise Ave, Austin, NY 23859",billing@acme-labs.com,RB-3008960,Healthcare,SmartInvoiceInc,"100 Commerce Blvd, Dallas, TX 75201",13,17728.57,8.0,1418.29,15234.68,2024-06-07,0,5.0
INV-2022-0050,2022-01-20,1,2022-02-19,Net 30,30,USD,V064,Swift Labs Inc,"6128 Market St, Chicago, FL 50631",billing@swift-labs.com,OH-7356228,Healthcare,SmartInvoiceInc,"100 Commerce Blvd, Dallas, TX 75201",16,8451.36,8.5,718.37,19630.02,2022-02-19,0,5.0
INV-2024-0246,2024-10-13,10,2024-12-03,Net 51,51,USD,V023,Titan Marketing LLC,"6077 Tech Park Way, Miami, NY 96188",billing@titan-marketing.com,MR-5984445,Manufacturing,SmartInvoiceInc,"100 Commerce Blvd, Dallas, TX 75201",17,11900.8,9.0,1071.07,23304.65,2024-12-27,1,5.0
INV-2022-0141,2022-08-20,8,2022-08-21,Net 1,1,USD,V089,Delta Energy Group,"6236 Enterprise Ave, Miami, AZ 69052",billing@delta-energy.com,QZ-9752084,Retail,SmartInvoiceInc,"100 Commerce Blvd, Dallas, TX 75201",1,16123.84,8.0,1289.91,8697.92,2022-08-21,0,5.0
INV-2022-0159,2022-11-10,11,2022-12-04,Net 24,24,USD,V050,Alpha Logistics Inc,"1560 Business Pkwy, San Francisco, OH 11605",billing@alpha-logistics.com,WP-3255363,Services,SmartInvoiceInc,"100 Commerce Blvd, Dallas, TX 75201",10,38310.9,9.0,3447.98,44805.22,2022-12-14,1,5.0
INV-2023-0097,2023-02-02,2,2023-03-04,Net 30,30,USD,V079,Alpha Partners Inc,"6054 Innovation Rd, Miami, WA 66373",billing@alpha-partners.com,YO-4185714,Technology,SmartInvoiceInc,"100 Commerce Blvd, Dallas, TX 75201",5,49175.37,8.0,3934.03,11441.97,2023-04-14,1,5.0
INV-2022-0232,2022-12-22,12,2023-01-25,Net 34,34,USD,V095,Pacific Supplies Group,"2422 Enterprise Ave, Dallas, TX 59481",billing@pacific-supplies.com,YW-8599600,Retail,SmartInvoiceInc,"100 Commerce Blvd, Dallas, TX 75201",4,34005.18,8.5,2890.44,35907.25,2023-01-25,0,5.0
INV-2022-0124,2022-03-19,3,2022-03-27,Net 8,8,USD,V045,Apex Freight Co,"6909 Innovation Rd, Austin, GA 15122",billing@apex-freight.com,OW-4708654,Retail,SmartInvoiceInc,"100 Commerce Blvd, Dallas, TX 75201",18,10943.01,8.0,875.44,14555.0,2022-03-27,0,5.0
INV-2023-0218,2023-08-06,8,2023-09-13,Net 38,38,USD,V070,Swift Logistics Inc,"1954 Business Pkwy, Miami, NY 73374",billing@swift-logistics.com,UO-1318408,Healthcare,SmartInvoiceInc,"100 Commerce Blvd, Dallas, TX 75201",1,23286.29,7.5,1746.47,42163.2,2023-09-13,0,5.0
INV-2022-0120,2022-06-09,6,2022-07-06,Net 27,27,USD,V086,Swift Consulting Group,"6909 Venture Blvd, Houston, GA 84532",billing@swift-consulting.com,KF-2014929,Healthcare,SmartInvoiceInc,"100 Commerce Blvd, Dallas, TX 75201",18,4096.95,8.0,327.76,23175.07,2022-07-06,0,5.0
INV-2023-0077,2023-03-18,3,2023-04-15,Net 28,28,USD,V017,Nexus Labs Group,"817 Market St, Austin, AZ 15486",billing@nexus-labs.com,PU-8990340,Services,SmartInvoiceInc,"100 Commerce Blvd, Dallas, TX 75201",14,27467.65,8.0,2197.41,44787.34,2023-05-09,1,5.0
INV-2024-0213,2024-12-12,12,2024-12-29,Net 17,17,USD,V017,Nexus Labs Group,"817 Market St, Austin, AZ 15486",billing@nexus-labs.com,PU-8990340,Services,SmartInvoiceInc,"100 Commerce Blvd, Dallas, TX 75201",8,38136.25,7.0,2669.54,39945.35,2025-01-11,1,5.0
INV-2023-0101,2022-12-18,12,2023-01-28,Net 41,41,USD,V083,Metro Freight Group,"3694 Venture Blvd, Houston, NY 86918",billing@metro-freight.com,LT-7193956,Technology,SmartInvoiceInc,"100 Commerce Blvd, Dallas, TX 75201",9,48834.6,7.5,3662.59,41817.04,2023-02-01,1,5.0
INV-2023-0241,2023-09-24,9,2023-11-26,Net 63,63,USD,V040,Elite Tech Co,"6369 Tech Park Way, Atlanta, GA 90719",billing@elite-tech.com,KV-2072647,Retail,SmartInvoiceInc,"100 Commerce Blvd, Dallas, TX 75201",1,13706.33,8.0,1096.51,15005.59,2023-11-26,0,5.0
INV-2023-0022,2023-06-20,6,2023-08-24,Net 65,65,USD,V077,Pioneer Data LLC,"6745 Commerce Blvd, Houston, OH 35522",billing@pioneer-data.com,DA-6517366,Services,SmartInvoiceInc,"100 Commerce Blvd, Dallas, TX 75201",1,42320.77,7.5,3174.06,78095.84,2023-08-24,0,5.0
INV-2023-0242,2024-02-21,2,2024-04-20,Net 59,59,USD,V036,Delta Partners Corp,"4463 Commerce Blvd, New York, IL 34285",billing@delta-partners.com,YQ-6165679,Healthcare,SmartInvoiceInc,"100 Commerce Blvd, Dallas, TX 75201",14,3514.82,6.25,219.68,1.0,2024-04-20,0,5.0
INV-2022-0205,2022-11-01,11,2023-01-15,Net 75,75,USD,V077,Pioneer Data LLC,"6745 Commerce Blvd, Houston, OH 35522",billing@pioneer-data.com,DA-6517366,Services,SmartInvoiceInc,"100 Commerce Blvd, Dallas, TX 75201",1,16804.27,7.5,1260.32,36104.33,2023-01-15,0,5.0
INV-2022-0125,2023-05-17,5,2023-07-09,Net 53,53,USD,V022,Acme Capital Inc,"8802 Corporate Ln, Atlanta, FL 45909",billing@acme-capital.com,SL-9415398,Services,SmartInvoiceInc,"100 Commerce Blvd, Dallas, TX 75201",7,40675.54,7.5,3050.67,40343.04,2023-07-09,0,5.0
INV-2023-0190,2023-09-14,9,2023-11-02,Net 49,49,USD,V012,Beacon Tech LLC,"517 Tech Park Way, Atlanta, GA 13267",billing@beacon-tech.com,ZU-3922097,Healthcare,SmartInvoiceInc,"100 Commerce Blvd, Dallas, TX 75201",9,34799.55,9.0,3131.96,32264.43,2023-12-17,1,5.0
INV-2023-0109,2023-01-31,1,2023-02-23,Net 23,23,USD,V012,Beacon Tech LLC,"517 Tech Park Way, Atlanta, GA 13267",billing@beacon-tech.com,ZU-3922097,Healthcare,SmartInvoiceInc,"100 Commerce Blvd, Dallas, TX 75201",4,8239.93,8.5,700.39,9164.99,2023-02-23,0,5.0
INV-2023-0133,2023-06-23,6,2023-08-14,Net 52,52,USD,V045,Apex Freight Co,"6909 Innovation Rd, Austin, GA 15122",billing@apex-freight.com,OW-4708654,Retail,SmartInvoiceInc,"100 Commerce Blvd, Dallas, TX 75201",6,13405.08,7.0,938.36,29754.79,2023-08-14,0,5.0
INV-2023-0186,2023-11-15,11,2023-11-16,Net 1,1,USD,V071,Pinnacle Supplies Inc,"8493 Market St, Atlanta, IL 23224",billing@pinnacle-supplies.com,CT-2017433,Services,SmartInvoiceInc,"100 Commerce Blvd, Dallas, TX 75201",17,31770.26,7.0,2223.92,17767.09,2023-12-17,1,5.0
INV-2023-0175,2023-07-18,7,2023-07-19,Net 1,1,USD,V075,Titan Energy Co,"6804 Corporate Ln, Dallas, GA 12482",billing@titan-energy.com,XS-8433533,Healthcare,SmartInvoiceInc,"100 Commerce Blvd, Dallas, TX 75201",1,15174.02,8.5,1289.79,12252.62,2023-08-20,1,5.0
INV-2024-0012,2023-11-08,11,2023-11-27,Net 19,19,USD,V020,Titan Systems LLC,"2639 Commerce Blvd, New York, GA 31677",billing@titan-systems.com,MH-7646705,Services,SmartInvoiceInc,"100 Commerce Blvd, Dallas, TX 75201",3,13276.33,6.25,829.77,17913.55,2023-11-27,0,5.0
INV-2023-0138,2023-07-19,7,2023-08-04,Net 16,16,USD,V039,Elite Labs Group,"237 Innovation Rd, Dallas, AZ 29963",billing@elite-labs.com,TX-2849396,Manufacturing,SmartInvoiceInc,"100 Commerce Blvd, Dallas, TX 75201",14,43451.25,8.25,3584.73,42946.6,2023-08-10,1,5.0
INV-2022-0023,2022-03-27,3,2022-04-25,Net 29,29,USD,V038,Horizon Freight Corp,"1431 Trade Center Dr, New York, TX 52318",billing@horizon-freight.com,WJ-2296516,Healthcare,SmartInvoiceInc,"100 Commerce Blvd, Dallas, TX 75201",25,6141.31,8.0,491.3,6453.96,2022-05-03,1,5.0
INV-2023-0139,2023-08-05,8,2023-08-24,Net 19,19,USD,V037,Delta Logistics Co,"4773 Tech Park Way, Miami, OH 75215",billing@delta-logistics.com,BF-1317537,Manufacturing,SmartInvoiceInc,"100 Commerce Blvd, Dallas, TX 75201",21,13645.1,7.0,955.16,87792.05,2023-10-02,1,5.0
INV-2023-0025,2023-02-05,2,2023-03-02,Net 25,25,USD,V018,Beacon Partners Group,"7292 Market St, San Francisco, FL 70566",billing@beacon-partners.com,PY-1787494,Healthcare,SmartInvoiceInc,"100 Commerce Blvd, Dallas, TX 75201",9,22033.22,9.0,1982.99,43521.11,2023-03-17,1,5.0
INV-2023-0187,2023-12-16,12,2024-02-09,Net 55,55,USD,V042,Summit Capital Co,"5685 Venture Blvd, New York, IL 49749",billing@summit-capital.com,AE-3245131,Manufacturing,SmartInvoiceInc,"100 Commerce Blvd, Dallas, TX 75201",13,49952.95,9.0,4495.77,54179.22,2024-03-18,1,5.0
INV-2022-0076,2022-01-27,1,2022-03-12,Net 44,44,USD,V035,Pioneer Parts Co,"816 Market St, Dallas, TX 55543",billing@pioneer-parts.com,BH-9896761,Manufacturing,SmartInvoiceInc,"100 Commerce Blvd, Dallas, TX 75201",1,26645.37,6.25,1665.34,26584.93,2022-03-17,1,5.0
INV-2022-0131,2022-12-12,12,2022-12-25,Net 13,13,USD,V092,Pinnacle Capital Co,"7579 Commerce Blvd, Seattle, FL 84478",billing@pinnacle-capital.com,TS-6703394,Retail,SmartInvoiceInc,"100 Commerce Blvd, Dallas, TX 75201",24,41495.2,8.25,3423.35,47170.52,2023-02-08,1,5.0
INV-2022-0018,2021-09-05,9,2021-10-02,Net 27,27,USD,V027,Delta Security Inc,"6290 Trade Center Dr, Dallas, TX 78866",billing@delta-security.com,PW-6118922,Retail,SmartInvoiceInc,"100 Commerce Blvd, Dallas, TX 75201",1,7215.24,8.25,595.26,22022.28,2021-10-07,1,5.0
INV-2023-0020,2023-06-19,6,2023-08-30,Net 72,72,USD,V087,Bright Energy LLC,"5575 Trade Center Dr, New York, CA 49952",billing@bright-energy.com,EY-6888997,Manufacturing,SmartInvoiceInc,"100 Commerce Blvd, Dallas, TX 75201",1,48489.8,7.0,3394.29,60360.88,2023-08-30,0,5.0
INV-2023-0047,2023-01-18,1,2023-01-31,Net 13,13,USD,V019,Pioneer Marketing Co,"5261 Venture Blvd, Miami, AZ 19348",billing@pioneer-marketing.com,CW-3276360,Manufacturing,SmartInvoiceInc,"100 Commerce Blvd, Dallas, TX 75201",23,22119.51,8.5,1880.16,4529.1,2023-03-01,1,5.0
INV-2022-0093,2022-05-16,5,2022-05-18,Net 2,2,USD,V011,Acme Legal Group,"5826 Industrial Dr, Austin, CA 37350",billing@acme-legal.com,QZ-5833177,Manufacturing,SmartInvoiceInc,"100 Commerce Blvd, Dallas, TX 75201",17,34986.1,7.5,2623.96,54806.78,2022-06-26,1,5.0
INV-2023-0150,2023-04-05,4,2023-05-13,Net 38,38,USD,V095,Pacific Supplies Group,"2422 Enterprise Ave, Dallas, TX 59481",billing@pacific-supplies.com,YW-8599600,Retail,SmartInvoiceInc,"100 Commerce Blvd, Dallas, TX 75201",15,1571.46,8.0,125.72,3643.79,2023-05-13,0,5.0
INV-2022-0030,2022-08-16,8,2022-09-30,Net 45,45,USD,V082,Acme Labs Inc,"2298 Enterprise Ave, Austin, NY 23859",billing@acme-labs.com,RB-3008960,Healthcare,SmartInvoiceInc,"100 Commerce Blvd, Dallas, TX 75201",2,25954.24,7.5,1946.57,20849.82,2022-09-30,0,5.0
INV-2024-0241,2024-11-15,11,2024-11-16,Net 1,1,USD,V001,Metro Legal Co,"5791 Enterprise Ave, Miami, FL 64021",billing@metro-legal.com,MT-6143901,Services,SmartInvoiceInc,"100 Commerce Blvd, Dallas, TX 75201",11,22236.97,7.5,1667.77,20211.1,2024-11-18,1,5.0
INV-2022-0160,2022-03-25,3,2022-04-22,Net 28,28,USD,V082,Acme Labs Inc,"2298 Enterprise Ave, Austin, NY 23859",billing@acme-labs.com,RB-3008960,Healthcare,SmartInvoiceInc,"100 Commerce Blvd, Dallas, TX 75201",18,29838.46,7.0,2088.69,27713.81,2022-04-24,1,5.0
INV-2022-0153,2022-09-09,9,2022-11-02,Net 54,54,USD,V034,Summit Ventures Co,"4909 Venture Blvd, Austin, TX 66397",billing@summit-ventures.com,IN-7195200,Services,SmartInvoiceInc,"100 Commerce Blvd, Dallas, TX 75201",2,46463.5,7.0,3252.45,47012.38,2022-12-08,1,5.0
INV-2024-0047,2024-03-01,3,2024-03-17,Net 16,16,USD,V085,Nexus Security Inc,"3286 Commerce Blvd, Atlanta, WA 70774",billing@nexus-security.com,IV-3245909,Services,SmartInvoiceInc,"100 Commerce Blvd, Dallas, TX 75201",15,48642.13,6.25,3040.13,57417.95,2024-03-17,0,5.0
INV-2023-0252,2024-01-04,1,2024-02-21,Net 48,48,USD,V005,Apex Logistics Co,"7104 Corporate Ln, Austin, AZ 77215",billing@apex-logistics.com,SE-9744220,Retail,SmartInvoiceInc,"100 Commerce Blvd, Dallas, TX 75201",23,35126.95,9.0,3161.43,35648.7,2024-02-29,1,5.0
INV-2024-0024,2024-09-24,9,2024-10-21,Net 27,27,USD,V005,Apex Logistics Co,"7104 Corporate Ln, Austin, AZ 77215",billing@apex-logistics.com,SE-9744220,Retail,SmartInvoiceInc,"100 Commerce Blvd, Dallas, TX 75201",16,32947.74,6.25,2059.23,38557.33,2024-10-24,1,5.0
INV-2024-0060,2024-03-18,3,2024-04-27,Net 40,40,USD,V052,Pinnacle Tech Corp,"8295 Business Pkwy, New York, TX 94471",billing@pinnacle-tech.com,FS-3357821,Technology,SmartInvoiceInc,"100 Commerce Blvd, Dallas, TX 75201",15,22727.37,9.0,2045.46,39199.18,2024-04-27,0,5.0
INV-2024-0036,2024-03-07,3,2024-04-06,Net 30,30,USD,V066,Global Marketing Co,"5879 Venture Blvd, Chicago, OH 22999",billing@global-marketing.com,WO-9464685,Services,SmartInvoiceInc,"100 Commerce Blvd, Dallas, TX 75201",8,25301.49,8.5,2150.63,32975.8,2024-04-06,0,5.0
INV-2023-0261,2023-12-21,12,2023-12-22,Net 1,1,USD,V046,Titan Freight Co,"3445 Venture Blvd, New York, NY 44674",billing@titan-freight.com,OY-3319049,Technology,SmartInvoiceInc,"100 Commerce Blvd, Dallas, TX 75201",13,17920.52,6.25,1120.03,25796.22,2023-12-22,0,5.0
INV-2022-0135,2022-06-29,6,2022-07-25,Net 26,26,USD,V064,Swift Labs Inc,"6128 Market St, Chicago, FL 50631",billing@swift-labs.com,OH-7356228,Healthcare,SmartInvoiceInc,"100 Commerce Blvd, Dallas, TX 75201",12,45600.46,9.0,4104.04,87000.54,2022-08-14,1,5.0
INV-2024-0159,2024-08-02,8,2024-08-06,Net 4,4,USD,V008,Apex Security LLC,"9923 Commerce Blvd, Chicago, IL 26364",billing@apex-security.com,DP-2100567,Manufacturing,SmartInvoiceInc,"100 Commerce Blvd, Dallas, TX 75201",15,22183.18,6.25,1386.45,21068.95,2024-08-06,0,5.0
INV-2022-0057,2021-12-11,12,2022-01-24,Net 44,44,USD,V009,Nexus Cloud Inc,"9187 Market St, Chicago, CA 21938",billing@nexus-cloud.com,AA-2404330,Healthcare,SmartInvoiceInc,"100 Commerce Blvd, Dallas, TX 75201",2,29330.54,8.0,2346.44,26668.39,2022-03-02,1,5.0
INV-2024-0171,2025-04-24,4,2025-06-04,Net 41,41,USD,V086,Swift Consulting Group,"6909 Venture Blvd, Houston, GA 84532",billing@swift-consulting.com,KF-2014929,Healthcare,SmartInvoiceInc,"100 Commerce Blvd, Dallas, TX 75201",3,42097.23,8.5,3578.26,39746.83,2025-07-12,1,5.0
INV-2024-0091,2024-05-17,5,2024-06-29,Net 43,43,USD,V031,Titan Capital LLC,"2971 Industrial Dr, San Francisco, GA 11015",billing@titan-capital.com,AV-9416320,Manufacturing,SmartInvoiceInc,"100 Commerce Blvd, Dallas, TX 75201",8,27297.45,6.25,1706.09,29951.46,2024-06-29,0,5.0
INV-2023-0080,2023-06-16,6,2023-06-29,Net 13,13,USD,V088,Sterling Tech Group,"1722 Enterprise Ave, Seattle, OH 71396",billing@sterling-tech.com,YF-8369434,Manufacturing,SmartInvoiceInc,"100 Commerce Blvd, Dallas, TX 75201",19,13389.95,8.0,1071.2,9780.6,2023-06-29,0,5.0
