invoice_number,invoice_date,invoice_month,due_date,net_terms,payment_due_days,currency,vendor_id,vendor_name,vendor_address,vendor_email,tax_id,vendor_category,buyer_company,buyer_address,num_line_items,subtotal,tax_rate,tax_amount,amount_due,payment_received_date,is_late,epsilon
INV-2024-0197,2025-12-31,12,2026-01-01,Net 1,1,USD,V069,Titan Security Corp,"1892 Enterprise Ave, San Francisco, AZ 11645",billing@titan-security.com,DV-7671318,Technology,SmartInvoiceInc,"100 Commerce Blvd, Dallas, TX 75201",50,25854.99,8.25,2133.04,1.0,2026-01-09,1,0.1
INV-2024-0144,2021-01-01,1,2021-04-01,Net 90,90,USD,V087,Bright Energy LLC,"5575 Trade Center Dr, New York, CA 49952",billing@bright-energy.com,EY-6888997,Manufacturing,SmartInvoiceInc,"100 Commerce Blvd, Dallas, TX 75201",50,4068.17,7.5,305.11,1.0,2021-04-06,1,0.1
INV-2023-0257,2025-12-31,12,2026-02-03,Net 34,34,USD,V020,Titan Systems LLC,"2639 Commerce Blvd, New York, GA 31677",billing@titan-systems.com,MH-7646705,Services,SmartInvoiceInc,"100 Commerce Blvd, Dallas, TX 75201",50,17985.94,8.5,1528.8,179002.52,2026-02-03,0,0.1
INV-2022-0016,2025-12-31,12,2026-01-01,Net 1,1,USD,V052,Pinnacle Tech Corp,"8295 Business Pkwy, New York, TX 94471",billing@pinnacle-tech.com,FS-3357821,Technology,SmartInvoiceInc,"100 Commerce Blvd, Dallas, TX 75201",1,33237.85,8.0,2659.03,421570.84,2026-01-01,0,0.1
INV-2023-0096,2025-12-31,12,2026-03-31,Net 90,90,USD,V058,Alpha Parts Inc,"5515 Business Pkwy, Chicago, CO 68596",billing@alpha-parts.com,NC-1873172,Healthcare,SmartInvoiceInc,"100 Commerce Blvd, Dallas, TX 75201",50,33184.98,7.0,2322.95,1.0,2026-05-02,1,0.1
INV-2024-0120,2021-09-19,9,2021-09-20,Net 1,1,USD,V092,Pinnacle Capital Co,"7579 Commerce Blvd, Seattle, FL 84478",billing@pinnacle-capital.com,TS-6703394,Retail,SmartInvoiceInc,"100 Commerce Blvd, Dallas, TX 75201",1,38576.55,6.25,2411.03,1.0,2021-09-20,0,0.1
INV-2022-0207,2025-12-31,12,2026-03-31,Net 90,90,USD,V079,Alpha Partners Inc,"6054 Innovation Rd, Miami, WA 66373",billing@alpha-partners.com,YO-4185714,Technology,SmartInvoiceInc,"100 Commerce Blvd, Dallas, TX 75201",50,6508.63,8.5,553.23,1.0,2026-05-11,1,0.1
INV-2024-0008,2025-12-31,12,2026-01-01,Net 1,1,USD,V041,Titan Tech Group,"8572 Tech Park Way, Austin, CA 38732",billing@titan-tech.com,ZS-8757202,Healthcare,SmartInvoiceInc,"100 Commerce Blvd, Dallas, TX 75201",50,16449.67,8.0,1315.97,28496.2,2026-02-10,1,0.1
INV-2023-0132,2022-05-04,5,2022-08-02,Net 90,90,USD,V002,Vanguard Supplies Group,"6899 Industrial Dr, Seattle, NY 96672",billing@vanguard-supplies.com,XS-7319707,Manufacturing,SmartInvoiceInc,"100 Commerce Blvd, Dallas, TX 75201",8,29329.92,9.0,2639.69,1.0,2022-08-02,0,0.1
INV-2023-0038,2021-09-23,9,2021-09-24,Net 1,1,USD,V032,Pacific Logistics Inc,"7549 Trade Center Dr, New York, TX 56540",billing@pacific-logistics.com,AB-8153768,Services,SmartInvoiceInc,"100 Commerce Blvd, Dallas, TX 75201",1,6840.74,9.0,615.67,649833.56,2021-10-12,1,0.1
INV-2022-0164,2021-08-26,8,2021-08-27,Net 1,1,USD,V055,Beacon Security Co,"2126 Tech Park Way, Dallas, OH 69383",billing@beacon-security.com,JE-4757974,Manufacturing,SmartInvoiceInc,"100 Commerce Blvd, Dallas, TX 75201",50,21887.81,8.0,1751.02,21361.15,2021-09-18,1,0.1
INV-2024-0023,2021-01-01,1,2021-04-01,Net 90,90,USD,V030,Delta Solutions Group,"2879 Tech Park Way, New York, CA 66178",billing@delta-solutions.com,EO-6187480,Manufacturing,SmartInvoiceInc,"100 Commerce Blvd, Dallas, TX 75201",1,10274.79,8.5,873.36,1.0,2021-04-22,1,0.1
INV-2024-0257,2025-12-31,12,2026-03-31,Net 90,90,USD,V099,Pioneer Works Corp,"1600 Industrial Dr, Los Angeles, GA 29426",billing@pioneer-works.com,RJ-1066150,Technology,SmartInvoiceInc,"100 Commerce Blvd, Dallas, TX 75201",23,42402.46,6.25,2650.15,335326.58,2026-03-31,0,0.1
INV-2024-0065,2023-08-26,8,2023-11-24,Net 90,90,USD,V021,Swift Ventures LLC,"9509 Enterprise Ave, San Francisco, OH 36962",billing@swift-ventures.com,HP-7243669,Retail,SmartInvoiceInc,"100 Commerce Blvd, Dallas, TX 75201",19,37535.5,8.5,3190.52,1.0,2023-11-24,0,0.1
INV-2022-0028,2025-12-31,12,2026-01-01,Net 1,1,USD,V096,Sterling Security Corp,"5995 Enterprise Ave, Dallas, GA 64756",billing@sterling-security.com,VP-7611653,Technology,SmartInvoiceInc,"100 Commerce Blvd, Dallas, TX 75201",50,13831.9,8.0,1106.55,177217.55,2026-01-19,1,0.1
INV-2024-0174,2023-08-31,8,2023-11-29,Net 90,90,USD,V002,Vanguard Supplies Group,"6899 Industrial Dr, Seattle, NY 96672",billing@vanguard-supplies.com,XS-7319707,Manufacturing,SmartInvoiceInc,"100 Commerce Blvd, Dallas, TX 75201",50,5047.61,7.0,353.33,340247.93,2023-12-22,1,0.1
INV-2023-0083,2025-12-31,12,2026-01-01,Net 1,1,USD,V088,Sterling Tech Group,"1722 Enterprise Ave, Seattle, OH 71396",billing@sterling-tech.com,YF-8369434,Manufacturing,SmartInvoiceInc,"100 Commerce Blvd, Dallas, TX 75201",1,20964.11,8.25,1729.54,261754.05,2026-01-01,0,0.1
INV-2022-0215,2021-01-01,1,2021-04-01,Net 90,90,USD,V056,Global Works Group,"7141 Innovation Rd, Houston, FL 18512",billing@global-works.com,EI-9112074,Services,SmartInvoiceInc,"100 Commerce Blvd, Dallas, TX 75201",1,8002.68,8.5,680.23,359292.59,2021-04-01,0,0.1
INV-2022-0162,2025-12-31,12,2026-01-01,Net 1,1,USD,V025,Acme Supplies Group,"7676 Innovation Rd, Dallas, OH 77641",billing@acme-supplies.com,LM-5848287,Healthcare,SmartInvoiceInc,"100 Commerce Blvd, Dallas, TX 75201",1,8423.55,7.0,589.65,1.0,2026-01-01,0,0.1
INV-2024-0014,2022-09-18,9,2022-12-17,Net 90,90,USD,V072,Elite Supplies LLC,"8170 Industrial Dr, Houston, TX 16783",billing@elite-supplies.com,KL-1996530,Technology,SmartInvoiceInc,"100 Commerce Blvd, Dallas, TX 75201",1,36459.85,6.25,2278.74,1.0,2023-01-21,1,0.1
INV-2023-0236,2023-03-09,3,2023-06-07,Net 90,90,USD,V096,Sterling Security Corp,"5995 Enterprise Ave, Dallas, GA 64756",billing@sterling-security.com,VP-7611653,Technology,SmartInvoiceInc,"100 Commerce Blvd, Dallas, TX 75201",1,33049.24,6.25,2065.58,1768361.86,2023-06-07,0,0.1
INV-2022-0176,2023-07-04,7,2023-10-02,Net 90,90,USD,V046,Titan Freight Co,"3445 Venture Blvd, New York, NY 44674",billing@titan-freight.com,OY-3319049,Technology,SmartInvoiceInc,"100 Commerce Blvd, Dallas, TX 75201",1,18091.54,8.25,1492.55,516238.2,2023-10-02,0,0.1
INV-2023-0005,2021-01-01,1,2021-04-01,Net 90,90,USD,V036,Delta Partners Corp,"4463 Commerce Blvd, New York, IL 34285",billing@delta-partners.com,YQ-6165679,Healthcare,SmartInvoiceInc,"100 Commerce Blvd, Dallas, TX 75201",1,38169.04,8.5,3244.37,1.0,2021-04-01,0,0.1
INV-2022-0173,2025-12-31,12,2026-03-31,Net 90,90,USD,V078,Beacon Legal LLC,"1581 Tech Park Way, Houston, TX 91974",billing@beacon-legal.com,RG-8449607,Technology,SmartInvoiceInc,"100 Commerce Blvd, Dallas, TX 75201",7,38054.48,8.0,3044.36,388690.22,2026-05-01,1,0.1
INV-2024-0149,2024-10-31,10,2024-11-01,Net 1,1,USD,V070,Swift Logistics Inc,"1954 Business Pkwy, Miami, NY 73374",billing@swift-logistics.com,UO-1318408,Healthcare,SmartInvoiceInc,"100 Commerce Blvd, Dallas, TX 75201",50,49818.55,8.0,3985.48,1480614.3,2024-11-05,1,0.1
INV-2024-0145,2025-12-31,12,2026-03-31,Net 90,90,USD,V020,Titan Systems LLC,"2639 Commerce Blvd, New York, GA 31677",billing@titan-systems.com,MH-7646705,Services,SmartInvoiceInc,"100 Commerce Blvd, Dallas, TX 75201",50,7322.23,8.5,622.39,1.0,2026-03-31,0,0.1
INV-2022-0233,2021-01-01,1,2021-01-02,Net 1,1,USD,V021,Swift Ventures LLC,"9509 Enterprise Ave, San Francisco, OH 36962",billing@swift-ventures.com,HP-7243669,Retail,SmartInvoiceInc,"100 Commerce Blvd, Dallas, TX 75201",1,8760.81,8.0,700.86,1.0,2021-01-02,0,0.1
INV-2023-0018,2021-01-01,1,2021-04-01,Net 90,90,USD,V020,Titan Systems LLC,"2639 Commerce Blvd, New York, GA 31677",billing@titan-systems.com,MH-7646705,Services,SmartInvoiceInc,"100 Commerce Blvd, Dallas, TX 75201",1,24308.16,8.5,2066.19,1.0,2021-04-01,0,0.1
INV-2023-0153,2021-01-01,1,2021-04-01,Net 90,90,USD,V080,Vanguard Legal Group,"3154 Innovation Rd, Houston, NY 44911",billing@vanguard-legal.com,XN-8021855,Services,SmartInvoiceInc,"100 Commerce Blvd, Dallas, TX 75201",50,28252.67,8.5,2401.48,36549.21,2021-04-01,0,0.1
INV-2022-0004,2023-11-02,11,2023-11-26,Net 24,24,USD,V030,Delta Solutions Group,"2879 Tech Park Way, New York, CA 66178",billing@delta-solutions.com,EO-6187480,Manufacturing,SmartInvoiceInc,"100 Commerce Blvd, Dallas, TX 75201",50,13856.13,8.0,1108.49,1.0,2023-12-15,1,0.1
INV-2023-0004,2025-12-31,12,2026-03-31,Net 90,90,USD,V022,Acme Capital Inc,"8802 Corporate Ln, Atlanta, FL 45909",billing@acme-capital.com,SL-9415398,Services,SmartInvoiceInc,"100 Commerce Blvd, Dallas, TX 75201",44,37423.3,7.0,2619.63,1.0,2026-03-31,0,0.1
INV-2022-0219,2021-01-01,1,2021-01-02,Net 1,1,USD,V031,Titan Capital LLC,"2971 Industrial Dr, San Francisco, GA 11015",billing@titan-capital.com,AV-9416320,Manufacturing,SmartInvoiceInc,"100 Commerce Blvd, Dallas, TX 75201",50,22289.85,8.0,1783.19,150727.67,2021-02-04,1,0.1
INV-2022-0104,2021-01-01,1,2021-01-02,Net 1,1,USD,V018,Beacon Partners Group,"7292 Market St, San Francisco, FL 70566",billing@beacon-partners.com,PY-1787494,Healthcare,SmartInvoiceInc,"100 Commerce Blvd, Dallas, TX 75201",1,3595.84,8.0,287.67,1.0,2021-01-02,0,0.1
INV-2022-0190,2021-01-01,1,2021-01-02,Net 1,1,USD,V075,Titan Energy Co,"6804 Corporate Ln, Dallas, GA 12482",billing@titan-energy.com,XS-8433533,Healthcare,SmartInvoiceInc,"100 Commerce Blvd, Dallas, TX 75201",1,9087.26,8.5,772.42,535660.5,2021-01-02,0,0.1
INV-2023-0055,2021-01-01,1,2021-01-02,Net 1,1,USD,V047,Elite Energy Inc,"6329 Venture Blvd, Atlanta, TX 13596",billing@elite-energy.com,TY-1467010,Technology,SmartInvoiceInc,"100 Commerce Blvd, Dallas, TX 75201",1,20790.29,8.5,1767.17,1375711.77,2021-01-02,0,0.1
INV-2023-0245,2021-09-09,9,2021-12-08,Net 90,90,USD,V009,Nexus Cloud Inc,"9187 Market St, Chicago, CA 21938",billing@nexus-cloud.com,AA-2404330,Healthcare,SmartInvoiceInc,"100 Commerce Blvd, Dallas, TX 75201",1,10545.35,8.0,843.63,216032.48,2021-12-11,1,0.1
INV-2024-0164,2025-12-31,12,2026-03-31,Net 90,90,USD,V077,Pioneer Data LLC,"6745 Commerce Blvd, Houston, OH 35522",billing@pioneer-data.com,DA-6517366,Services,SmartInvoiceInc,"100 Commerce Blvd, Dallas, TX 75201",1,29497.6,8.5,2507.3,1.0,2026-04-17,1,0.1
INV-2023-0160,2025-12-31,12,2026-01-01,Net 1,1,USD,V051,Summit Cloud Inc,"8534 Innovation Rd, San Francisco, FL 19111",billing@summit-cloud.com,FB-8643603,Retail,SmartInvoiceInc,"100 Commerce Blvd, Dallas, TX 75201",1,13335.19,8.5,1133.49,363584.72,2026-01-06,1,0.1
INV-2023-0026,2025-12-31,12,2026-01-01,Net 1,1,USD,V093,Delta Labs Corp,"7201 Industrial Dr, Atlanta, AZ 11524",billing@delta-labs.com,II-7984720,Technology,SmartInvoiceInc,"100 Commerce Blvd, Dallas, TX 75201",41,24304.85,8.25,2005.15,717677.91,2026-01-01,0,0.1
INV-2024-0069,2021-01-01,1,2021-02-13,Net 43,43,USD,V005,Apex Logistics Co,"7104 Corporate Ln, Austin, AZ 77215",billing@apex-logistics.com,SE-9744220,Retail,SmartInvoiceInc,"100 Commerce Blvd, Dallas, TX 75201",1,31742.95,8.5,2698.15,54523.3,2021-02-13,0,0.1
INV-2024-0178,2021-01-01,1,2021-01-02,Net 1,1,USD,V035,Pioneer Parts Co,"816 Market St, Dallas, TX 55543",billing@pioneer-parts.com,BH-9896761,Manufacturing,SmartInvoiceInc,"100 Commerce Blvd, Dallas, TX 75201",50,38392.89,8.5,3263.4,1.0,2021-02-15,1,0.1
INV-2022-0127,2025-12-31,12,2026-03-14,Net 73,73,USD,V060,Elite Parts Co,"6665 Commerce Blvd, Miami, TX 29096",billing@elite-parts.com,QA-4681262,Manufacturing,SmartInvoiceInc,"100 Commerce Blvd, Dallas, TX 75201",50,33019.28,8.0,2641.54,1007527.63,2026-04-07,1,0.1
INV-2022-0048,2021-01-01,1,2021-01-02,Net 1,1,USD,V030,Delta Solutions Group,"2879 Tech Park Way, New York, CA 66178",billing@delta-solutions.com,EO-6187480,Manufacturing,SmartInvoiceInc,"100 Commerce Blvd, Dallas, TX 75201",1,12725.45,8.0,1018.04,750787.14,2021-01-02,0,0.1
INV-2024-0155,2021-01-01,1,2021-04-01,Net 90,90,USD,V010,Prime Cloud Group,"8102 Commerce Blvd, Dallas, WA 79449",billing@prime-cloud.com,KL-3248988,Healthcare,SmartInvoiceInc,"100 Commerce Blvd, Dallas, TX 75201",50,38090.21,7.0,2666.31,581009.03,2021-04-01,0,0.1
INV-2023-0248,2021-01-01,1,2021-04-01,Net 90,90,USD,V070,Swift Logistics Inc,"1954 Business Pkwy, Miami, NY 73374",billing@swift-logistics.com,UO-1318408,Healthcare,SmartInvoiceInc,"100 Commerce Blvd, Dallas, TX 75201",8,24634.77,7.5,1847.61,1.0,2021-05-14,1,0.1
INV-2024-0063,2023-10-12,10,2023-10-13,Net 1,1,USD,V057,Pioneer Consulting Inc,"1704 Industrial Dr, San Francisco, WA 80792",billing@pioneer-consulting.com,BL-2384418,Services,SmartInvoiceInc,"100 Commerce Blvd, Dallas, TX 75201",1,16101.88,7.5,1207.64,566834.74,2023-10-28,1,0.1
INV-2022-0010,2025-05-14,5,2025-05-15,Net 1,1,USD,V082,Acme Labs Inc,"2298 Enterprise Ave, Austin, NY 23859",billing@acme-labs.com,RB-3008960,Healthcare,SmartInvoiceInc,"100 Commerce Blvd, Dallas, TX 75201",28,48188.02,9.0,4336.92,7323.94,2025-05-15,0,0.1
INV-2024-0273,2021-01-01,1,2021-04-01,Net 90,90,USD,V021,Swift Ventures LLC,"9509 Enterprise Ave, San Francisco, OH 36962",billing@swift-ventures.com,HP-7243669,Retail,SmartInvoiceInc,"100 Commerce Blvd, Dallas, TX 75201",1,39491.79,8.5,3356.8,1.0,2021-04-01,0,0.1
INV-2022-0150,2021-01-01,1,2021-04-01,Net 90,90,USD,V058,Alpha Parts Inc,"5515 Business Pkwy, Chicago, CO 68596",billing@alpha-parts.com,NC-1873172,Healthcare,SmartInvoiceInc,"100 Commerce Blvd, Dallas, TX 75201",1,7675.77,9.0,690.82,1.0,2021-04-25,1,0.1
INV-2023-0145,2024-03-30,3,2024-03-31,Net 1,1,USD,V049,Global Freight Corp,"2572 Enterprise Ave, New York, FL 64553",billing@global-freight.com,BX-2314532,Technology,SmartInvoiceInc,"100 Commerce Blvd, Dallas, TX 75201",50,48614.26,8.0,3889.14,1.0,2024-05-11,1,0.1
INV-2024-0033,2021-01-01,1,2021-04-01,Net 90,90,USD,V033,Nexus Tech Inc,"504 Corporate Ln, New York, TX 70100",billing@nexus-tech.com,EF-4196340,Healthcare,SmartInvoiceInc,"100 Commerce Blvd, Dallas, TX 75201",1,21190.5,6.25,1324.41,84400.52,2021-04-01,0,0.1
INV-2024-0108,2025-05-16,5,2025-08-14,Net 90,90,USD,V033,Nexus Tech Inc,"504 Corporate Ln, New York, TX 70100",billing@nexus-tech.com,EF-4196340,Healthcare,SmartInvoiceInc,"100 Commerce Blvd, Dallas, TX 75201",50,20496.9,7.5,1537.27,1.0,2025-09-05,1,0.1
INV-2022-0151,2021-01-01,1,2021-01-02,Net 1,1,USD,V049,Global Freight Corp,"2572 Enterprise Ave, New York, FL 64553",billing@global-freight.com,BX-2314532,Technology,SmartInvoiceInc,"100 Commerce Blvd, Dallas, TX 75201",1,4545.4,8.5,386.36,440316.94,2021-01-02,0,0.1
INV-2024-0075,2021-01-01,1,2021-03-18,Net 76,76,USD,V074,Summit Systems LLC,"5688 Commerce Blvd, Miami, TX 56163",billing@summit-systems.com,IQ-3412149,Retail,SmartInvoiceInc,"100 Commerce Blvd, Dallas, TX 75201",1,47312.06,6.25,2957.0,187390.86,2021-03-18,0,0.1
INV-2022-0146,2021-01-01,1,2021-04-01,Net 90,90,USD,V098,Titan Supplies Co,"3257 Venture Blvd, Miami, IL 34070",billing@titan-supplies.com,IS-9593223,Manufacturing,SmartInvoiceInc,"100 Commerce Blvd, Dallas, TX 75201",1,23278.03,9.0,2095.02,796967.48,2021-04-01,0,0.1
INV-2024-0154,2025-12-31,12,2026-02-26,Net 57,57,USD,V088,Sterling Tech Group,"1722 Enterprise Ave, Seattle, OH 71396",billing@sterling-tech.com,YF-8369434,Manufacturing,SmartInvoiceInc,"100 Commerce Blvd, Dallas, TX 75201",50,6040.83,7.5,453.06,1055065.2,2026-02-26,0,0.1
INV-2024-0020,2025-12-31,12,2026-01-01,Net 1,1,USD,V064,Swift Labs Inc,"6128 Market St, Chicago, FL 50631",billing@swift-labs.com,OH-7356228,Healthcare,SmartInvoiceInc,"100 Commerce Blvd, Dallas, TX 75201",50,10467.51,9.0,942.08,192814.26,2026-01-01,0,0.1
INV-2023-0105,2021-01-01,1,2021-04-01,Net 90,90,USD,V026,Titan Partners Co,"5010 Enterprise Ave, New York, IL 71642",billing@titan-partners.com,ED-1423570,Retail,SmartInvoiceInc,"100 Commerce Blvd, Dallas, TX 75201",1,37959.2,8.5,3226.53,1.0,2021-05-11,1,0.1
INV-2022-0168,2025-12-31,12,2026-01-01,Net 1,1,USD,V085,Nexus Security Inc,"3286 Commerce Blvd, Atlanta, WA 70774",billing@nexus-security.com,IV-3245909,Services,SmartInvoiceInc,"100 Commerce Blvd, Dallas, TX 75201",50,43593.63,7.5,3269.52,1195765.27,2026-01-01,0,0.1
INV-2022-0045,2021-01-01,1,2021-04-01,Net 90,90,USD,V040,Elite Tech Co,"6369 Tech Park Way, Atlanta, GA 90719",billing@elite-tech.com,KV-2072647,Retail,SmartInvoiceInc,"100 Commerce Blvd, Dallas, TX 75201",1,1844.79,6.25,115.3,158052.88,2021-04-04,1,0.1
INV-2024-0264,2021-01-01,1,2021-04-01,Net 90,90,USD,V072,Elite Supplies LLC,"8170 Industrial Dr, Houston, TX 16783",billing@elite-supplies.com,KL-1996530,Technology,SmartInvoiceInc,"100 Commerce Blvd, Dallas, TX 75201",1,19841.05,7.5,1488.08,1.0,2021-04-24,1,0.1
INV-2023-0262,2025-12-31,12,2026-01-01,Net 1,1,USD,V089,Delta Energy Group,"6236 Enterprise Ave, Miami, AZ 69052",billing@delta-energy.com,QZ-9752084,Retail,SmartInvoiceInc,"100 Commerce Blvd, Dallas, TX 75201",1,5123.69,8.25,422.7,76833.81,2026-01-01,0,0.1
INV-2023-0229,2025-12-31,12,2026-03-31,Net 90,90,USD,V012,Beacon Tech LLC,"517 Tech Park Way, Atlanta, GA 13267",billing@beacon-tech.com,ZU-3922097,Healthcare,SmartInvoiceInc,"100 Commerce Blvd, Dallas, TX 75201",50,14713.33,8.0,1177.07,278598.06,2026-03-31,0,0.1
INV-2024-0248,2023-02-04,2,2023-05-05,Net 90,90,USD,V085,Nexus Security Inc,"3286 Commerce Blvd, Atlanta, WA 70774",billing@nexus-security.com,IV-3245909,Services,SmartInvoiceInc,"100 Commerce Blvd, Dallas, TX 75201",50,20100.54,8.5,1708.55,220953.96,2023-05-05,0,0.1
INV-2023-0040,2025-12-31,12,2026-03-31,Net 90,90,USD,V042,Summit Capital Co,"5685 Venture Blvd, New York, IL 49749",billing@summit-capital.com,AE-3245131,Manufacturing,SmartInvoiceInc,"100 Commerce Blvd, Dallas, TX 75201",50,28112.1,7.0,1967.85,721111.59,2026-04-03,1,0.1
INV-2023-0230,2021-01-01,1,2021-01-02,Net 1,1,USD,V003,Global Logistics LLC,"9032 Venture Blvd, San Francisco, GA 11150",billing@global-logistics.com,IL-7095929,Manufacturing,SmartInvoiceInc,"100 Commerce Blvd, Dallas, TX 75201",1,8858.28,8.5,752.95,1.0,2021-01-03,1,0.1
INV-2024-0088,2021-01-01,1,2021-04-01,Net 90,90,USD,V008,Apex Security LLC,"9923 Commerce Blvd, Chicago, IL 26364",billing@apex-security.com,DP-2100567,Manufacturing,SmartInvoiceInc,"100 Commerce Blvd, Dallas, TX 75201",1,8029.16,8.0,642.33,115345.01,2021-04-01,0,0.1
INV-2022-0049,2021-01-01,1,2021-01-11,Net 10,10,USD,V019,Pioneer Marketing Co,"5261 Venture Blvd, Miami, AZ 19348",billing@pioneer-marketing.com,CW-3276360,Manufacturing,SmartInvoiceInc,"100 Commerce Blvd, Dallas, TX 75201",1,40278.38,8.5,3423.66,1.0,2021-01-12,1,0.1
INV-2022-0143,2021-01-01,1,2021-01-02,Net 1,1,USD,V063,Bright Capital Inc,"1050 Commerce Blvd, Los Angeles, OH 69201",billing@bright-capital.com,JE-8583354,Manufacturing,SmartInvoiceInc,"100 Commerce Blvd, Dallas, TX 75201",1,16489.05,8.0,1319.12,1.0,2021-01-02,0,0.1
INV-2022-0005,2021-01-01,1,2021-04-01,Net 90,90,USD,V095,Pacific Supplies Group,"2422 Enterprise Ave, Dallas, TX 59481",billing@pacific-supplies.com,YW-8599600,Retail,SmartInvoiceInc,"100 Commerce Blvd, Dallas, TX 75201",50,28207.91,6.25,1762.99,1.0,2021-04-21,1,0.1
INV-2022-0117,2021-01-01,1,2021-01-02,Net 1,1,USD,V034,Summit Ventures Co,"4909 Venture Blvd, Austin, TX 66397",billing@summit-ventures.com,IN-7195200,Services,SmartInvoiceInc,"100 Commerce Blvd, Dallas, TX 75201",1,48686.14,8.0,3894.89,1.0,2021-01-02,0,0.1
INV-2024-0039,2025-12-31,12,2026-03-31,Net 90,90,USD,V050,Alpha Logistics Inc,"1560 Business Pkwy, San Francisco, OH 11605",billing@alpha-logistics.com,WP-3255363,Services,SmartInvoiceInc,"100 Commerce Blvd, Dallas, TX 75201",50,38099.33,6.25,2381.21,218462.0,2026-05-14,1,0.1
INV-2024-0119,2021-01-01,1,2021-01-02,Net 1,1,USD,V073,Acme Systems Group,"3672 Innovation Rd, Dallas, TX 47148",billing@acme-systems.com,KV-6786265,Retail,SmartInvoiceInc,"100 Commerce Blvd, Dallas, TX 75201",20,41053.13,8.0,3284.25,1.0,2021-01-28,1,0.1
INV-2022-0223,2025-12-31,12,2026-03-15,Net 74,74,USD,V021,Swift Ventures LLC,"9509 Enterprise Ave, San Francisco, OH 36962",billing@swift-ventures.com,HP-7243669,Retail,SmartInvoiceInc,"100 Commerce Blvd, Dallas, TX 75201",50,12373.77,8.0,989.9,1.0,2026-03-15,0,0.1
INV-2023-0156,2025-12-31,12,2026-01-01,Net 1,1,USD,V051,Summit Cloud Inc,"8534 Innovation Rd, San Francisco, FL 19111",billing@summit-cloud.com,FB-8643603,Retail,SmartInvoiceInc,"100 Commerce Blvd, Dallas, TX 75201",50,37566.9,6.25,2347.93,1.0,2026-01-01,0,0.1
INV-2024-0165,2025-12-31,12,2026-03-31,Net 90,90,USD,V022,Acme Capital Inc,"8802 Corporate Ln, Atlanta, FL 45909",billing@acme-capital.com,SL-9415398,Services,SmartInvoiceInc,"100 Commerce Blvd, Dallas, TX 75201",12,40406.7,8.5,3434.57,1.0,2026-03-31,0,0.1
INV-2023-0195,2021-01-01,1,2021-04-01,Net 90,90,USD,V035,Pioneer Parts Co,"816 Market St, Dallas, TX 55543",billing@pioneer-parts.com,BH-9896761,Manufacturing,SmartInvoiceInc,"100 Commerce Blvd, Dallas, TX 75201",50,37095.09,7.0,2596.66,1.0,2021-05-11,1,0.1
INV-2024-0204,2022-07-21,7,2022-10-19,Net 90,90,USD,V028,Pioneer Systems LLC,"5163 Business Pkwy, Chicago, IL 39703",billing@pioneer-systems.com,ZD-7655623,Manufacturing,SmartInvoiceInc,"100 Commerce Blvd, Dallas, TX 75201",50,8773.03,8.0,701.84,1.0,2022-10-27,1,0.1
INV-2024-0146,2021-01-01,1,2021-01-02,Net 1,1,USD,V087,Bright Energy LLC,"5575 Trade Center Dr, New York, CA 49952",billing@bright-energy.com,EY-6888997,Manufacturing,SmartInvoiceInc,"100 Commerce Blvd, Dallas, TX 75201",50,34860.45,6.25,2178.78,394751.58,2021-01-17,1,0.1
INV-2024-0005,2025-12-31,12,2026-03-31,Net 90,90,USD,V063,Bright Capital Inc,"1050 Commerce Blvd, Los Angeles, OH 69201",billing@bright-capital.com,JE-8583354,Manufacturing,SmartInvoiceInc,"100 Commerce Blvd, Dallas, TX 75201",1,38276.19,8.25,3157.79,410878.17,2026-03-31,0,0.1
INV-2022-0123,2025-12-31,12,2026-01-01,Net 1,1,USD,V014,Swift Parts Inc,"3067 Tech Park Way, Dallas, NY 95999",billing@swift-parts.com,DR-1070640,Healthcare,SmartInvoiceInc,"100 Commerce Blvd, Dallas, TX 75201",50,12021.78,6.25,751.36,135594.08,2026-01-01,0,0.1
INV-2023-0120,2025-12-31,12,2026-03-31,Net 90,90,USD,V077,Pioneer Data LLC,"6745 Commerce Blvd, Houston, OH 35522",billing@pioneer-data.com,DA-6517366,Services,SmartInvoiceInc,"100 Commerce Blvd, Dallas, TX 75201",1,32713.04,8.5,2780.61,38711.7,2026-03-31,0,0.1
INV-2022-0038,2025-12-31,12,2026-01-01,Net 1,1,USD,V023,Titan Marketing LLC,"6077 Tech Park Way, Miami, NY 96188",billing@titan-marketing.com,MR-5984445,Manufacturing,SmartInvoiceInc,"100 Commerce Blvd, Dallas, TX 75201",1,22629.25,8.5,1923.49,228494.56,2026-01-09,1,0.1
INV-2024-0167,2025-12-31,12,2026-03-31,Net 90,90,USD,V062,Vanguard Security LLC,"5667 Market St, Dallas, FL 35053",billing@vanguard-security.com,GD-7867100,Technology,SmartInvoiceInc,"100 Commerce Blvd, Dallas, TX 75201",50,48851.62,8.5,4152.39,240813.31,2026-03-31,0,0.1
INV-2024-0200,2024-10-09,10,2024-10-10,Net 1,1,USD,V025,Acme Supplies Group,"7676 Innovation Rd, Dallas, OH 77641",billing@acme-supplies.com,LM-5848287,Healthcare,SmartInvoiceInc,"100 Commerce Blvd, Dallas, TX 75201",50,45944.79,9.0,4135.03,672068.57,2024-10-29,1,0.1
INV-2024-0192,2021-01-01,1,2021-01-02,Net 1,1,USD,V051,Summit Cloud Inc,"8534 Innovation Rd, San Francisco, FL 19111",billing@summit-cloud.com,FB-8643603,Retail,SmartInvoiceInc,"100 Commerce Blvd, Dallas, TX 75201",50,35116.11,8.0,2809.29,70297.22,2021-01-09,1,0.1
INV-2022-0036,2025-12-31,12,2026-01-01,Net 1,1,USD,V078,Beacon Legal LLC,"1581 Tech Park Way, Houston, TX 91974",billing@beacon-legal.com,RG-8449607,Technology,SmartInvoiceInc,"100 Commerce Blvd, Dallas, TX 75201",1,15585.18,9.0,1402.67,1.0,2026-01-01,0,0.1
INV-2022-0221,2023-04-24,4,2023-04-25,Net 1,1,USD,V019,Pioneer Marketing Co,"5261 Venture Blvd, Miami, AZ 19348",billing@pioneer-marketing.com,CW-3276360,Manufacturing,SmartInvoiceInc,"100 Commerce Blvd, Dallas, TX 75201",50,6072.73,8.5,516.18,1.0,2023-05-31,1,0.1
INV-2024-0133,2021-01-01,1,2021-04-01,Net 90,90,USD,V040,Elite Tech Co,"6369 Tech Park Way, Atlanta, GA 90719",billing@elite-tech.com,KV-2072647,Retail,SmartInvoiceInc,"100 Commerce Blvd, Dallas, TX 75201",1,1114.0,8.0,89.12,959154.52,2021-04-12,1,0.1
INV-2023-0064,2025-12-31,12,2026-03-31,Net 90,90,USD,V053,Pinnacle Labs LLC,"946 Innovation Rd, Seattle, NY 98236",billing@pinnacle-labs.com,LE-1064323,Services,SmartInvoiceInc,"100 Commerce Blvd, Dallas, TX 75201",50,15346.0,8.5,1304.41,1.0,2026-03-31,0,0.1
INV-2022-0034,2024-07-26,7,2024-10-24,Net 90,90,USD,V068,Nexus Energy Group,"3976 Innovation Rd, Seattle, TX 75310",billing@nexus-energy.com,ZI-9887324,Technology,SmartInvoiceInc,"100 Commerce Blvd, Dallas, TX 75201",50,43924.46,8.25,3623.77,1.0,2024-10-24,0,0.1
INV-2024-0188,2021-01-01,1,2021-04-01,Net 90,90,USD,V041,Titan Tech Group,"8572 Tech Park Way, Austin, CA 38732",billing@titan-tech.com,ZS-8757202,Healthcare,SmartInvoiceInc,"100 Commerce Blvd, Dallas, TX 75201",25,12355.75,6.25,772.23,1.0,2021-04-13,1,0.1
INV-2024-0053,2025-12-31,12,2026-01-01,Net 1,1,USD,V035,Pioneer Parts Co,"816 Market St, Dallas, TX 55543",billing@pioneer-parts.com,BH-9896761,Manufacturing,SmartInvoiceInc,"100 Commerce Blvd, Dallas, TX 75201",50,42856.96,9.0,3857.13,1.0,2026-01-01,0,0.1
INV-2024-0189,2025-12-31,12,2026-03-31,Net 90,90,USD,V048,Pacific Tech Co,"9461 Market St, New York, CA 22910",billing@pacific-tech.com,HH-9469872,Retail,SmartInvoiceInc,"100 Commerce Blvd, Dallas, TX 75201",50,30149.44,6.25,1884.34,1.0,2026-03-31,0,0.1
INV-2023-0173,2021-01-01,1,2021-04-01,Net 90,90,USD,V073,Acme Systems Group,"3672 Innovation Rd, Dallas, TX 47148",billing@acme-systems.com,KV-6786265,Retail,SmartInvoiceInc,"100 Commerce Blvd, Dallas, TX 75201",1,33625.41,6.25,2101.59,1.0,2021-05-03,1,0.1
INV-2024-0260,2025-12-31,12,2026-03-31,Net 90,90,USD,V065,Delta Tech Group,"2991 Industrial Dr, Austin, NY 85683",billing@delta-tech.com,DZ-8726890,Services,SmartInvoiceInc,"100 Commerce Blvd, Dallas, TX 75201",50,34875.3,8.0,2790.02,234309.31,2026-03-31,0,0.1
INV-2022-0148,2021-01-01,1,2021-04-01,Net 90,90,USD,V046,Titan Freight Co,"3445 Venture Blvd, New York, NY 44674",billing@titan-freight.com,OY-3319049,Technology,SmartInvoiceInc,"100 Commerce Blvd, Dallas, TX 75201",21,30295.21,7.0,2120.66,1.0,2021-04-23,1,0.1
INV-2022-0216,2021-01-01,1,2021-01-02,Net 1,1,USD,V021,Swift Ventures LLC,"9509 Enterprise Ave, San Francisco, OH 36962",billing@swift-ventures.com,HP-7243669,Retail,SmartInvoiceInc,"100 Commerce Blvd, Dallas, TX 75201",1,29789.01,8.25,2457.59,1.0,2021-01-02,0,0.1
INV-2022-0241,2021-01-01,1,2021-01-02,Net 1,1,USD,V055,Beacon Security Co,"2126 Tech Park Way, Dallas, OH 69383",billing@beacon-security.com,JE-4757974,Manufacturing,SmartInvoiceInc,"100 Commerce Blvd, Dallas, TX 75201",50,19533.31,8.25,1611.5,1.0,2021-01-02,0,0.1
INV-2022-0082,2021-01-01,1,2021-04-01,Net 90,90,USD,V066,Global Marketing Co,"5879 Venture Blvd, Chicago, OH 22999",billing@global-marketing.com,WO-9464685,Services,SmartInvoiceInc,"100 Commerce Blvd, Dallas, TX 75201",1,23908.41,6.25,1494.28,1264708.1,2021-04-01,0,0.1
INV-2023-0237,2025-12-31,12,2026-01-01,Net 1,1,USD,V087,Bright Energy LLC,"5575 Trade Center Dr, New York, CA 49952",billing@bright-energy.com,EY-6888997,Manufacturing,SmartInvoiceInc,"100 Commerce Blvd, Dallas, TX 75201",50,44628.26,7.0,3123.98,569405.62,2026-01-13,1,0.1
INV-2024-0261,2021-01-01,1,2021-04-01,Net 90,90,USD,V006,Apex Solutions Co,"2241 Market St, San Francisco, AZ 45247",billing@apex-solutions.com,UG-6698848,Healthcare,SmartInvoiceInc,"100 Commerce Blvd, Dallas, TX 75201",1,12323.4,7.0,862.64,227396.1,2021-04-01,0,0.1
INV-2022-0039,2021-01-01,1,2021-01-02,Net 1,1,USD,V093,Delta Labs Corp,"7201 Industrial Dr, Atlanta, AZ 11524",billing@delta-labs.com,II-7984720,Technology,SmartInvoiceInc,"100 Commerce Blvd, Dallas, TX 75201",1,31314.72,8.5,2661.75,569800.18,2021-01-02,0,0.1
INV-2022-0144,2023-09-07,9,2023-12-06,Net 90,90,USD,V084,Bright Medical LLC,"7183 Tech Park Way, Los Angeles, AZ 27771",billing@bright-medical.com,XQ-6499593,Services,SmartInvoiceInc,"100 Commerce Blvd, Dallas, TX 75201",1,26070.35,8.5,2215.98,11704.37,2023-12-06,0,0.1
INV-2022-0228,2021-01-01,1,2021-04-01,Net 90,90,USD,V062,Vanguard Security LLC,"5667 Market St, Dallas, FL 35053",billing@vanguard-security.com,GD-7867100,Technology,SmartInvoiceInc,"100 Commerce Blvd, Dallas, TX 75201",50,42274.27,6.25,2642.14,35335.96,2021-04-22,1,0.1
INV-2022-0066,2025-11-16,11,2026-02-14,Net 90,90,USD,V049,Global Freight Corp,"2572 Enterprise Ave, New York, FL 64553",billing@global-freight.com,BX-2314532,Technology,SmartInvoiceInc,"100 Commerce Blvd, Dallas, TX 75201",50,15027.7,8.5,1277.35,570989.17,2026-02-14,0,0.1
INV-2022-0244,2025-12-31,12,2026-01-01,Net 1,1,USD,V088,Sterling Tech Group,"1722 Enterprise Ave, Seattle, OH 71396",billing@sterling-tech.com,YF-8369434,Manufacturing,SmartInvoiceInc,"100 Commerce Blvd, Dallas, TX 75201",50,31044.79,8.25,2561.2,100935.31,2026-02-09,1,0.1
INV-2023-0148,2021-01-01,1,2021-01-02,Net 1,1,USD,V055,Beacon Security Co,"2126 Tech Park Way, Dallas, OH 69383",billing@beacon-security.com,JE-4757974,Manufacturing,SmartInvoiceInc,"100 Commerce Blvd, Dallas, TX 75201",1,24930.56,7.5,1869.79,206827.4,2021-01-13,1,0.1
INV-2024-0067,2024-09-27,9,2024-09-28,Net 1,1,USD,V077,Pioneer Data LLC,"6745 Commerce Blvd, Houston, OH 35522",billing@pioneer-data.com,DA-6517366,Services,SmartInvoiceInc,"100 Commerce Blvd, Dallas, TX 75201",50,8677.59,8.0,694.21,1413908.1,2024-09-28,0,0.1
INV-2024-0040,2024-03-22,3,2024-03-23,Net 1,1,USD,V072,Elite Supplies LLC,"8170 Industrial Dr, Houston, TX 16783",billing@elite-supplies.com,KL-1996530,Technology,SmartInvoiceInc,"100 Commerce Blvd, Dallas, TX 75201",1,30591.31,6.25,1911.96,611960.06,2024-03-23,0,0.1
INV-2022-0253,2025-12-31,12,2026-03-31,Net 90,90,USD,V092,Pinnacle Capital Co,"7579 Commerce Blvd, Seattle, FL 84478",billing@pinnacle-capital.com,TS-6703394,Retail,SmartInvoiceInc,"100 Commerce Blvd, Dallas, TX 75201",50,577.47,7.5,43.31,1.0,2026-04-30,1,0.1
INV-2023-0140,2022-05-20,5,2022-08-18,Net 90,90,USD,V047,Elite Energy Inc,"6329 Venture Blvd, Atlanta, TX 13596",billing@elite-energy.com,TY-1467010,Technology,SmartInvoiceInc,"100 Commerce Blvd, Dallas, TX 75201",50,30387.87,7.0,2127.15,383561.1,2022-08-22,1,0.1
INV-2022-0248,2025-12-31,12,2026-03-31,Net 90,90,USD,V094,Pioneer Supplies Inc,"160 Innovation Rd, Seattle, CO 23350",billing@pioneer-supplies.com,CC-6787749,Manufacturing,SmartInvoiceInc,"100 Commerce Blvd, Dallas, TX 75201",50,18768.12,7.5,1407.61,613540.06,2026-03-31,0,0.1
INV-2022-0129,2025-12-31,12,2026-01-01,Net 1,1,USD,V040,Elite Tech Co,"6369 Tech Park Way, Atlanta, GA 90719",billing@elite-tech.com,KV-2072647,Retail,SmartInvoiceInc,"100 Commerce Blvd, Dallas, TX 75201",1,4014.88,7.0,281.04,311959.1,2026-01-01,0,0.1
INV-2023-0044,2021-01-01,1,2021-04-01,Net 90,90,USD,V041,Titan Tech Group,"8572 Tech Park Way, Austin, CA 38732",billing@titan-tech.com,ZS-8757202,Healthcare,SmartInvoiceInc,"100 Commerce Blvd, Dallas, TX 75201",1,33594.35,6.25,2099.65,469645.0,2021-04-01,0,0.1
INV-2023-0238,2025-12-31,12,2026-01-01,Net 1,1,USD,V051,Summit Cloud Inc,"8534 Innovation Rd, San Francisco, FL 19111",billing@summit-cloud.com,FB-8643603,Retail,SmartInvoiceInc,"100 Commerce Blvd, Dallas, TX 75201",1,1001.49,7.0,70.1,274479.02,2026-01-10,1,0.1
INV-2022-0006,2025-12-31,12,2026-03-31,Net 90,90,USD,V039,Elite Labs Group,"237 Innovation Rd, Dallas, AZ 29963",billing@elite-labs.com,TX-2849396,Manufacturing,SmartInvoiceInc,"100 Commerce Blvd, Dallas, TX 75201",8,36336.67,7.5,2725.25,628378.27,2026-03-31,0,0.1
INV-2022-0096,2021-01-01,1,2021-01-02,Net 1,1,USD,V093,Delta Labs Corp,"7201 Industrial Dr, Atlanta, AZ 11524",billing@delta-labs.com,II-7984720,Technology,SmartInvoiceInc,"100 Commerce Blvd, Dallas, TX 75201",50,26931.39,7.0,1885.2,1046926.24,2021-01-14,1,0.1
INV-2023-0141,2025-12-31,12,2026-01-01,Net 1,1,USD,V035,Pioneer Parts Co,"816 Market St, Dallas, TX 55543",billing@pioneer-parts.com,BH-9896761,Manufacturing,SmartInvoiceInc,"100 Commerce Blvd, Dallas, TX 75201",50,4677.42,9.0,420.97,387288.87,2026-01-22,1,0.1
INV-2024-0076,2021-01-01,1,2021-01-02,Net 1,1,USD,V062,Vanguard Security LLC,"5667 Market St, Dallas, FL 35053",billing@vanguard-security.com,GD-7867100,Technology,SmartInvoiceInc,"100 Commerce Blvd, Dallas, TX 75201",1,42357.42,8.5,3600.38,812571.76,2021-01-02,0,0.1
INV-2024-0025,2025-12-31,12,2026-01-01,Net 1,1,USD,V036,Delta Partners Corp,"4463 Commerce Blvd, New York, IL 34285",billing@delta-partners.com,YQ-6165679,Healthcare,SmartInvoiceInc,"100 Commerce Blvd, Dallas, TX 75201",50,14131.37,8.25,1165.84,1231250.48,2026-01-01,0,0.1
INV-2024-0254,2025-12-31,12,2026-02-09,Net 40,40,USD,V030,Delta Solutions Group,"2879 Tech Park Way, New York, CA 66178",billing@delta-solutions.com,EO-6187480,Manufacturing,SmartInvoiceInc,"100 Commerce Blvd, Dallas, TX 75201",50,40019.83,7.5,3001.49,1.0,2026-03-25,1,0.1
INV-2023-0129,2021-01-01,1,2021-04-01,Net 90,90,USD,V079,Alpha Partners Inc,"6054 Innovation Rd, Miami, WA 66373",billing@alpha-partners.com,YO-4185714,Technology,SmartInvoiceInc,"100 Commerce Blvd, Dallas, TX 75201",1,44537.78,7.0,3117.64,71077.16,2021-05-07,1,0.1
INV-2023-0048,2021-01-01,1,2021-04-01,Net 90,90,USD,V033,Nexus Tech Inc,"504 Corporate Ln, New York, TX 70100",billing@nexus-tech.com,EF-4196340,Healthcare,SmartInvoiceInc,"100 Commerce Blvd, Dallas, TX 75201",1,25828.23,8.0,2066.26,539502.63,2021-04-01,0,0.1
INV-2023-0216,2022-10-14,10,2023-01-12,Net 90,90,USD,V068,Nexus Energy Group,"3976 Innovation Rd, Seattle, TX 75310",billing@nexus-energy.com,ZI-9887324,Technology,SmartInvoiceInc,"100 Commerce Blvd, Dallas, TX 75201",1,17620.93,8.0,1409.67,464328.28,2023-01-22,1,0.1
INV-2022-0254,2025-12-31,12,2026-03-31,Net 90,90,USD,V060,Elite Parts Co,"6665 Commerce Blvd, Miami, TX 29096",billing@elite-parts.com,QA-4681262,Manufacturing,SmartInvoiceInc,"100 Commerce Blvd, Dallas, TX 75201",1,17359.91,9.0,1562.39,1.0,2026-03-31,0,0.1
INV-2022-0058,2025-12-31,12,2026-01-01,Net 1,1,USD,V011,Acme Legal Group,"5826 Industrial Dr, Austin, CA 37350",billing@acme-legal.com,QZ-5833177,Manufacturing,SmartInvoiceInc,"100 Commerce Blvd, Dallas, TX 75201",34,34017.47,8.25,2806.44,380585.97,2026-01-13,1,0.1
INV-2022-0249,2025-09-17,9,2025-09-18,Net 1,1,USD,V065,Delta Tech Group,"2991 Industrial Dr, Austin, NY 85683",billing@delta-tech.com,DZ-8726890,Services,SmartInvoiceInc,"100 Commerce Blvd, Dallas, TX 75201",19,8784.31,7.0,614.9,320344.81,2025-09-18,0,0.1
INV-2023-0165,2025-12-31,12,2026-03-31,Net 90,90,USD,V088,Sterling Tech Group,"1722 Enterprise Ave, Seattle, OH 71396",billing@sterling-tech.com,YF-8369434,Manufacturing,SmartInvoiceInc,"100 Commerce Blvd, Dallas, TX 75201",50,48218.86,8.0,3857.51,925030.68,2026-05-13,1,0.1
INV-2022-0192,2021-05-26,5,2021-08-24,Net 90,90,USD,V064,Swift Labs Inc,"6128 Market St, Chicago, FL 50631",billing@swift-labs.com,OH-7356228,Healthcare,SmartInvoiceInc,"100 Commerce Blvd, Dallas, TX 75201",50,20074.0,8.5,1706.29,859753.13,2021-08-24,0,0.1
INV-2024-0262,2025-11-06,11,2026-02-04,Net 90,90,USD,V015,Prime Parts Group,"3540 Corporate Ln, Miami, CO 78450",billing@prime-parts.com,IQ-6781565,Retail,SmartInvoiceInc,"100 Commerce Blvd, Dallas, TX 75201",1,45054.12,8.25,3716.96,43504.32,2026-03-13,1,0.1
INV-2022-0017,2021-01-01,1,2021-04-01,Net 90,90,USD,V035,Pioneer Parts Co,"816 Market St, Dallas, TX 55543",billing@pioneer-parts.com,BH-9896761,Manufacturing,SmartInvoiceInc,"100 Commerce Blvd, Dallas, TX 75201",1,30345.67,8.0,2427.65,770783.62,2021-04-01,0,0.1
INV-2022-0250,2024-05-18,5,2024-05-19,Net 1,1,USD,V029,Nexus Freight Group,"639 Enterprise Ave, Atlanta, FL 30159",billing@nexus-freight.com,VQ-5010912,Healthcare,SmartInvoiceInc,"100 Commerce Blvd, Dallas, TX 75201",24,8003.42,6.25,500.21,2036777.98,2024-06-10,1,0.1
INV-2024-0097,2021-05-10,5,2021-08-08,Net 90,90,USD,V068,Nexus Energy Group,"3976 Innovation Rd, Seattle, TX 75310",billing@nexus-energy.com,ZI-9887324,Technology,SmartInvoiceInc,"100 Commerce Blvd, Dallas, TX 75201",1,24154.98,8.25,1992.79,182355.11,2021-08-08,0,0.1
INV-2023-0239,2021-01-01,1,2021-01-02,Net 1,1,USD,V086,Swift Consulting Group,"6909 Venture Blvd, Houston, GA 84532",billing@swift-consulting.com,KF-2014929,Healthcare,SmartInvoiceInc,"100 Commerce Blvd, Dallas, TX 75201",1,18131.19,7.0,1269.18,1.0,2021-01-23,1,0.1
INV-2023-0061,2025-12-31,12,2026-01-01,Net 1,1,USD,V046,Titan Freight Co,"3445 Venture Blvd, New York, NY 44674",billing@titan-freight.com,OY-3319049,Technology,SmartInvoiceInc,"100 Commerce Blvd, Dallas, TX 75201",44,12134.34,7.5,910.08,1.0,2026-01-01,0,0.1
INV-2024-0090,2021-01-01,1,2021-04-01,Net 90,90,USD,V001,Metro Legal Co,"5791 Enterprise Ave, Miami, FL 64021",billing@metro-legal.com,MT-6143901,Services,SmartInvoiceInc,"100 Commerce Blvd, Dallas, TX 75201",1,7950.81,7.0,556.56,297167.99,2021-04-01,0,0.1
INV-2022-0257,2025-12-31,12,2026-03-31,Net 90,90,USD,V051,Summit Cloud Inc,"8534 Innovation Rd, San Francisco, FL 19111",billing@summit-cloud.com,FB-8643603,Retail,SmartInvoiceInc,"100 Commerce Blvd, Dallas, TX 75201",1,36861.61,7.0,2580.31,1.0,2026-04-24,1,0.1
INV-2023-0221,2021-01-01,1,2021-04-01,Net 90,90,USD,V019,Pioneer Marketing Co,"5261 Venture Blvd, Miami, AZ 19348",billing@pioneer-marketing.com,CW-3276360,Manufacturing,SmartInvoiceInc,"100 Commerce Blvd, Dallas, TX 75201",1,20059.32,8.0,1604.75,193957.41,2021-04-01,0,0.1
INV-2024-0220,2025-07-15,7,2025-10-13,Net 90,90,USD,V036,Delta Partners Corp,"4463 Commerce Blvd, New York, IL 34285",billing@delta-partners.com,YQ-6165679,Healthcare,SmartInvoiceInc,"100 Commerce Blvd, Dallas, TX 75201",22,7052.43,7.5,528.93,46464.98,2025-10-13,0,0.1
INV-2023-0078,2025-12-31,12,2026-01-01,Net 1,1,USD,V011,Acme Legal Group,"5826 Industrial Dr, Austin, CA 37350",billing@acme-legal.com,QZ-5833177,Manufacturing,SmartInvoiceInc,"100 Commerce Blvd, Dallas, TX 75201",50,23194.09,8.5,1971.5,1.0,2026-01-12,1,0.1
INV-2023-0039,2025-12-31,12,2026-03-31,Net 90,90,USD,V092,Pinnacle Capital Co,"7579 Commerce Blvd, Seattle, FL 84478",billing@pinnacle-capital.com,TS-6703394,Retail,SmartInvoiceInc,"100 Commerce Blvd, Dallas, TX 75201",50,34197.42,6.25,2137.34,984342.45,2026-03-31,0,0.1
INV-2023-0162,2021-01-01,1,2021-04-01,Net 90,90,USD,V012,Beacon Tech LLC,"517 Tech Park Way, Atlanta, GA 13267",billing@beacon-tech.com,ZU-3922097,Healthcare,SmartInvoiceInc,"100 Commerce Blvd, Dallas, TX 75201",1,47481.05,7.0,3323.67,554055.32,2021-04-01,0,0.1
INV-2024-0210,2021-01-01,1,2021-03-18,Net 76,76,USD,V052,Pinnacle Tech Corp,"8295 Business Pkwy, New York, TX 94471",billing@pinnacle-tech.com,FS-3357821,Technology,SmartInvoiceInc,"100 Commerce Blvd, Dallas, TX 75201",50,29642.21,7.0,2074.95,82846.47,2021-03-18,0,0.1
INV-2023-0149,2025-12-31,12,2026-01-01,Net 1,1,USD,V075,Titan Energy Co,"6804 Corporate Ln, Dallas, GA 12482",billing@titan-energy.com,XS-8433533,Healthcare,SmartInvoiceInc,"100 Commerce Blvd, Dallas, TX 75201",1,30484.89,6.25,1905.31,1.0,2026-01-18,1,0.1
INV-2022-0226,2023-04-28,4,2023-07-27,Net 90,90,USD,V051,Summit Cloud Inc,"8534 Innovation Rd, San Francisco, FL 19111",billing@summit-cloud.com,FB-8643603,Retail,SmartInvoiceInc,"100 Commerce Blvd, Dallas, TX 75201",42,23070.97,8.0,1845.68,635583.07,2023-07-27,0,0.1
INV-2022-0035,2021-01-01,1,2021-04-01,Net 90,90,USD,V004,Metro Medical Inc,"7905 Business Pkwy, Atlanta, WA 66556",billing@metro-medical.com,UA-8474447,Healthcare,SmartInvoiceInc,"100 Commerce Blvd, Dallas, TX 75201",50,24085.93,9.0,2167.73,1.0,2021-05-16,1,0.1
INV-2024-0206,2025-12-31,12,2026-01-01,Net 1,1,USD,V081,Acme Consulting Group,"5719 Enterprise Ave, New York, IL 96925",billing@acme-consulting.com,WP-5241361,Manufacturing,SmartInvoiceInc,"100 Commerce Blvd, Dallas, TX 75201",23,15272.53,7.5,1145.44,1.0,2026-01-04,1,0.1
INV-2022-0179,2025-12-31,12,2026-01-01,Net 1,1,USD,V059,Global Medical Co,"2998 Venture Blvd, Los Angeles, CO 24060",billing@global-medical.com,JY-1829735,Services,SmartInvoiceInc,"100 Commerce Blvd, Dallas, TX 75201",1,48590.89,8.25,4008.75,1.0,2026-01-01,0,0.1
INV-2024-0136,2025-12-31,12,2026-01-01,Net 1,1,USD,V080,Vanguard Legal Group,"3154 Innovation Rd, Houston, NY 44911",billing@vanguard-legal.com,XN-8021855,Services,SmartInvoiceInc,"100 Commerce Blvd, Dallas, TX 75201",50,43666.39,7.0,3056.65,490254.87,2026-01-22,1,0.1
INV-2023-0090,2021-01-01,1,2021-04-01,Net 90,90,USD,V080,Vanguard Legal Group,"3154 Innovation Rd, Houston, NY 44911",billing@vanguard-legal.com,XN-8021855,Services,SmartInvoiceInc,"100 Commerce Blvd, Dallas, TX 75201",50,17003.66,7.5,1275.27,65064.15,2021-04-01,0,0.1
INV-2024-0001,2021-01-01,1,2021-04-01,Net 90,90,USD,V057,Pioneer Consulting Inc,"1704 Industrial Dr, San Francisco, WA 80792",billing@pioneer-consulting.com,BL-2384418,Services,SmartInvoiceInc,"100 Commerce Blvd, Dallas, TX 75201",1,49532.03,7.0,3467.24,206136.2,2021-04-01,0,0.1
INV-2022-0130,2021-01-01,1,2021-04-01,Net 90,90,USD,V071,Pinnacle Supplies Inc,"8493 Market St, Atlanta, IL 23224",billing@pinnacle-supplies.com,CT-2017433,Services,SmartInvoiceInc,"100 Commerce Blvd, Dallas, TX 75201",1,2686.02,8.0,214.88,485601.05,2021-04-01,0,0.1
INV-2024-0247,2025-12-31,12,2026-01-01,Net 1,1,USD,V001,Metro Legal Co,"5791 Enterprise Ave, Miami, FL 64021",billing@metro-legal.com,MT-6143901,Services,SmartInvoiceInc,"100 Commerce Blvd, Dallas, TX 75201",1,780.46,8.25,64.39,1.0,2026-01-01,0,0.1
INV-2023-0123,2021-01-01,1,2021-04-01,Net 90,90,USD,V073,Acme Systems Group,"3672 Innovation Rd, Dallas, TX 47148",billing@acme-systems.com,KV-6786265,Retail,SmartInvoiceInc,"100 Commerce Blvd, Dallas, TX 75201",1,42373.11,7.0,2966.12,88387.74,2021-04-24,1,0.1
INV-2024-0140,2025-12-31,12,2026-03-31,Net 90,90,USD,V009,Nexus Cloud Inc,"9187 Market St, Chicago, CA 21938",billing@nexus-cloud.com,AA-2404330,Healthcare,SmartInvoiceInc,"100 Commerce Blvd, Dallas, TX 75201",1,14376.56,8.0,1150.12,243320.61,2026-05-08,1,0.1
INV-2023-0030,2025-12-15,12,2026-03-15,Net 90,90,USD,V075,Titan Energy Co,"6804 Corporate Ln, Dallas, GA 12482",billing@titan-energy.com,XS-8433533,Healthcare,SmartInvoiceInc,"100 Commerce Blvd, Dallas, TX 75201",50,5994.41,8.0,479.55,1.0,2026-03-15,0,0.1
INV-2024-0109,2025-12-31,12,2026-03-31,Net 90,90,USD,V096,Sterling Security Corp,"5995 Enterprise Ave, Dallas, GA 64756",billing@sterling-security.com,VP-7611653,Technology,SmartInvoiceInc,"100 Commerce Blvd, Dallas, TX 75201",1,47778.2,7.5,3583.36,591919.3,2026-03-31,0,0.1
INV-2023-0246,2025-05-15,5,2025-05-16,Net 1,1,USD,V066,Global Marketing Co,"5879 Venture Blvd, Chicago, OH 22999",billing@global-marketing.com,WO-9464685,Services,SmartInvoiceInc,"100 Commerce Blvd, Dallas, TX 75201",50,25280.9,7.0,1769.66,1.0,2025-06-23,1,0.1
INV-2022-0024,2021-01-01,1,2021-04-01,Net 90,90,USD,V060,Elite Parts Co,"6665 Commerce Blvd, Miami, TX 29096",billing@elite-parts.com,QA-4681262,Manufacturing,SmartInvoiceInc,"100 Commerce Blvd, Dallas, TX 75201",50,35650.45,9.0,3208.54,325240.12,2021-05-05,1,0.1
INV-2023-0082,2021-01-01,1,2021-01-02,Net 1,1,USD,V039,Elite Labs Group,"237 Innovation Rd, Dallas, AZ 29963",billing@elite-labs.com,TX-2849396,Manufacturing,SmartInvoiceInc,"100 Commerce Blvd, Dallas, TX 75201",29,14979.5,8.5,1273.26,48529.5,2021-01-02,0,0.1
INV-2022-0140,2025-12-31,12,2026-03-31,Net 90,90,USD,V093,Delta Labs Corp,"7201 Industrial Dr, Atlanta, AZ 11524",billing@delta-labs.com,II-7984720,Technology,SmartInvoiceInc,"100 Commerce Blvd, Dallas, TX 75201",1,11688.44,6.25,730.53,1.0,2026-03-31,0,0.1
INV-2022-0202,2021-01-01,1,2021-01-02,Net 1,1,USD,V013,Summit Partners Corp,"512 Innovation Rd, Los Angeles, CO 70692",billing@summit-partners.com,YD-8122313,Healthcare,SmartInvoiceInc,"100 Commerce Blvd, Dallas, TX 75201",50,18211.8,6.25,1138.24,1.0,2021-01-02,0,0.1
INV-2023-0243,2025-12-31,12,2026-01-01,Net 1,1,USD,V031,Titan Capital LLC,"2971 Industrial Dr, San Francisco, GA 11015",billing@titan-capital.com,AV-9416320,Manufacturing,SmartInvoiceInc,"100 Commerce Blvd, Dallas, TX 75201",5,29500.31,8.5,2507.53,1.0,2026-02-02,1,0.1
INV-2023-0225,2025-12-31,12,2026-01-01,Net 1,1,USD,V014,Swift Parts Inc,"3067 Tech Park Way, Dallas, NY 95999",billing@swift-parts.com,DR-1070640,Healthcare,SmartInvoiceInc,"100 Commerce Blvd, Dallas, TX 75201",50,41215.47,9.0,3709.39,1.0,2026-01-05,1,0.1
INV-2022-0181,2021-01-01,1,2021-01-02,Net 1,1,USD,V077,Pioneer Data LLC,"6745 Commerce Blvd, Houston, OH 35522",billing@pioneer-data.com,DA-6517366,Services,SmartInvoiceInc,"100 Commerce Blvd, Dallas, TX 75201",50,13934.76,9.0,1254.13,1333487.53,2021-02-05,1,0.1
INV-2023-0253,2021-01-01,1,2021-04-01,Net 90,90,USD,V082,Acme Labs Inc,"2298 Enterprise Ave, Austin, NY 23859",billing@acme-labs.com,RB-3008960,Healthcare,SmartInvoiceInc,"100 Commerce Blvd, Dallas, TX 75201",1,36225.22,6.25,2264.08,1.0,2021-04-01,0,0.1
INV-2024-0027,2025-12-31,12,2026-01-15,Net 15,15,USD,V079,Alpha Partners Inc,"6054 Innovation Rd, Miami, WA 66373",billing@alpha-partners.com,YO-4185714,Technology,SmartInvoiceInc,"100 Commerce Blvd, Dallas, TX 75201",50,25800.89,7.0,1806.06,1.0,2026-01-15,0,0.1
INV-2024-0162,2025-12-31,12,2026-01-01,Net 1,1,USD,V086,Swift Consulting Group,"6909 Venture Blvd, Houston, GA 84532",billing@swift-consulting.com,KF-2014929,Healthcare,SmartInvoiceInc,"100 Commerce Blvd, Dallas, TX 75201",1,3603.14,7.0,252.22,1809944.97,2026-01-07,1,0.1
INV-2023-0008,2025-06-28,6,2025-09-13,Net 77,77,USD,V069,Titan Security Corp,"1892 Enterprise Ave, San Francisco, AZ 11645",billing@titan-security.com,DV-7671318,Technology,SmartInvoiceInc,"100 Commerce Blvd, Dallas, TX 75201",12,41422.38,7.5,3106.68,154679.68,2025-10-10,1,0.1
INV-2023-0074,2021-11-14,11,2022-02-12,Net 90,90,USD,V034,Summit Ventures Co,"4909 Venture Blvd, Austin, TX 66397",billing@summit-ventures.com,IN-7195200,Services,SmartInvoiceInc,"100 Commerce Blvd, Dallas, TX 75201",50,39552.16,9.0,3559.69,1.0,2022-02-12,0,0.1
INV-2024-0237,2025-12-31,12,2026-01-01,Net 1,1,USD,V083,Metro Freight Group,"3694 Venture Blvd, Houston, NY 86918",billing@metro-freight.com,LT-7193956,Technology,SmartInvoiceInc,"100 Commerce Blvd, Dallas, TX 75201",50,19177.24,8.0,1534.18,1.0,2026-01-01,0,0.1
INV-2022-0029,2021-01-01,1,2021-04-01,Net 90,90,USD,V017,Nexus Labs Group,"817 Market St, Austin, AZ 15486",billing@nexus-labs.com,PU-8990340,Services,SmartInvoiceInc,"100 Commerce Blvd, Dallas, TX 75201",1,46543.46,6.25,2908.97,1.0,2021-04-01,0,0.1
INV-2024-0128,2025-12-31,12,2026-01-01,Net 1,1,USD,V010,Prime Cloud Group,"8102 Commerce Blvd, Dallas, WA 79449",billing@prime-cloud.com,KL-3248988,Healthcare,SmartInvoiceInc,"100 Commerce Blvd, Dallas, TX 75201",1,33486.08,6.25,2092.88,677788.75,2026-01-12,1,0.1
INV-2024-0255,2025-12-31,12,2026-03-31,Net 90,90,USD,V017,Nexus Labs Group,"817 Market St, Austin, AZ 15486",billing@nexus-labs.com,PU-8990340,Services,SmartInvoiceInc,"100 Commerce Blvd, Dallas, TX 75201",50,47227.12,6.25,2951.7,1.0,2026-04-19,1,0.1
INV-2024-0105,2022-05-23,5,2022-08-21,Net 90,90,USD,V083,Metro Freight Group,"3694 Venture Blvd, Houston, NY 86918",billing@metro-freight.com,LT-7193956,Technology,SmartInvoiceInc,"100 Commerce Blvd, Dallas, TX 75201",1,2885.21,8.25,238.03,1.0,2022-08-21,0,0.1
INV-2022-0056,2025-12-31,12,2026-01-01,Net 1,1,USD,V028,Pioneer Systems LLC,"5163 Business Pkwy, Chicago, IL 39703",billing@pioneer-systems.com,ZD-7655623,Manufacturing,SmartInvoiceInc,"100 Commerce Blvd, Dallas, TX 75201",1,24060.4,7.0,1684.23,1789406.73,2026-01-01,0,0.1
INV-2024-0160,2025-12-31,12,2026-01-01,Net 1,1,USD,V099,Pioneer Works Corp,"1600 Industrial Dr, Los Angeles, GA 29426",billing@pioneer-works.com,RJ-1066150,Technology,SmartInvoiceInc,"100 Commerce Blvd, Dallas, TX 75201",1,3091.57,6.25,193.22,1.0,2026-01-01,0,0.1
INV-2023-0071,2021-01-01,1,2021-04-01,Net 90,90,USD,V013,Summit Partners Corp,"512 Innovation Rd, Los Angeles, CO 70692",billing@summit-partners.com,YD-8122313,Healthcare,SmartInvoiceInc,"100 Commerce Blvd, Dallas, TX 75201",50,10993.71,6.25,687.11,1.0,2021-04-01,0,0.1
INV-2023-0146,2023-03-30,3,2023-03-31,Net 1,1,USD,V054,Swift Medical Group,"324 Market St, Dallas, TX 88477",billing@swift-medical.com,FE-9671370,Retail,SmartInvoiceInc,"100 Commerce Blvd, Dallas, TX 75201",50,39913.91,9.0,3592.25,1.0,2023-03-31,0,0.1
INV-2024-0006,2021-01-01,1,2021-04-01,Net 90,90,USD,V034,Summit Ventures Co,"4909 Venture Blvd, Austin, TX 66397",billing@summit-ventures.com,IN-7195200,Services,SmartInvoiceInc,"100 Commerce Blvd, Dallas, TX 75201",1,32756.17,7.0,2292.93,322495.52,2021-04-01,0,0.1
INV-2023-0114,2025-12-31,12,2026-03-31,Net 90,90,USD,V070,Swift Logistics Inc,"1954 Business Pkwy, Miami, NY 73374",billing@swift-logistics.com,UO-1318408,Healthcare,SmartInvoiceInc,"100 Commerce Blvd, Dallas, TX 75201",50,20058.98,8.5,1705.01,1.0,2026-05-06,1,0.1
INV-2023-0023,2021-01-01,1,2021-04-01,Net 90,90,USD,V021,Swift Ventures LLC,"9509 Enterprise Ave, San Francisco, OH 36962",billing@swift-ventures.com,HP-7243669,Retail,SmartInvoiceInc,"100 Commerce Blvd, Dallas, TX 75201",1,18705.41,6.25,1169.09,227399.54,2021-04-01,0,0.1
INV-2022-0037,2021-09-06,9,2021-09-07,Net 1,1,USD,V054,Swift Medical Group,"324 Market St, Dallas, TX 88477",billing@swift-medical.com,FE-9671370,Retail,SmartInvoiceInc,"100 Commerce Blvd, Dallas, TX 75201",50,5443.41,7.0,381.04,372132.05,2021-10-14,1,0.1
INV-2024-0111,2021-01-01,1,2021-01-02,Net 1,1,USD,V024,Nexus Marketing Group,"6719 Innovation Rd, Atlanta, GA 62224",billing@nexus-marketing.com,CM-6304509,Technology,SmartInvoiceInc,"100 Commerce Blvd, Dallas, TX 75201",1,6656.24,7.0,465.94,419120.71,2021-01-05,1,0.1
INV-2024-0054,2025-12-31,12,2026-03-31,Net 90,90,USD,V017,Nexus Labs Group,"817 Market St, Austin, AZ 15486",billing@nexus-labs.com,PU-8990340,Services,SmartInvoiceInc,"100 Commerce Blvd, Dallas, TX 75201",50,991.23,7.5,74.34,1.0,2026-03-31,0,0.1
INV-2022-0114,2025-12-31,12,2026-01-01,Net 1,1,USD,V060,Elite Parts Co,"6665 Commerce Blvd, Miami, TX 29096",billing@elite-parts.com,QA-4681262,Manufacturing,SmartInvoiceInc,"100 Commerce Blvd, Dallas, TX 75201",1,38234.3,9.0,3441.09,426720.36,2026-01-01,0,0.1
INV-2024-0107,2025-12-31,12,2026-03-31,Net 90,90,USD,V047,Elite Energy Inc,"6329 Venture Blvd, Atlanta, TX 13596",billing@elite-energy.com,TY-1467010,Technology,SmartInvoiceInc,"100 Commerce Blvd, Dallas, TX 75201",50,7010.15,8.0,560.81,1.0,2026-05-12,1,0.1
INV-2024-0190,2025-12-31,12,2026-01-01,Net 1,1,USD,V059,Global Medical Co,"2998 Venture Blvd, Los Angeles, CO 24060",billing@global-medical.com,JY-1829735,Services,SmartInvoiceInc,"100 Commerce Blvd, Dallas, TX 75201",1,6450.26,8.5,548.27,458540.03,2026-01-01,0,0.1
INV-2024-0250,2023-04-04,4,2023-04-05,Net 1,1,USD,V096,Sterling Security Corp,"5995 Enterprise Ave, Dallas, GA 64756",billing@sterling-security.com,VP-7611653,Technology,SmartInvoiceInc,"100 Commerce Blvd, Dallas, TX 75201",1,37081.81,9.0,3337.36,1.0,2023-04-17,1,0.1
INV-2024-0087,2021-01-01,1,2021-04-01,Net 90,90,USD,V016,Summit Freight Inc,"1465 Tech Park Way, Dallas, FL 26779",billing@summit-freight.com,IS-7197323,Technology,SmartInvoiceInc,"100 Commerce Blvd, Dallas, TX 75201",1,33318.86,8.25,2748.81,398839.44,2021-04-01,0,0.1
INV-2024-0015,2021-01-01,1,2021-01-02,Net 1,1,USD,V051,Summit Cloud Inc,"8534 Innovation Rd, San Francisco, FL 19111",billing@summit-cloud.com,FB-8643603,Retail,SmartInvoiceInc,"100 Commerce Blvd, Dallas, TX 75201",1,41573.27,9.0,3741.59,1.0,2021-01-02,0,0.1
INV-2024-0207,2025-12-31,12,2026-01-01,Net 1,1,USD,V072,Elite Supplies LLC,"8170 Industrial Dr, Houston, TX 16783",billing@elite-supplies.com,KL-1996530,Technology,SmartInvoiceInc,"100 Commerce Blvd, Dallas, TX 75201",50,45023.03,8.25,3714.4,1.0,2026-02-04,1,0.1
INV-2022-0020,2021-01-01,1,2021-01-02,Net 1,1,USD,V098,Titan Supplies Co,"3257 Venture Blvd, Miami, IL 34070",billing@titan-supplies.com,IS-9593223,Manufacturing,SmartInvoiceInc,"100 Commerce Blvd, Dallas, TX 75201",1,37498.5,9.0,3374.86,469243.99,2021-01-02,0,0.1
INV-2022-0197,2021-07-26,7,2021-10-24,Net 90,90,USD,V004,Metro Medical Inc,"7905 Business Pkwy, Atlanta, WA 66556",billing@metro-medical.com,UA-8474447,Healthcare,SmartInvoiceInc,"100 Commerce Blvd, Dallas, TX 75201",50,47164.85,8.25,3891.1,1.0,2021-11-13,1,0.1
INV-2024-0101,2025-12-31,12,2026-01-01,Net 1,1,USD,V050,Alpha Logistics Inc,"1560 Business Pkwy, San Francisco, OH 11605",billing@alpha-logistics.com,WP-3255363,Services,SmartInvoiceInc,"100 Commerce Blvd, Dallas, TX 75201",1,28284.03,8.5,2404.14,222158.0,2026-01-01,0,0.1
INV-2022-0060,2021-01-01,1,2021-01-02,Net 1,1,USD,V059,Global Medical Co,"2998 Venture Blvd, Los Angeles, CO 24060",billing@global-medical.com,JY-1829735,Services,SmartInvoiceInc,"100 Commerce Blvd, Dallas, TX 75201",50,31176.86,6.25,1948.55,88754.3,2021-01-02,0,0.1
INV-2023-0147,2021-01-01,1,2021-01-02,Net 1,1,USD,V010,Prime Cloud Group,"8102 Commerce Blvd, Dallas, WA 79449",billing@prime-cloud.com,KL-3248988,Healthcare,SmartInvoiceInc,"100 Commerce Blvd, Dallas, TX 75201",1,14173.75,8.25,1169.33,70128.82,2021-01-02,0,0.1
INV-2024-0152,2025-12-31,12,2026-03-31,Net 90,90,USD,V068,Nexus Energy Group,"3976 Innovation Rd, Seattle, TX 75310",billing@nexus-energy.com,ZI-9887324,Technology,SmartInvoiceInc,"100 Commerce Blvd, Dallas, TX 75201",1,13365.3,6.25,835.33,1.0,2026-03-31,0,0.1
INV-2024-0222,2025-12-31,12,2026-01-01,Net 1,1,USD,V088,Sterling Tech Group,"1722 Enterprise Ave, Seattle, OH 71396",billing@sterling-tech.com,YF-8369434,Manufacturing,SmartInvoiceInc,"100 Commerce Blvd, Dallas, TX 75201",50,3501.13,8.5,297.6,1.0,2026-01-06,1,0.1
INV-2024-0049,2021-01-01,1,2021-04-01,Net 90,90,USD,V084,Bright Medical LLC,"7183 Tech Park Way, Los Angeles, AZ 27771",billing@bright-medical.com,XQ-6499593,Services,SmartInvoiceInc,"100 Commerce Blvd, Dallas, TX 75201",1,22659.83,8.5,1926.09,1186860.95,2021-04-01,0,0.1
INV-2024-0048,2021-01-01,1,2021-04-01,Net 90,90,USD,V038,Horizon Freight Corp,"1431 Trade Center Dr, New York, TX 52318",billing@horizon-freight.com,WJ-2296516,Healthcare,SmartInvoiceInc,"100 Commerce Blvd, Dallas, TX 75201",1,12473.72,8.25,1029.08,4111.66,2021-04-01,0,0.1
INV-2023-0095,2025-12-31,12,2026-01-01,Net 1,1,USD,V046,Titan Freight Co,"3445 Venture Blvd, New York, NY 44674",billing@titan-freight.com,OY-3319049,Technology,SmartInvoiceInc,"100 Commerce Blvd, Dallas, TX 75201",1,14097.84,8.5,1198.32,1.0,2026-01-01,0,0.1
INV-2022-0137,2025-12-31,12,2026-03-31,Net 90,90,USD,V078,Beacon Legal LLC,"1581 Tech Park Way, Houston, TX 91974",billing@beacon-legal.com,RG-8449607,Technology,SmartInvoiceInc,"100 Commerce Blvd, Dallas, TX 75201",1,21924.39,8.5,1863.57,1.0,2026-03-31,0,0.1
INV-2024-0270,2021-01-01,1,2021-04-01,Net 90,90,USD,V006,Apex Solutions Co,"2241 Market St, San Francisco, AZ 45247",billing@apex-solutions.com,UG-6698848,Healthcare,SmartInvoiceInc,"100 Commerce Blvd, Dallas, TX 75201",50,10854.68,7.5,814.1,1.0,2021-04-01,0,0.1
INV-2023-0054,2025-12-31,12,2026-03-31,Net 90,90,USD,V081,Acme Consulting Group,"5719 Enterprise Ave, New York, IL 96925",billing@acme-consulting.com,WP-5241361,Manufacturing,SmartInvoiceInc,"100 Commerce Blvd, Dallas, TX 75201",1,39760.57,7.5,2982.04,230355.89,2026-05-14,1,0.1
INV-2024-0202,2021-01-01,1,2021-01-02,Net 1,1,USD,V070,Swift Logistics Inc,"1954 Business Pkwy, Miami, NY 73374",billing@swift-logistics.com,UO-1318408,Healthcare,SmartInvoiceInc,"100 Commerce Blvd, Dallas, TX 75201",1,32008.66,8.0,2560.69,431515.42,2021-01-02,0,0.1
INV-2023-0119,2025-12-31,12,2026-01-01,Net 1,1,USD,V064,Swift Labs Inc,"6128 Market St, Chicago, FL 50631",billing@swift-labs.com,OH-7356228,Healthcare,SmartInvoiceInc,"100 Commerce Blvd, Dallas, TX 75201",1,13347.32,6.25,834.21,1.0,2026-01-01,0,0.1
INV-2023-0170,2025-12-31,12,2026-01-01,Net 1,1,USD,V087,Bright Energy LLC,"5575 Trade Center Dr, New York, CA 49952",billing@bright-energy.com,EY-6888997,Manufacturing,SmartInvoiceInc,"100 Commerce Blvd, Dallas, TX 75201",1,31305.99,7.0,2191.42,1.0,2026-02-14,1,0.1
INV-2024-0253,2021-01-01,1,2021-01-02,Net 1,1,USD,V029,Nexus Freight Group,"639 Enterprise Ave, Atlanta, FL 30159",billing@nexus-freight.com,VQ-5010912,Healthcare,SmartInvoiceInc,"100 Commerce Blvd, Dallas, TX 75201",1,35066.4,7.5,2629.98,463533.76,2021-01-02,0,0.1
INV-2022-0134,2025-12-31,12,2026-01-01,Net 1,1,USD,V066,Global Marketing Co,"5879 Venture Blvd, Chicago, OH 22999",billing@global-marketing.com,WO-9464685,Services,SmartInvoiceInc,"100 Commerce Blvd, Dallas, TX 75201",1,8502.74,8.5,722.73,542212.53,2026-01-01,0,0.1
INV-2023-0017,2021-01-01,1,2021-04-01,Net 90,90,USD,V094,Pioneer Supplies Inc,"160 Innovation Rd, Seattle, CO 23350",billing@pioneer-supplies.com,CC-6787749,Manufacturing,SmartInvoiceInc,"100 Commerce Blvd, Dallas, TX 75201",1,33496.72,7.5,2512.25,318505.03,2021-04-01,0,0.1
INV-2022-0242,2025-12-31,12,2026-03-31,Net 90,90,USD,V086,Swift Consulting Group,"6909 Venture Blvd, Houston, GA 84532",billing@swift-consulting.com,KF-2014929,Healthcare,SmartInvoiceInc,"100 Commerce Blvd, Dallas, TX 75201",50,1099.1,7.0,76.94,353787.9,2026-03-31,0,0.1
INV-2024-0176,2021-01-01,1,2021-04-01,Net 90,90,USD,V092,Pinnacle Capital Co,"7579 Commerce Blvd, Seattle, FL 84478",billing@pinnacle-capital.com,TS-6703394,Retail,SmartInvoiceInc,"100 Commerce Blvd, Dallas, TX 75201",50,40335.28,8.25,3327.66,729303.27,2021-05-11,1,0.1
INV-2023-0233,2025-12-31,12,2026-03-31,Net 90,90,USD,V066,Global Marketing Co,"5879 Venture Blvd, Chicago, OH 22999",billing@global-marketing.com,WO-9464685,Services,SmartInvoiceInc,"100 Commerce Blvd, Dallas, TX 75201",2,40509.63,8.5,3443.32,25130.1,2026-04-29,1,0.1
INV-2023-0006,2025-12-31,12,2026-03-31,Net 90,90,USD,V067,Horizon Parts Group,"7883 Industrial Dr, Atlanta, TX 66942",billing@horizon-parts.com,HK-3792427,Retail,SmartInvoiceInc,"100 Commerce Blvd, Dallas, TX 75201",1,521.92,8.0,41.75,1.0,2026-03-31,0,0.1
INV-2024-0122,2021-01-01,1,2021-04-01,Net 90,90,USD,V027,Delta Security Inc,"6290 Trade Center Dr, Dallas, TX 78866",billing@delta-security.com,PW-6118922,Retail,SmartInvoiceInc,"100 Commerce Blvd, Dallas, TX 75201",1,24986.42,6.25,1561.65,1.0,2021-04-01,0,0.1
INV-2024-0137,2023-12-23,12,2024-03-22,Net 90,90,USD,V067,Horizon Parts Group,"7883 Industrial Dr, Atlanta, TX 66942",billing@horizon-parts.com,HK-3792427,Retail,SmartInvoiceInc,"100 Commerce Blvd, Dallas, TX 75201",1,37836.12,7.5,2837.71,1.0,2024-04-30,1,0.1
INV-2023-0125,2021-01-01,1,2021-01-02,Net 1,1,USD,V091,Pioneer Logistics Co,"8440 Innovation Rd, Los Angeles, TX 34762",billing@pioneer-logistics.com,GH-1378165,Manufacturing,SmartInvoiceInc,"100 Commerce Blvd, Dallas, TX 75201",1,31290.96,8.25,2581.5,574626.61,2021-01-22,1,0.1
INV-2024-0003,2025-12-31,12,2026-01-01,Net 1,1,USD,V053,Pinnacle Labs LLC,"946 Innovation Rd, Seattle, NY 98236",billing@pinnacle-labs.com,LE-1064323,Services,SmartInvoiceInc,"100 Commerce Blvd, Dallas, TX 75201",1,33003.24,7.0,2310.23,1.0,2026-01-01,0,0.1
INV-2022-0136,2025-12-31,12,2026-01-01,Net 1,1,USD,V026,Titan Partners Co,"5010 Enterprise Ave, New York, IL 71642",billing@titan-partners.com,ED-1423570,Retail,SmartInvoiceInc,"100 Commerce Blvd, Dallas, TX 75201",1,5539.28,7.0,387.75,1.0,2026-01-01,0,0.1
INV-2023-0066,2025-07-17,7,2025-10-15,Net 90,90,USD,V041,Titan Tech Group,"8572 Tech Park Way, Austin, CA 38732",billing@titan-tech.com,ZS-8757202,Healthcare,SmartInvoiceInc,"100 Commerce Blvd, Dallas, TX 75201",1,2282.93,6.25,142.68,1.0,2025-11-29,1,0.1
INV-2023-0121,2025-12-31,12,2026-03-31,Net 90,90,USD,V041,Titan Tech Group,"8572 Tech Park Way, Austin, CA 38732",billing@titan-tech.com,ZS-8757202,Healthcare,SmartInvoiceInc,"100 Commerce Blvd, Dallas, TX 75201",10,29290.3,7.5,2196.77,186038.98,2026-04-21,1,0.1
INV-2024-0232,2024-08-21,8,2024-11-19,Net 90,90,USD,V099,Pioneer Works Corp,"1600 Industrial Dr, Los Angeles, GA 29426",billing@pioneer-works.com,RJ-1066150,Technology,SmartInvoiceInc,"100 Commerce Blvd, Dallas, TX 75201",50,14483.56,8.0,1158.68,236668.38,2024-11-19,0,0.1
INV-2024-0168,2024-05-20,5,2024-05-21,Net 1,1,USD,V071,Pinnacle Supplies Inc,"8493 Market St, Atlanta, IL 23224",billing@pinnacle-supplies.com,CT-2017433,Services,SmartInvoiceInc,"100 Commerce Blvd, Dallas, TX 75201",1,20346.62,8.5,1729.46,1.0,2024-05-21,0,0.1
INV-2023-0259,2021-01-01,1,2021-01-02,Net 1,1,USD,V084,Bright Medical LLC,"7183 Tech Park Way, Los Angeles, AZ 27771",billing@bright-medical.com,XQ-6499593,Services,SmartInvoiceInc,"100 Commerce Blvd, Dallas, TX 75201",1,10631.67,8.25,877.11,1.0,2021-01-21,1,0.1
INV-2024-0227,2025-12-31,12,2026-03-31,Net 90,90,USD,V046,Titan Freight Co,"3445 Venture Blvd, New York, NY 44674",billing@titan-freight.com,OY-3319049,Technology,SmartInvoiceInc,"100 Commerce Blvd, Dallas, TX 75201",1,4022.34,8.0,321.79,1.0,2026-03-31,0,0.1
INV-2023-0103,2025-12-31,12,2026-01-21,Net 21,21,USD,V099,Pioneer Works Corp,"1600 Industrial Dr, Los Angeles, GA 29426",billing@pioneer-works.com,RJ-1066150,Technology,SmartInvoiceInc,"100 Commerce Blvd, Dallas, TX 75201",1,20765.9,7.5,1557.44,240641.88,2026-01-21,0,0.1
INV-2022-0085,2024-05-12,5,2024-05-13,Net 1,1,USD,V061,Prime Solutions Co,"3787 Innovation Rd, Austin, GA 77506",billing@prime-solutions.com,FF-4369538,Services,SmartInvoiceInc,"100 Commerce Blvd, Dallas, TX 75201",1,38808.36,7.0,2716.59,1.0,2024-05-13,0,0.1
INV-2023-0015,2025-12-31,12,2026-03-07,Net 66,66,USD,V034,Summit Ventures Co,"4909 Venture Blvd, Austin, TX 66397",billing@summit-ventures.com,IN-7195200,Services,SmartInvoiceInc,"100 Commerce Blvd, Dallas, TX 75201",1,27185.18,8.0,2174.81,443114.7,2026-03-12,1,0.1
INV-2023-0158,2021-01-01,1,2021-04-01,Net 90,90,USD,V095,Pacific Supplies Group,"2422 Enterprise Ave, Dallas, TX 59481",billing@pacific-supplies.com,YW-8599600,Retail,SmartInvoiceInc,"100 Commerce Blvd, Dallas, TX 75201",50,500.58,6.25,31.29,850241.9,2021-04-07,1,0.1
INV-2023-0021,2025-04-01,4,2025-04-02,Net 1,1,USD,V057,Pioneer Consulting Inc,"1704 Industrial Dr, San Francisco, WA 80792",billing@pioneer-consulting.com,BL-2384418,Services,SmartInvoiceInc,"100 Commerce Blvd, Dallas, TX 75201",50,11693.2,8.5,993.92,472258.36,2025-04-22,1,0.1
INV-2024-0275,2025-12-31,12,2026-01-01,Net 1,1,USD,V003,Global Logistics LLC,"9032 Venture Blvd, San Francisco, GA 11150",billing@global-logistics.com,IL-7095929,Manufacturing,SmartInvoiceInc,"100 Commerce Blvd, Dallas, TX 75201",1,3069.1,8.0,245.53,476190.35,2026-01-01,0,0.1
INV-2023-0256,2021-05-19,5,2021-05-20,Net 1,1,USD,V038,Horizon Freight Corp,"1431 Trade Center Dr, New York, TX 52318",billing@horizon-freight.com,WJ-2296516,Healthcare,SmartInvoiceInc,"100 Commerce Blvd, Dallas, TX 75201",1,37223.87,8.25,3070.97,1.0,2021-05-20,0,0.1
INV-2022-0053,2021-01-01,1,2021-01-02,Net 1,1,USD,V058,Alpha Parts Inc,"5515 Business Pkwy, Chicago, CO 68596",billing@alpha-parts.com,NC-1873172,Healthcare,SmartInvoiceInc,"100 Commerce Blvd, Dallas, TX 75201",50,35774.76,7.5,2683.11,1.0,2021-02-07,1,0.1
INV-2022-0177,2025-08-02,8,2025-10-31,Net 90,90,USD,V039,Elite Labs Group,"237 Innovation Rd, Dallas, AZ 29963",billing@elite-labs.com,TX-2849396,Manufacturing,SmartInvoiceInc,"100 Commerce Blvd, Dallas, TX 75201",1,33220.21,7.5,2491.52,1759600.93,2025-10-31,0,0.1
INV-2022-0231,2025-12-31,12,2026-03-31,Net 90,90,USD,V042,Summit Capital Co,"5685 Venture Blvd, New York, IL 49749",billing@summit-capital.com,AE-3245131,Manufacturing,SmartInvoiceInc,"100 Commerce Blvd, Dallas, TX 75201",1,39141.27,6.25,2446.33,1.0,2026-05-02,1,0.1
INV-2023-0178,2025-12-31,12,2026-03-31,Net 90,90,USD,V010,Prime Cloud Group,"8102 Commerce Blvd, Dallas, WA 79449",billing@prime-cloud.com,KL-3248988,Healthcare,SmartInvoiceInc,"100 Commerce Blvd, Dallas, TX 75201",50,30276.92,8.0,2422.15,1.0,2026-03-31,0,0.1
INV-2022-0122,2025-12-31,12,2026-01-01,Net 1,1,USD,V021,Swift Ventures LLC,"9509 Enterprise Ave, San Francisco, OH 36962",billing@swift-ventures.com,HP-7243669,Retail,SmartInvoiceInc,"100 Commerce Blvd, Dallas, TX 75201",1,39146.23,9.0,3523.16,966416.89,2026-02-06,1,0.1
INV-2022-0011,2025-12-31,12,2026-01-01,Net 1,1,USD,V081,Acme Consulting Group,"5719 Enterprise Ave, New York, IL 96925",billing@acme-consulting.com,WP-5241361,Manufacturing,SmartInvoiceInc,"100 Commerce Blvd, Dallas, TX 75201",1,35011.86,9.0,3151.07,1.0,2026-01-02,1,0.1
INV-2023-0264,2021-01-01,1,2021-01-02,Net 1,1,USD,V023,Titan Marketing LLC,"6077 Tech Park Way, Miami, NY 96188",billing@titan-marketing.com,MR-5984445,Manufacturing,SmartInvoiceInc,"100 Commerce Blvd, Dallas, TX 75201",21,42598.34,6.25,2662.4,1.0,2021-02-12,1,0.1
INV-2024-0057,2023-09-09,9,2023-11-24,Net 76,76,USD,V093,Delta Labs Corp,"7201 Industrial Dr, Atlanta, AZ 11524",billing@delta-labs.com,II-7984720,Technology,SmartInvoiceInc,"100 Commerce Blvd, Dallas, TX 75201",50,11062.97,8.0,885.04,748446.85,2023-11-24,0,0.1
INV-2022-0074,2025-12-31,12,2026-03-22,Net 81,81,USD,V003,Global Logistics LLC,"9032 Venture Blvd, San Francisco, GA 11150",billing@global-logistics.com,IL-7095929,Manufacturing,SmartInvoiceInc,"100 Commerce Blvd, Dallas, TX 75201",50,36489.31,9.0,3284.04,1190227.86,2026-03-23,1,0.1
INV-2024-0038,2025-12-31,12,2026-01-01,Net 1,1,USD,V081,Acme Consulting Group,"5719 Enterprise Ave, New York, IL 96925",billing@acme-consulting.com,WP-5241361,Manufacturing,SmartInvoiceInc,"100 Commerce Blvd, Dallas, TX 75201",50,25580.3,8.0,2046.42,1.0,2026-01-01,0,0.1
INV-2022-0142,2021-01-01,1,2021-01-02,Net 1,1,USD,V083,Metro Freight Group,"3694 Venture Blvd, Houston, NY 86918",billing@metro-freight.com,LT-7193956,Technology,SmartInvoiceInc,"100 Commerce Blvd, Dallas, TX 75201",50,6656.95,8.5,565.84,1.0,2021-01-02,0,0.1
INV-2023-0031,2021-01-01,1,2021-04-01,Net 90,90,USD,V014,Swift Parts Inc,"3067 Tech Park Way, Dallas, NY 95999",billing@swift-parts.com,DR-1070640,Healthcare,SmartInvoiceInc,"100 Commerce Blvd, Dallas, TX 75201",1,28169.54,8.25,2323.99,1.0,2021-04-01,0,0.1
INV-2023-0163,2025-12-31,12,2026-03-31,Net 90,90,USD,V097,Beacon Logistics LLC,"5487 Venture Blvd, Atlanta, AZ 37935",billing@beacon-logistics.com,JP-4813270,Manufacturing,SmartInvoiceInc,"100 Commerce Blvd, Dallas, TX 75201",1,3057.6,6.25,191.1,1156717.46,2026-04-16,1,0.1
INV-2024-0114,2021-01-01,1,2021-01-22,Net 21,21,USD,V006,Apex Solutions Co,"2241 Market St, San Francisco, AZ 45247",billing@apex-solutions.com,UG-6698848,Healthcare,SmartInvoiceInc,"100 Commerce Blvd, Dallas, TX 75201",50,48094.91,8.5,4088.07,1.0,2021-01-22,0,0.1
INV-2024-0263,2023-11-30,11,2024-02-28,Net 90,90,USD,V076,Bright Cloud Inc,"4624 Innovation Rd, Austin, CA 43536",billing@bright-cloud.com,NS-1703662,Manufacturing,SmartInvoiceInc,"100 Commerce Blvd, Dallas, TX 75201",1,43332.14,8.0,3466.57,401820.76,2024-02-28,0,0.1
INV-2023-0171,2021-01-01,1,2021-02-02,Net 32,32,USD,V044,Global Systems Inc,"1376 Market St, Chicago, OH 18717",billing@global-systems.com,ZW-1067661,Manufacturing,SmartInvoiceInc,"100 Commerce Blvd, Dallas, TX 75201",1,43634.99,7.5,3272.62,583020.73,2021-02-02,0,0.1
INV-2022-0067,2025-12-31,12,2026-01-01,Net 1,1,USD,V072,Elite Supplies LLC,"8170 Industrial Dr, Houston, TX 16783",billing@elite-supplies.com,KL-1996530,Technology,SmartInvoiceInc,"100 Commerce Blvd, Dallas, TX 75201",1,31431.27,7.5,2357.35,1.0,2026-01-01,0,0.1
INV-2023-0219,2024-09-19,9,2024-12-18,Net 90,90,USD,V083,Metro Freight Group,"3694 Venture Blvd, Houston, NY 86918",billing@metro-freight.com,LT-7193956,Technology,SmartInvoiceInc,"100 Commerce Blvd, Dallas, TX 75201",32,12751.75,8.0,1020.14,1.0,2024-12-30,1,0.1
INV-2023-0250,2021-01-01,1,2021-04-01,Net 90,90,USD,V053,Pinnacle Labs LLC,"946 Innovation Rd, Seattle, NY 98236",billing@pinnacle-labs.com,LE-1064323,Services,SmartInvoiceInc,"100 Commerce Blvd, Dallas, TX 75201",1,17971.45,6.25,1123.22,498893.38,2021-04-01,0,0.1
INV-2024-0153,2023-08-31,8,2023-09-01,Net 1,1,USD,V005,Apex Logistics Co,"7104 Corporate Ln, Austin, AZ 77215",billing@apex-logistics.com,SE-9744220,Retail,SmartInvoiceInc,"100 Commerce Blvd, Dallas, TX 75201",50,30472.49,7.5,2285.44,75665.88,2023-10-12,1,0.1
INV-2022-0156,2022-12-24,12,2023-03-24,Net 90,90,USD,V019,Pioneer Marketing Co,"5261 Venture Blvd, Miami, AZ 19348",billing@pioneer-marketing.com,CW-3276360,Manufacturing,SmartInvoiceInc,"100 Commerce Blvd, Dallas, TX 75201",1,4069.5,8.5,345.91,1.0,2023-03-24,0,0.1
INV-2022-0001,2025-12-31,12,2026-03-31,Net 90,90,USD,V068,Nexus Energy Group,"3976 Innovation Rd, Seattle, TX 75310",billing@nexus-energy.com,ZI-9887324,Technology,SmartInvoiceInc,"100 Commerce Blvd, Dallas, TX 75201",1,39350.66,9.0,3541.56,175097.47,2026-03-31,0,0.1
INV-2022-0149,2021-01-01,1,2021-03-15,Net 73,73,USD,V014,Swift Parts Inc,"3067 Tech Park Way, Dallas, NY 95999",billing@swift-parts.com,DR-1070640,Healthcare,SmartInvoiceInc,"100 Commerce Blvd, Dallas, TX 75201",50,39370.81,8.25,3248.09,1.0,2021-04-13,1,0.1
INV-2024-0058,2021-01-01,1,2021-04-01,Net 90,90,USD,V024,Nexus Marketing Group,"6719 Innovation Rd, Atlanta, GA 62224",billing@nexus-marketing.com,CM-6304509,Technology,SmartInvoiceInc,"100 Commerce Blvd, Dallas, TX 75201",1,45779.19,7.0,3204.54,1009043.55,2021-04-01,0,0.1
INV-2023-0166,2021-01-01,1,2021-01-02,Net 1,1,USD,V074,Summit Systems LLC,"5688 Commerce Blvd, Miami, TX 56163",billing@summit-systems.com,IQ-3412149,Retail,SmartInvoiceInc,"100 Commerce Blvd, Dallas, TX 75201",1,48548.49,8.25,4005.25,1.0,2021-01-02,0,0.1
INV-2022-0083,2021-01-01,1,2021-01-02,Net 1,1,USD,V041,Titan Tech Group,"8572 Tech Park Way, Austin, CA 38732",billing@titan-tech.com,ZS-8757202,Healthcare,SmartInvoiceInc,"100 Commerce Blvd, Dallas, TX 75201",50,35375.44,6.25,2210.97,1.0,2021-01-14,1,0.1
INV-2024-0141,2021-01-28,1,2021-01-29,Net 1,1,USD,V071,Pinnacle Supplies Inc,"8493 Market St, Atlanta, IL 23224",billing@pinnacle-supplies.com,CT-2017433,Services,SmartInvoiceInc,"100 Commerce Blvd, Dallas, TX 75201",1,10663.98,6.25,666.5,1.0,2021-01-29,0,0.1
INV-2022-0132,2021-09-02,9,2021-12-01,Net 90,90,USD,V002,Vanguard Supplies Group,"6899 Industrial Dr, Seattle, NY 96672",billing@vanguard-supplies.com,XS-7319707,Manufacturing,SmartInvoiceInc,"100 Commerce Blvd, Dallas, TX 75201",50,34644.05,7.0,2425.08,83459.57,2021-12-01,0,0.1
INV-2024-0102,2025-12-31,12,2026-03-31,Net 90,90,USD,V039,Elite Labs Group,"237 Innovation Rd, Dallas, AZ 29963",billing@elite-labs.com,TX-2849396,Manufacturing,SmartInvoiceInc,"100 Commerce Blvd, Dallas, TX 75201",50,47595.45,7.5,3569.66,1.0,2026-04-20,1,0.1
INV-2022-0064,2021-01-01,1,2021-04-01,Net 90,90,USD,V019,Pioneer Marketing Co,"5261 Venture Blvd, Miami, AZ 19348",billing@pioneer-marketing.com,CW-3276360,Manufacturing,SmartInvoiceInc,"100 Commerce Blvd, Dallas, TX 75201",1,32600.99,8.5,2771.08,457140.13,2021-04-01,0,0.1
INV-2022-0087,2021-01-01,1,2021-01-02,Net 1,1,USD,V022,Acme Capital Inc,"8802 Corporate Ln, Atlanta, FL 45909",billing@acme-capital.com,SL-9415398,Services,SmartInvoiceInc,"100 Commerce Blvd, Dallas, TX 75201",1,12919.21,7.0,904.34,108539.9,2021-01-02,0,0.1
INV-2022-0101,2021-01-01,1,2021-03-09,Net 67,67,USD,V096,Sterling Security Corp,"5995 Enterprise Ave, Dallas, GA 64756",billing@sterling-security.com,VP-7611653,Technology,SmartInvoiceInc,"100 Commerce Blvd, Dallas, TX 75201",1,15988.92,8.0,1279.11,1.0,2021-03-09,0,0.1
INV-2024-0211,2022-06-09,6,2022-09-07,Net 90,90,USD,V002,Vanguard Supplies Group,"6899 Industrial Dr, Seattle, NY 96672",billing@vanguard-supplies.com,XS-7319707,Manufacturing,SmartInvoiceInc,"100 Commerce Blvd, Dallas, TX 75201",50,47363.32,7.0,3315.43,1.0,2022-09-22,1,0.1
INV-2022-0077,2024-04-25,4,2024-04-26,Net 1,1,USD,V059,Global Medical Co,"2998 Venture Blvd, Los Angeles, CO 24060",billing@global-medical.com,JY-1829735,Services,SmartInvoiceInc,"100 Commerce Blvd, Dallas, TX 75201",50,44208.19,7.5,3315.61,1.0,2024-04-26,0,0.1
INV-2024-0112,2021-01-01,1,2021-04-01,Net 90,90,USD,V100,Swift Capital Corp,"2767 Industrial Dr, Austin, IL 12983",billing@swift-capital.com,ZW-2841648,Retail,SmartInvoiceInc,"100 Commerce Blvd, Dallas, TX 75201",50,20703.51,6.25,1293.97,1211699.92,2021-04-01,0,0.1
INV-2023-0052,2025-12-31,12,2026-03-08,Net 67,67,USD,V007,Pinnacle Legal LLC,"6765 Business Pkwy, San Francisco, FL 78385",billing@pinnacle-legal.com,TJ-4693305,Services,SmartInvoiceInc,"100 Commerce Blvd, Dallas, TX 75201",50,22787.59,6.25,1424.22,1.0,2026-03-17,1,0.1
INV-2022-0214,2025-12-31,12,2026-01-01,Net 1,1,USD,V046,Titan Freight Co,"3445 Venture Blvd, New York, NY 44674",billing@titan-freight.com,OY-3319049,Technology,SmartInvoiceInc,"100 Commerce Blvd, Dallas, TX 75201",50,48861.84,6.25,3053.86,96966.83,2026-01-01,0,0.1
INV-2023-0196,2025-12-31,12,2026-03-31,Net 90,90,USD,V027,Delta Security Inc,"6290 Trade Center Dr, Dallas, TX 78866",billing@delta-security.com,PW-6118922,Retail,SmartInvoiceInc,"100 Commerce Blvd, Dallas, TX 75201",1,5084.96,7.5,381.37,73608.85,2026-04-25,1,0.1
INV-2022-0008,2021-03-31,3,2021-06-29,Net 90,90,USD,V028,Pioneer Systems LLC,"5163 Business Pkwy, Chicago, IL 39703",billing@pioneer-systems.com,ZD-7655623,Manufacturing,SmartInvoiceInc,"100 Commerce Blvd, Dallas, TX 75201",1,40953.99,7.5,3071.55,1.0,2021-06-29,0,0.1
INV-2024-0034,2021-01-01,1,2021-04-01,Net 90,90,USD,V026,Titan Partners Co,"5010 Enterprise Ave, New York, IL 71642",billing@titan-partners.com,ED-1423570,Retail,SmartInvoiceInc,"100 Commerce Blvd, Dallas, TX 75201",50,27570.36,6.25,1723.15,1.0,2021-04-21,1,0.1
INV-2022-0147,2025-12-31,12,2026-01-01,Net 1,1,USD,V040,Elite Tech Co,"6369 Tech Park Way, Atlanta, GA 90719",billing@elite-tech.com,KV-2072647,Retail,SmartInvoiceInc,"100 Commerce Blvd, Dallas, TX 75201",50,41009.29,9.0,3690.84,22873.22,2026-01-01,0,0.1
INV-2023-0135,2024-11-27,11,2025-02-25,Net 90,90,USD,V047,Elite Energy Inc,"6329 Venture Blvd, Atlanta, TX 13596",billing@elite-energy.com,TY-1467010,Technology,SmartInvoiceInc,"100 Commerce Blvd, Dallas, TX 75201",1,11113.12,8.25,916.83,88674.1,2025-03-31,1,0.1
INV-2023-0254,2021-01-01,1,2021-04-01,Net 90,90,USD,V040,Elite Tech Co,"6369 Tech Park Way, Atlanta, GA 90719",billing@elite-tech.com,KV-2072647,Retail,SmartInvoiceInc,"100 Commerce Blvd, Dallas, TX 75201",1,36770.31,7.0,2573.92,1.0,2021-04-01,0,0.1
INV-2022-0079,2025-12-31,12,2026-03-21,Net 80,80,USD,V016,Summit Freight Inc,"1465 Tech Park Way, Dallas, FL 26779",billing@summit-freight.com,IS-7197323,Technology,SmartInvoiceInc,"100 Commerce Blvd, Dallas, TX 75201",50,16985.23,7.0,1188.97,121287.28,2026-03-21,0,0.1
INV-2022-0165,2025-12-31,12,2026-03-31,Net 90,90,USD,V019,Pioneer Marketing Co,"5261 Venture Blvd, Miami, AZ 19348",billing@pioneer-marketing.com,CW-3276360,Manufacturing,SmartInvoiceInc,"100 Commerce Blvd, Dallas, TX 75201",50,39445.09,7.5,2958.38,119557.06,2026-03-31,0,0.1
INV-2023-0013,2025-12-31,12,2026-01-01,Net 1,1,USD,V065,Delta Tech Group,"2991 Industrial Dr, Austin, NY 85683",billing@delta-tech.com,DZ-8726890,Services,SmartInvoiceInc,"100 Commerce Blvd, Dallas, TX 75201",50,14929.04,8.5,1268.97,1.0,2026-01-01,0,0.1
INV-2022-0007,2023-10-12,10,2023-10-13,Net 1,1,USD,V073,Acme Systems Group,"3672 Innovation Rd, Dallas, TX 47148",billing@acme-systems.com,KV-6786265,Retail,SmartInvoiceInc,"100 Commerce Blvd, Dallas, TX 75201",15,40086.08,9.0,3607.75,1.0,2023-11-10,1,0.1
INV-2023-0072,2025-12-31,12,2026-01-01,Net 1,1,USD,V097,Beacon Logistics LLC,"5487 Venture Blvd, Atlanta, AZ 37935",billing@beacon-logistics.com,JP-4813270,Manufacturing,SmartInvoiceInc,"100 Commerce Blvd, Dallas, TX 75201",40,33489.92,7.5,2511.74,190973.12,2026-01-01,0,0.1
INV-2022-0138,2025-12-31,12,2026-03-31,Net 90,90,USD,V061,Prime Solutions Co,"3787 Innovation Rd, Austin, GA 77506",billing@prime-solutions.com,FF-4369538,Services,SmartInvoiceInc,"100 Commerce Blvd, Dallas, TX 75201",1,32078.74,8.5,2726.69,1.0,2026-03-31,0,0.1
INV-2024-0124,2021-01-01,1,2021-01-02,Net 1,1,USD,V036,Delta Partners Corp,"4463 Commerce Blvd, New York, IL 34285",billing@delta-partners.com,YQ-6165679,Healthcare,SmartInvoiceInc,"100 Commerce Blvd, Dallas, TX 75201",50,46845.89,8.0,3747.67,58297.69,2021-01-24,1,0.1
INV-2022-0025,2021-01-01,1,2021-04-01,Net 90,90,USD,V011,Acme Legal Group,"5826 Industrial Dr, Austin, CA 37350",billing@acme-legal.com,QZ-5833177,Manufacturing,SmartInvoiceInc,"100 Commerce Blvd, Dallas, TX 75201",50,15401.78,9.0,1386.16,439625.2,2021-04-25,1,0.1
INV-2023-0037,2021-01-01,1,2021-04-01,Net 90,90,USD,V068,Nexus Energy Group,"3976 Innovation Rd, Seattle, TX 75310",billing@nexus-energy.com,ZI-9887324,Technology,SmartInvoiceInc,"100 Commerce Blvd, Dallas, TX 75201",1,14411.39,7.5,1080.85,263251.3,2021-04-01,0,0.1
INV-2024-0121,2025-10-28,10,2025-10-29,Net 1,1,USD,V001,Metro Legal Co,"5791 Enterprise Ave, Miami, FL 64021",billing@metro-legal.com,MT-6143901,Services,SmartInvoiceInc,"100 Commerce Blvd, Dallas, TX 75201",50,6038.09,8.25,498.14,1.0,2025-11-08,1,0.1
INV-2023-0112,2021-01-01,1,2021-04-01,Net 90,90,USD,V092,Pinnacle Capital Co,"7579 Commerce Blvd, Seattle, FL 84478",billing@pinnacle-capital.com,TS-6703394,Retail,SmartInvoiceInc,"100 Commerce Blvd, Dallas, TX 75201",1,44143.69,8.25,3641.85,1.0,2021-04-01,0,0.1
INV-2024-0064,2025-12-31,12,2026-01-01,Net 1,1,USD,V083,Metro Freight Group,"3694 Venture Blvd, Houston, NY 86918",billing@metro-freight.com,LT-7193956,Technology,SmartInvoiceInc,"100 Commerce Blvd, Dallas, TX 75201",33,14814.78,8.0,1185.18,349505.56,2026-01-01,0,0.1
INV-2024-0104,2021-04-03,4,2021-04-04,Net 1,1,USD,V027,Delta Security Inc,"6290 Trade Center Dr, Dallas, TX 78866",billing@delta-security.com,PW-6118922,Retail,SmartInvoiceInc,"100 Commerce Blvd, Dallas, TX 75201",1,27009.91,8.25,2228.32,1.0,2021-04-04,0,0.1
INV-2022-0014,2021-01-01,1,2021-04-01,Net 90,90,USD,V052,Pinnacle Tech Corp,"8295 Business Pkwy, New York, TX 94471",billing@pinnacle-tech.com,FS-3357821,Technology,SmartInvoiceInc,"100 Commerce Blvd, Dallas, TX 75201",50,15735.89,9.0,1416.23,1.0,2021-04-01,0,0.1
INV-2024-0185,2025-12-31,12,2026-03-31,Net 90,90,USD,V036,Delta Partners Corp,"4463 Commerce Blvd, New York, IL 34285",billing@delta-partners.com,YQ-6165679,Healthcare,SmartInvoiceInc,"100 Commerce Blvd, Dallas, TX 75201",50,18989.25,7.0,1329.25,115353.55,2026-03-31,0,0.1
INV-2024-0194,2025-12-31,12,2026-01-01,Net 1,1,USD,V097,Beacon Logistics LLC,"5487 Venture Blvd, Atlanta, AZ 37935",billing@beacon-logistics.com,JP-4813270,Manufacturing,SmartInvoiceInc,"100 Commerce Blvd, Dallas, TX 75201",1,4343.22,8.25,358.32,1.0,2026-01-01,0,0.1
INV-2024-0228,2025-12-31,12,2026-03-31,Net 90,90,USD,V022,Acme Capital Inc,"8802 Corporate Ln, Atlanta, FL 45909",billing@acme-capital.com,SL-9415398,Services,SmartInvoiceInc,"100 Commerce Blvd, Dallas, TX 75201",50,34008.57,6.25,2125.54,1.0,2026-04-16,1,0.1
INV-2024-0242,2025-12-31,12,2026-01-01,Net 1,1,USD,V067,Horizon Parts Group,"7883 Industrial Dr, Atlanta, TX 66942",billing@horizon-parts.com,HK-3792427,Retail,SmartInvoiceInc,"100 Commerce Blvd, Dallas, TX 75201",1,8438.09,8.25,696.14,1.0,2026-01-01,0,0.1
INV-2022-0063,2021-01-01,1,2021-01-02,Net 1,1,USD,V032,Pacific Logistics Inc,"7549 Trade Center Dr, New York, TX 56540",billing@pacific-logistics.com,AB-8153768,Services,SmartInvoiceInc,"100 Commerce Blvd, Dallas, TX 75201",43,11865.11,9.0,1067.86,1762130.86,2021-01-02,0,0.1
INV-2024-0129,2025-12-31,12,2026-01-01,Net 1,1,USD,V085,Nexus Security Inc,"3286 Commerce Blvd, Atlanta, WA 70774",billing@nexus-security.com,IV-3245909,Services,SmartInvoiceInc,"100 Commerce Blvd, Dallas, TX 75201",50,36753.85,7.0,2572.77,1.0,2026-02-03,1,0.1
INV-2022-0088,2021-01-01,1,2021-01-02,Net 1,1,USD,V030,Delta Solutions Group,"2879 Tech Park Way, New York, CA 66178",billing@delta-solutions.com,EO-6187480,Manufacturing,SmartInvoiceInc,"100 Commerce Blvd, Dallas, TX 75201",50,36754.49,7.5,2756.59,1.0,2021-01-12,1,0.1
INV-2024-0017,2025-12-31,12,2026-01-01,Net 1,1,USD,V036,Delta Partners Corp,"4463 Commerce Blvd, New York, IL 34285",billing@delta-partners.com,YQ-6165679,Healthcare,SmartInvoiceInc,"100 Commerce Blvd, Dallas, TX 75201",1,10988.77,7.5,824.16,30650.37,2026-01-20,1,0.1
INV-2023-0224,2021-01-01,1,2021-04-01,Net 90,90,USD,V015,Prime Parts Group,"3540 Corporate Ln, Miami, CO 78450",billing@prime-parts.com,IQ-6781565,Retail,SmartInvoiceInc,"100 Commerce Blvd, Dallas, TX 75201",31,49319.21,6.25,3082.45,1.0,2021-05-04,1,0.1
INV-2022-0206,2025-12-31,12,2026-03-31,Net 90,90,USD,V019,Pioneer Marketing Co,"5261 Venture Blvd, Miami, AZ 19348",billing@pioneer-marketing.com,CW-3276360,Manufacturing,SmartInvoiceInc,"100 Commerce Blvd, Dallas, TX 75201",1,20887.3,7.0,1462.11,1.0,2026-05-04,1,0.1
INV-2023-0235,2025-12-31,12,2026-01-01,Net 1,1,USD,V013,Summit Partners Corp,"512 Innovation Rd, Los Angeles, CO 70692",billing@summit-partners.com,YD-8122313,Healthcare,SmartInvoiceInc,"100 Commerce Blvd, Dallas, TX 75201",1,31755.24,9.0,2857.97,1.0,2026-01-30,1,0.1
INV-2022-0186,2021-01-01,1,2021-01-02,Net 1,1,USD,V039,Elite Labs Group,"237 Innovation Rd, Dallas, AZ 29963",billing@elite-labs.com,TX-2849396,Manufacturing,SmartInvoiceInc,"100 Commerce Blvd, Dallas, TX 75201",17,10709.48,8.25,883.53,1.0,2021-01-02,0,0.1
INV-2022-0203,2025-12-31,12,2026-01-01,Net 1,1,USD,V067,Horizon Parts Group,"7883 Industrial Dr, Atlanta, TX 66942",billing@horizon-parts.com,HK-3792427,Retail,SmartInvoiceInc,"100 Commerce Blvd, Dallas, TX 75201",1,47596.38,6.25,2974.77,1.0,2026-01-18,1,0.1
INV-2024-0134,2021-01-01,1,2021-04-01,Net 90,90,USD,V043,Swift Partners LLC,"7340 Venture Blvd, Atlanta, CO 53221",billing@swift-partners.com,OX-4125354,Healthcare,SmartInvoiceInc,"100 Commerce Blvd, Dallas, TX 75201",1,28253.58,8.25,2330.92,1.0,2021-04-27,1,0.1
INV-2023-0207,2025-12-31,12,2026-03-31,Net 90,90,USD,V016,Summit Freight Inc,"1465 Tech Park Way, Dallas, FL 26779",billing@summit-freight.com,IS-7197323,Technology,SmartInvoiceInc,"100 Commerce Blvd, Dallas, TX 75201",50,27015.0,6.25,1688.44,1.0,2026-03-31,0,0.1
INV-2023-0134,2023-09-05,9,2023-12-04,Net 90,90,USD,V086,Swift Consulting Group,"6909 Venture Blvd, Houston, GA 84532",billing@swift-consulting.com,KF-2014929,Healthcare,SmartInvoiceInc,"100 Commerce Blvd, Dallas, TX 75201",50,24512.19,7.5,1838.41,1252946.6,2023-12-11,1,0.1
INV-2022-0211,2021-01-01,1,2021-04-01,Net 90,90,USD,V078,Beacon Legal LLC,"1581 Tech Park Way, Houston, TX 91974",billing@beacon-legal.com,RG-8449607,Technology,SmartInvoiceInc,"100 Commerce Blvd, Dallas, TX 75201",50,41119.64,6.25,2569.98,1972427.8,2021-04-01,0,0.1
INV-2024-0103,2024-06-12,6,2024-06-13,Net 1,1,USD,V003,Global Logistics LLC,"9032 Venture Blvd, San Francisco, GA 11150",billing@global-logistics.com,IL-7095929,Manufacturing,SmartInvoiceInc,"100 Commerce Blvd, Dallas, TX 75201",50,19697.39,7.0,1378.82,311488.22,2024-06-13,0,0.1
INV-2024-0268,2024-04-30,4,2024-05-01,Net 1,1,USD,V048,Pacific Tech Co,"9461 Market St, New York, CA 22910",billing@pacific-tech.com,HH-9469872,Retail,SmartInvoiceInc,"100 Commerce Blvd, Dallas, TX 75201",1,43928.85,8.0,3514.31,1.0,2024-06-10,1,0.1
INV-2024-0148,2025-12-31,12,2026-01-01,Net 1,1,USD,V036,Delta Partners Corp,"4463 Commerce Blvd, New York, IL 34285",billing@delta-partners.com,YQ-6165679,Healthcare,SmartInvoiceInc,"100 Commerce Blvd, Dallas, TX 75201",50,32591.74,8.25,2688.82,41661.08,2026-01-14,1,0.1
INV-2024-0021,2021-01-01,1,2021-01-02,Net 1,1,USD,V045,Apex Freight Co,"6909 Innovation Rd, Austin, GA 15122",billing@apex-freight.com,OW-4708654,Retail,SmartInvoiceInc,"100 Commerce Blvd, Dallas, TX 75201",50,11961.65,8.25,986.84,1.0,2021-01-02,0,0.1
INV-2022-0031,2021-01-01,1,2021-03-22,Net 80,80,USD,V093,Delta Labs Corp,"7201 Industrial Dr, Atlanta, AZ 11524",billing@delta-labs.com,II-7984720,Technology,SmartInvoiceInc,"100 Commerce Blvd, Dallas, TX 75201",31,3965.17,8.5,337.04,1.0,2021-03-22,0,0.1
INV-2023-0057,2025-02-12,2,2025-05-13,Net 90,90,USD,V059,Global Medical Co,"2998 Venture Blvd, Los Angeles, CO 24060",billing@global-medical.com,JY-1829735,Services,SmartInvoiceInc,"100 Commerce Blvd, Dallas, TX 75201",1,23479.81,8.0,1878.38,1.0,2025-06-13,1,0.1
INV-2022-0070,2021-01-01,1,2021-04-01,Net 90,90,USD,V096,Sterling Security Corp,"5995 Enterprise Ave, Dallas, GA 64756",billing@sterling-security.com,VP-7611653,Technology,SmartInvoiceInc,"100 Commerce Blvd, Dallas, TX 75201",1,41652.7,6.25,2603.29,113444.84,2021-04-01,0,0.1
INV-2022-0245,2021-12-07,12,2022-03-07,Net 90,90,USD,V031,Titan Capital LLC,"2971 Industrial Dr, San Francisco, GA 11015",billing@titan-capital.com,AV-9416320,Manufacturing,SmartInvoiceInc,"100 Commerce Blvd, Dallas, TX 75201",9,38754.07,9.0,3487.87,1.0,2022-04-12,1,0.1
INV-2024-0127,2025-12-31,12,2026-03-31,Net 90,90,USD,V008,Apex Security LLC,"9923 Commerce Blvd, Chicago, IL 26364",billing@apex-security.com,DP-2100567,Manufacturing,SmartInvoiceInc,"100 Commerce Blvd, Dallas, TX 75201",1,26293.12,8.5,2234.92,1.0,2026-03-31,0,0.1
INV-2024-0095,2021-01-01,1,2021-01-02,Net 1,1,USD,V058,Alpha Parts Inc,"5515 Business Pkwy, Chicago, CO 68596",billing@alpha-parts.com,NC-1873172,Healthcare,SmartInvoiceInc,"100 Commerce Blvd, Dallas, TX 75201",3,1224.1,7.5,91.81,1.0,2021-01-02,0,0.1
INV-2022-0115,2021-01-01,1,2021-04-01,Net 90,90,USD,V029,Nexus Freight Group,"639 Enterprise Ave, Atlanta, FL 30159",billing@nexus-freight.com,VQ-5010912,Healthcare,SmartInvoiceInc,"100 Commerce Blvd, Dallas, TX 75201",1,33292.96,9.0,2996.37,1.0,2021-04-01,0,0.1
INV-2024-0172,2024-10-20,10,2024-10-21,Net 1,1,USD,V029,Nexus Freight Group,"639 Enterprise Ave, Atlanta, FL 30159",billing@nexus-freight.com,VQ-5010912,Healthcare,SmartInvoiceInc,"100 Commerce Blvd, Dallas, TX 75201",37,13282.44,9.0,1195.42,1.0,2024-10-21,0,0.1
INV-2022-0026,2025-02-11,2,2025-05-12,Net 90,90,USD,V064,Swift Labs Inc,"6128 Market St, Chicago, FL 50631",billing@swift-labs.com,OH-7356228,Healthcare,SmartInvoiceInc,"100 Commerce Blvd, Dallas, TX 75201",1,42702.96,8.25,3522.99,216766.85,2025-05-12,0,0.1
INV-2023-0032,2025-12-31,12,2026-03-01,Net 60,60,USD,V042,Summit Capital Co,"5685 Venture Blvd, New York, IL 49749",billing@summit-capital.com,AE-3245131,Manufacturing,SmartInvoiceInc,"100 Commerce Blvd, Dallas, TX 75201",1,21041.08,7.5,1578.08,1.0,2026-03-01,0,0.1
INV-2024-0061,2022-02-25,2,2022-02-26,Net 1,1,USD,V008,Apex Security LLC,"9923 Commerce Blvd, Chicago, IL 26364",billing@apex-security.com,DP-2100567,Manufacturing,SmartInvoiceInc,"100 Commerce Blvd, Dallas, TX 75201",50,30188.68,7.0,2113.21,1.0,2022-02-26,0,0.1
INV-2023-0115,2025-12-31,12,2026-03-31,Net 90,90,USD,V076,Bright Cloud Inc,"4624 Innovation Rd, Austin, CA 43536",billing@bright-cloud.com,NS-1703662,Manufacturing,SmartInvoiceInc,"100 Commerce Blvd, Dallas, TX 75201",1,37414.79,6.25,2338.42,267749.02,2026-03-31,0,0.1
INV-2024-0002,2021-12-18,12,2022-03-18,Net 90,90,USD,V050,Alpha Logistics Inc,"1560 Business Pkwy, San Francisco, OH 11605",billing@alpha-logistics.com,WP-3255363,Services,SmartInvoiceInc,"100 Commerce Blvd, Dallas, TX 75201",50,41180.63,7.0,2882.64,1587927.46,2022-03-18,0,0.1
INV-2023-0128,2025-12-31,12,2026-03-31,Net 90,90,USD,V062,Vanguard Security LLC,"5667 Market St, Dallas, FL 35053",billing@vanguard-security.com,GD-7867100,Technology,SmartInvoiceInc,"100 Commerce Blvd, Dallas, TX 75201",50,32019.7,7.5,2401.48,1.0,2026-03-31,0,0.1
INV-2024-0169,2025-12-31,12,2026-03-31,Net 90,90,USD,V001,Metro Legal Co,"5791 Enterprise Ave, Miami, FL 64021",billing@metro-legal.com,MT-6143901,Services,SmartInvoiceInc,"100 Commerce Blvd, Dallas, TX 75201",1,41382.93,8.25,3414.09,21083.97,2026-03-31,0,0.1
INV-2022-0110,2024-05-15,5,2024-08-13,Net 90,90,USD,V013,Summit Partners Corp,"512 Innovation Rd, Los Angeles, CO 70692",billing@summit-partners.com,YD-8122313,Healthcare,SmartInvoiceInc,"100 Commerce Blvd, Dallas, TX 75201",1,41276.49,7.0,2889.35,1.0,2024-08-13,0,0.1
INV-2024-0161,2021-01-01,1,2021-01-02,Net 1,1,USD,V079,Alpha Partners Inc,"6054 Innovation Rd, Miami, WA 66373",billing@alpha-partners.com,YO-4185714,Technology,SmartInvoiceInc,"100 Commerce Blvd, Dallas, TX 75201",50,23345.38,9.0,2101.08,213212.94,2021-01-22,1,0.1
INV-2023-0179,2021-01-01,1,2021-04-01,Net 90,90,USD,V084,Bright Medical LLC,"7183 Tech Park Way, Los Angeles, AZ 27771",billing@bright-medical.com,XQ-6499593,Services,SmartInvoiceInc,"100 Commerce Blvd, Dallas, TX 75201",50,21901.14,6.25,1368.82,232315.96,2021-04-01,0,0.1
INV-2023-0042,2021-01-01,1,2021-04-01,Net 90,90,USD,V022,Acme Capital Inc,"8802 Corporate Ln, Atlanta, FL 45909",billing@acme-capital.com,SL-9415398,Services,SmartInvoiceInc,"100 Commerce Blvd, Dallas, TX 75201",50,41304.18,8.0,3304.33,1.0,2021-04-07,1,0.1
INV-2024-0098,2025-12-31,12,2026-01-01,Net 1,1,USD,V089,Delta Energy Group,"6236 Enterprise Ave, Miami, AZ 69052",billing@delta-energy.com,QZ-9752084,Retail,SmartInvoiceInc,"100 Commerce Blvd, Dallas, TX 75201",1,44461.85,9.0,4001.57,1.0,2026-01-01,0,0.1
INV-2023-0154,2021-01-01,1,2021-01-02,Net 1,1,USD,V077,Pioneer Data LLC,"6745 Commerce Blvd, Houston, OH 35522",billing@pioneer-data.com,DA-6517366,Services,SmartInvoiceInc,"100 Commerce Blvd, Dallas, TX 75201",16,42321.13,7.5,3174.08,322562.75,2021-01-02,0,0.1
INV-2022-0227,2021-01-01,1,2021-04-01,Net 90,90,USD,V038,Horizon Freight Corp,"1431 Trade Center Dr, New York, TX 52318",billing@horizon-freight.com,WJ-2296516,Healthcare,SmartInvoiceInc,"100 Commerce Blvd, Dallas, TX 75201",1,45203.14,8.25,3729.26,647453.25,2021-04-01,0,0.1
INV-2024-0151,2025-12-31,12,2026-01-01,Net 1,1,USD,V096,Sterling Security Corp,"5995 Enterprise Ave, Dallas, GA 64756",billing@sterling-security.com,VP-7611653,Technology,SmartInvoiceInc,"100 Commerce Blvd, Dallas, TX 75201",50,783.07,7.5,58.73,541677.1,2026-01-16,1,0.1
INV-2022-0193,2021-01-01,1,2021-01-02,Net 1,1,USD,V016,Summit Freight Inc,"1465 Tech Park Way, Dallas, FL 26779",billing@summit-freight.com,IS-7197323,Technology,SmartInvoiceInc,"100 Commerce Blvd, Dallas, TX 75201",1,6938.99,8.0,555.12,1.0,2021-01-02,0,0.1
INV-2024-0022,2025-12-31,12,2026-03-31,Net 90,90,USD,V021,Swift Ventures LLC,"9509 Enterprise Ave, San Francisco, OH 36962",billing@swift-ventures.com,HP-7243669,Retail,SmartInvoiceInc,"100 Commerce Blvd, Dallas, TX 75201",1,1178.08,8.0,94.25,940543.72,2026-03-31,0,0.1
INV-2022-0126,2021-01-01,1,2021-04-01,Net 90,90,USD,V035,Pioneer Parts Co,"816 Market St, Dallas, TX 55543",billing@pioneer-parts.com,BH-9896761,Manufacturing,SmartInvoiceInc,"100 Commerce Blvd, Dallas, TX 75201",50,1348.91,7.0,94.42,1.0,2021-04-01,0,0.1
INV-2023-0197,2021-01-01,1,2021-04-01,Net 90,90,USD,V100,Swift Capital Corp,"2767 Industrial Dr, Austin, IL 12983",billing@swift-capital.com,ZW-2841648,Retail,SmartInvoiceInc,"100 Commerce Blvd, Dallas, TX 75201",1,25825.97,7.0,1807.82,1.0,2021-04-01,0,0.1
INV-2023-0126,2025-12-31,12,2026-03-31,Net 90,90,USD,V080,Vanguard Legal Group,"3154 Innovation Rd, Houston, NY 44911",billing@vanguard-legal.com,XN-8021855,Services,SmartInvoiceInc,"100 Commerce Blvd, Dallas, TX 75201",1,19834.38,8.0,1586.75,626071.18,2026-03-31,0,0.1
INV-2022-0021,2024-07-16,7,2024-08-26,Net 41,41,USD,V019,Pioneer Marketing Co,"5261 Venture Blvd, Miami, AZ 19348",billing@pioneer-marketing.com,CW-3276360,Manufacturing,SmartInvoiceInc,"100 Commerce Blvd, Dallas, TX 75201",50,35516.15,7.5,2663.71,1.0,2024-08-26,0,0.1
INV-2024-0131,2025-12-31,12,2026-03-31,Net 90,90,USD,V048,Pacific Tech Co,"9461 Market St, New York, CA 22910",billing@pacific-tech.com,HH-9469872,Retail,SmartInvoiceInc,"100 Commerce Blvd, Dallas, TX 75201",1,46492.41,9.0,4184.32,679375.0,2026-03-31,0,0.1
INV-2024-0099,2021-01-01,1,2021-01-02,Net 1,1,USD,V063,Bright Capital Inc,"1050 Commerce Blvd, Los Angeles, OH 69201",billing@bright-capital.com,JE-8583354,Manufacturing,SmartInvoiceInc,"100 Commerce Blvd, Dallas, TX 75201",50,49783.74,8.0,3982.7,607913.12,2021-01-02,0,0.1
INV-2024-0052,2021-03-05,3,2021-03-06,Net 1,1,USD,V042,Summit Capital Co,"5685 Venture Blvd, New York, IL 49749",billing@summit-capital.com,AE-3245131,Manufacturing,SmartInvoiceInc,"100 Commerce Blvd, Dallas, TX 75201",50,29861.33,7.5,2239.6,1.0,2021-03-06,0,0.1
INV-2022-0072,2021-10-26,10,2021-10-27,Net 1,1,USD,V061,Prime Solutions Co,"3787 Innovation Rd, Austin, GA 77506",billing@prime-solutions.com,FF-4369538,Services,SmartInvoiceInc,"100 Commerce Blvd, Dallas, TX 75201",1,5948.13,7.5,446.11,1.0,2021-11-01,1,0.1
INV-2024-0019,2021-01-01,1,2021-04-01,Net 90,90,USD,V087,Bright Energy LLC,"5575 Trade Center Dr, New York, CA 49952",billing@bright-energy.com,EY-6888997,Manufacturing,SmartInvoiceInc,"100 Commerce Blvd, Dallas, TX 75201",50,3955.13,8.5,336.19,1.0,2021-04-08,1,0.1
INV-2023-0084,2025-12-31,12,2026-03-31,Net 90,90,USD,V004,Metro Medical Inc,"7905 Business Pkwy, Atlanta, WA 66556",billing@metro-medical.com,UA-8474447,Healthcare,SmartInvoiceInc,"100 Commerce Blvd, Dallas, TX 75201",50,10606.24,8.5,901.53,1.0,2026-04-17,1,0.1
INV-2024-0156,2021-09-20,9,2021-11-16,Net 57,57,USD,V093,Delta Labs Corp,"7201 Industrial Dr, Atlanta, AZ 11524",billing@delta-labs.com,II-7984720,Technology,SmartInvoiceInc,"100 Commerce Blvd, Dallas, TX 75201",50,3499.94,7.0,245.0,1.0,2021-11-16,0,0.1
INV-2023-0124,2021-01-01,1,2021-01-02,Net 1,1,USD,V059,Global Medical Co,"2998 Venture Blvd, Los Angeles, CO 24060",billing@global-medical.com,JY-1829735,Services,SmartInvoiceInc,"100 Commerce Blvd, Dallas, TX 75201",1,41988.67,8.5,3569.04,195440.87,2021-01-02,0,0.1
INV-2022-0224,2025-09-21,9,2025-09-22,Net 1,1,USD,V038,Horizon Freight Corp,"1431 Trade Center Dr, New York, TX 52318",billing@horizon-freight.com,WJ-2296516,Healthcare,SmartInvoiceInc,"100 Commerce Blvd, Dallas, TX 75201",1,8107.71,8.25,668.89,1.0,2025-09-22,0,0.1
INV-2022-0002,2021-01-01,1,2021-01-02,Net 1,1,USD,V066,Global Marketing Co,"5879 Venture Blvd, Chicago, OH 22999",billing@global-marketing.com,WO-9464685,Services,SmartInvoiceInc,"100 Commerce Blvd, Dallas, TX 75201",1,29845.59,7.5,2238.42,274824.13,2021-01-10,1,0.1
INV-2023-0002,2025-12-31,12,2026-03-31,Net 90,90,USD,V029,Nexus Freight Group,"639 Enterprise Ave, Atlanta, FL 30159",billing@nexus-freight.com,VQ-5010912,Healthcare,SmartInvoiceInc,"100 Commerce Blvd, Dallas, TX 75201",1,30538.92,8.0,2443.11,435649.64,2026-05-13,1,0.1
INV-2022-0191,2025-12-31,12,2026-01-01,Net 1,1,USD,V007,Pinnacle Legal LLC,"6765 Business Pkwy, San Francisco, FL 78385",billing@pinnacle-legal.com,TJ-4693305,Services,SmartInvoiceInc,"100 Commerce Blvd, Dallas, TX 75201",1,48821.26,7.5,3661.59,113243.06,2026-01-01,0,0.1
INV-2024-0081,2025-12-31,12,2026-01-01,Net 1,1,USD,V088,Sterling Tech Group,"1722 Enterprise Ave, Seattle, OH 71396",billing@sterling-tech.com,YF-8369434,Manufacturing,SmartInvoiceInc,"100 Commerce Blvd, Dallas, TX 75201",1,49863.28,8.0,3989.06,1.0,2026-01-18,1,0.1
INV-2024-0217,2025-08-16,8,2025-11-14,Net 90,90,USD,V095,Pacific Supplies Group,"2422 Enterprise Ave, Dallas, TX 59481",billing@pacific-supplies.com,YW-8599600,Retail,SmartInvoiceInc,"100 Commerce Blvd, Dallas, TX 75201",50,47068.28,8.25,3883.13,276668.28,2025-12-04,1,0.1
INV-2023-0136,2025-12-31,12,2026-03-31,Net 90,90,USD,V053,Pinnacle Labs LLC,"946 Innovation Rd, Seattle, NY 98236",billing@pinnacle-labs.com,LE-1064323,Services,SmartInvoiceInc,"100 Commerce Blvd, Dallas, TX 75201",50,40940.21,7.0,2865.81,1.0,2026-03-31,0,0.1
INV-2022-0217,2025-12-31,12,2026-01-01,Net 1,1,USD,V019,Pioneer Marketing Co,"5261 Venture Blvd, Miami, AZ 19348",billing@pioneer-marketing.com,CW-3276360,Manufacturing,SmartInvoiceInc,"100 Commerce Blvd, Dallas, TX 75201",50,39575.77,9.0,3561.82,46621.91,2026-02-04,1,0.1
INV-2023-0009,2021-01-01,1,2021-01-02,Net 1,1,USD,V020,Titan Systems LLC,"2639 Commerce Blvd, New York, GA 31677",billing@titan-systems.com,MH-7646705,Services,SmartInvoiceInc,"100 Commerce Blvd, Dallas, TX 75201",31,47147.98,8.0,3771.84,550356.32,2021-01-22,1,0.1
INV-2022-0015,2025-12-31,12,2026-03-31,Net 90,90,USD,V003,Global Logistics LLC,"9032 Venture Blvd, San Francisco, GA 11150",billing@global-logistics.com,IL-7095929,Manufacturing,SmartInvoiceInc,"100 Commerce Blvd, Dallas, TX 75201",1,6164.36,8.0,493.15,1.0,2026-05-10,1,0.1
INV-2023-0104,2025-12-31,12,2026-03-31,Net 90,90,USD,V011,Acme Legal Group,"5826 Industrial Dr, Austin, CA 37350",billing@acme-legal.com,QZ-5833177,Manufacturing,SmartInvoiceInc,"100 Commerce Blvd, Dallas, TX 75201",24,11375.49,8.0,910.04,1.0,2026-03-31,0,0.1
INV-2022-0152,2021-01-01,1,2021-04-01,Net 90,90,USD,V028,Pioneer Systems LLC,"5163 Business Pkwy, Chicago, IL 39703",billing@pioneer-systems.com,ZD-7655623,Manufacturing,SmartInvoiceInc,"100 Commerce Blvd, Dallas, TX 75201",50,33862.71,8.0,2709.02,703426.04,2021-04-23,1,0.1
INV-2022-0094,2025-02-27,2,2025-05-28,Net 90,90,USD,V004,Metro Medical Inc,"7905 Business Pkwy, Atlanta, WA 66556",billing@metro-medical.com,UA-8474447,Healthcare,SmartInvoiceInc,"100 Commerce Blvd, Dallas, TX 75201",1,17460.93,9.0,1571.48,1.0,2025-05-28,0,0.1
INV-2024-0083,2025-07-01,7,2025-07-02,Net 1,1,USD,V087,Bright Energy LLC,"5575 Trade Center Dr, New York, CA 49952",billing@bright-energy.com,EY-6888997,Manufacturing,SmartInvoiceInc,"100 Commerce Blvd, Dallas, TX 75201",1,41551.05,7.5,3116.33,219037.77,2025-07-02,0,0.1
INV-2024-0115,2025-12-31,12,2026-01-01,Net 1,1,USD,V096,Sterling Security Corp,"5995 Enterprise Ave, Dallas, GA 64756",billing@sterling-security.com,VP-7611653,Technology,SmartInvoiceInc,"100 Commerce Blvd, Dallas, TX 75201",1,24185.56,7.0,1692.99,1.0,2026-01-01,0,0.1
INV-2022-0027,2024-08-27,8,2024-10-15,Net 49,49,USD,V024,Nexus Marketing Group,"6719 Innovation Rd, Atlanta, GA 62224",billing@nexus-marketing.com,CM-6304509,Technology,SmartInvoiceInc,"100 Commerce Blvd, Dallas, TX 75201",1,14045.2,8.5,1193.84,1.0,2024-10-15,0,0.1
INV-2022-0051,2025-12-31,12,2026-01-01,Net 1,1,USD,V065,Delta Tech Group,"2991 Industrial Dr, Austin, NY 85683",billing@delta-tech.com,DZ-8726890,Services,SmartInvoiceInc,"100 Commerce Blvd, Dallas, TX 75201",50,41207.87,7.0,2884.55,1.0,2026-02-04,1,0.1
INV-2022-0169,2024-09-06,9,2024-12-05,Net 90,90,USD,V009,Nexus Cloud Inc,"9187 Market St, Chicago, CA 21938",billing@nexus-cloud.com,AA-2404330,Healthcare,SmartInvoiceInc,"100 Commerce Blvd, Dallas, TX 75201",50,17679.59,7.0,1237.57,1315202.42,2024-12-05,0,0.1
INV-2023-0075,2023-02-16,2,2023-05-17,Net 90,90,USD,V040,Elite Tech Co,"6369 Tech Park Way, Atlanta, GA 90719",billing@elite-tech.com,KV-2072647,Retail,SmartInvoiceInc,"100 Commerce Blvd, Dallas, TX 75201",1,10362.67,9.0,932.64,1.0,2023-05-17,0,0.1
INV-2022-0195,2025-08-18,8,2025-08-19,Net 1,1,USD,V039,Elite Labs Group,"237 Innovation Rd, Dallas, AZ 29963",billing@elite-labs.com,TX-2849396,Manufacturing,SmartInvoiceInc,"100 Commerce Blvd, Dallas, TX 75201",1,38375.44,8.0,3070.04,1.0,2025-09-09,1,0.1
INV-2024-0142,2021-01-01,1,2021-04-01,Net 90,90,USD,V082,Acme Labs Inc,"2298 Enterprise Ave, Austin, NY 23859",billing@acme-labs.com,RB-3008960,Healthcare,SmartInvoiceInc,"100 Commerce Blvd, Dallas, TX 75201",1,32974.72,8.0,2637.98,2008677.31,2021-04-20,1,0.1
INV-2022-0183,2021-01-01,1,2021-04-01,Net 90,90,USD,V060,Elite Parts Co,"6665 Commerce Blvd, Miami, TX 29096",billing@elite-parts.com,QA-4681262,Manufacturing,SmartInvoiceInc,"100 Commerce Blvd, Dallas, TX 75201",1,40086.04,9.0,3607.74,122244.67,2021-04-01,0,0.1
INV-2024-0240,2021-01-01,1,2021-01-10,Net 9,9,USD,V059,Global Medical Co,"2998 Venture Blvd, Los Angeles, CO 24060",billing@global-medical.com,JY-1829735,Services,SmartInvoiceInc,"100 Commerce Blvd, Dallas, TX 75201",1,10222.75,6.25,638.92,321007.5,2021-01-10,0,0.1
INV-2023-0191,2021-01-01,1,2021-03-25,Net 83,83,USD,V006,Apex Solutions Co,"2241 Market St, San Francisco, AZ 45247",billing@apex-solutions.com,UG-6698848,Healthcare,SmartInvoiceInc,"100 Commerce Blvd, Dallas, TX 75201",50,29176.07,7.0,2042.32,1.0,2021-03-25,0,0.1
INV-2022-0175,2022-05-01,5,2022-07-30,Net 90,90,USD,V054,Swift Medical Group,"324 Market St, Dallas, TX 88477",billing@swift-medical.com,FE-9671370,Retail,SmartInvoiceInc,"100 Commerce Blvd, Dallas, TX 75201",1,46649.98,8.25,3848.62,1.0,2022-07-30,0,0.1
INV-2023-0172,2021-01-01,1,2021-01-02,Net 1,1,USD,V063,Bright Capital Inc,"1050 Commerce Blvd, Los Angeles, OH 69201",billing@bright-capital.com,JE-8583354,Manufacturing,SmartInvoiceInc,"100 Commerce Blvd, Dallas, TX 75201",1,11326.14,8.25,934.41,1.0,2021-01-02,0,0.1
INV-2024-0085,2021-01-01,1,2021-01-02,Net 1,1,USD,V080,Vanguard Legal Group,"3154 Innovation Rd, Houston, NY 44911",billing@vanguard-legal.com,XN-8021855,Services,SmartInvoiceInc,"100 Commerce Blvd, Dallas, TX 75201",50,48511.36,8.5,4123.47,11291.59,2021-01-16,1,0.1
INV-2024-0096,2021-05-06,5,2021-05-07,Net 1,1,USD,V032,Pacific Logistics Inc,"7549 Trade Center Dr, New York, TX 56540",billing@pacific-logistics.com,AB-8153768,Services,SmartInvoiceInc,"100 Commerce Blvd, Dallas, TX 75201",1,18685.84,7.5,1401.44,1.0,2021-05-07,0,0.1
INV-2022-0097,2021-01-01,1,2021-01-02,Net 1,1,USD,V059,Global Medical Co,"2998 Venture Blvd, Los Angeles, CO 24060",billing@global-medical.com,JY-1829735,Services,SmartInvoiceInc,"100 Commerce Blvd, Dallas, TX 75201",50,9168.6,6.25,573.04,549126.81,2021-02-02,1,0.1
INV-2024-0187,2025-12-31,12,2026-01-01,Net 1,1,USD,V085,Nexus Security Inc,"3286 Commerce Blvd, Atlanta, WA 70774",billing@nexus-security.com,IV-3245909,Services,SmartInvoiceInc,"100 Commerce Blvd, Dallas, TX 75201",50,12858.61,8.5,1092.98,195180.75,2026-01-01,0,0.1
INV-2023-0111,2021-01-01,1,2021-01-02,Net 1,1,USD,V045,Apex Freight Co,"6909 Innovation Rd, Austin, GA 15122",billing@apex-freight.com,OW-4708654,Retail,SmartInvoiceInc,"100 Commerce Blvd, Dallas, TX 75201",1,39733.44,8.0,3178.68,201843.51,2021-01-02,0,0.1
INV-2022-0213,2025-12-31,12,2026-03-31,Net 90,90,USD,V081,Acme Consulting Group,"5719 Enterprise Ave, New York, IL 96925",billing@acme-consulting.com,WP-5241361,Manufacturing,SmartInvoiceInc,"100 Commerce Blvd, Dallas, TX 75201",1,23187.02,9.0,2086.83,567146.09,2026-04-24,1,0.1
INV-2023-0152,2025-12-31,12,2026-01-01,Net 1,1,USD,V058,Alpha Parts Inc,"5515 Business Pkwy, Chicago, CO 68596",billing@alpha-parts.com,NC-1873172,Healthcare,SmartInvoiceInc,"100 Commerce Blvd, Dallas, TX 75201",1,47450.9,9.0,4270.58,1.0,2026-01-09,1,0.1
INV-2024-0110,2025-12-31,12,2026-01-01,Net 1,1,USD,V059,Global Medical Co,"2998 Venture Blvd, Los Angeles, CO 24060",billing@global-medical.com,JY-1829735,Services,SmartInvoiceInc,"100 Commerce Blvd, Dallas, TX 75201",50,45467.51,9.0,4092.08,1.0,2026-01-29,1,0.1
INV-2023-0226,2021-01-01,1,2021-01-02,Net 1,1,USD,V089,Delta Energy Group,"6236 Enterprise Ave, Miami, AZ 69052",billing@delta-energy.com,QZ-9752084,Retail,SmartInvoiceInc,"100 Commerce Blvd, Dallas, TX 75201",1,30955.06,8.5,2631.18,422935.14,2021-01-19,1,0.1
INV-2022-0121,2025-12-31,12,2026-01-01,Net 1,1,USD,V030,Delta Solutions Group,"2879 Tech Park Way, New York, CA 66178",billing@delta-solutions.com,EO-6187480,Manufacturing,SmartInvoiceInc,"100 Commerce Blvd, Dallas, TX 75201",50,38587.72,8.25,3183.49,1.0,2026-01-01,0,0.1
INV-2022-0200,2021-01-01,1,2021-01-02,Net 1,1,USD,V082,Acme Labs Inc,"2298 Enterprise Ave, Austin, NY 23859",billing@acme-labs.com,RB-3008960,Healthcare,SmartInvoiceInc,"100 Commerce Blvd, Dallas, TX 75201",1,2007.95,8.25,165.66,1.0,2021-01-19,1,0.1
INV-2022-0113,2021-01-01,1,2021-01-02,Net 1,1,USD,V040,Elite Tech Co,"6369 Tech Park Way, Atlanta, GA 90719",billing@elite-tech.com,KV-2072647,Retail,SmartInvoiceInc,"100 Commerce Blvd, Dallas, TX 75201",1,33666.61,8.0,2693.33,1.0,2021-01-02,0,0.1
INV-2023-0184,2024-07-17,7,2024-10-15,Net 90,90,USD,V095,Pacific Supplies Group,"2422 Enterprise Ave, Dallas, TX 59481",billing@pacific-supplies.com,YW-8599600,Retail,SmartInvoiceInc,"100 Commerce Blvd, Dallas, TX 75201",50,14284.3,6.25,892.77,1.0,2024-10-16,1,0.1
INV-2024-0173,2021-01-01,1,2021-01-02,Net 1,1,USD,V044,Global Systems Inc,"1376 Market St, Chicago, OH 18717",billing@global-systems.com,ZW-1067661,Manufacturing,SmartInvoiceInc,"100 Commerce Blvd, Dallas, TX 75201",50,22727.42,6.25,1420.46,1.0,2021-01-02,0,0.1
INV-2022-0225,2025-12-31,12,2026-01-01,Net 1,1,USD,V012,Beacon Tech LLC,"517 Tech Park Way, Atlanta, GA 13267",billing@beacon-tech.com,ZU-3922097,Healthcare,SmartInvoiceInc,"100 Commerce Blvd, Dallas, TX 75201",50,6023.85,6.25,376.49,831591.77,2026-01-28,1,0.1
INV-2024-0182,2025-12-31,12,2026-01-01,Net 1,1,USD,V062,Vanguard Security LLC,"5667 Market St, Dallas, FL 35053",billing@vanguard-security.com,GD-7867100,Technology,SmartInvoiceInc,"100 Commerce Blvd, Dallas, TX 75201",1,30733.15,7.0,2151.32,340415.08,2026-01-01,0,0.1
INV-2023-0110,2025-12-31,12,2026-03-31,Net 90,90,USD,V011,Acme Legal Group,"5826 Industrial Dr, Austin, CA 37350",billing@acme-legal.com,QZ-5833177,Manufacturing,SmartInvoiceInc,"100 Commerce Blvd, Dallas, TX 75201",49,32750.03,6.25,2046.88,1.0,2026-04-29,1,0.1
INV-2024-0249,2025-12-31,12,2026-01-01,Net 1,1,USD,V085,Nexus Security Inc,"3286 Commerce Blvd, Atlanta, WA 70774",billing@nexus-security.com,IV-3245909,Services,SmartInvoiceInc,"100 Commerce Blvd, Dallas, TX 75201",1,46492.66,8.5,3951.88,5249.29,2026-02-08,1,0.1
INV-2022-0180,2021-01-01,1,2021-01-02,Net 1,1,USD,V037,Delta Logistics Co,"4773 Tech Park Way, Miami, OH 75215",billing@delta-logistics.com,BF-1317537,Manufacturing,SmartInvoiceInc,"100 Commerce Blvd, Dallas, TX 75201",50,26474.41,6.25,1654.65,954779.19,2021-01-13,1,0.1
INV-2024-0055,2021-01-01,1,2021-01-02,Net 1,1,USD,V088,Sterling Tech Group,"1722 Enterprise Ave, Seattle, OH 71396",billing@sterling-tech.com,YF-8369434,Manufacturing,SmartInvoiceInc,"100 Commerce Blvd, Dallas, TX 75201",50,15041.91,7.5,1128.14,1.0,2021-01-02,0,0.1
INV-2024-0234,2025-12-31,12,2026-01-01,Net 1,1,USD,V017,Nexus Labs Group,"817 Market St, Austin, AZ 15486",billing@nexus-labs.com,PU-8990340,Services,SmartInvoiceInc,"100 Commerce Blvd, Dallas, TX 75201",1,10019.34,8.0,801.55,1.0,2026-01-01,0,0.1
INV-2022-0086,2021-01-01,1,2021-03-16,Net 74,74,USD,V037,Delta Logistics Co,"4773 Tech Park Way, Miami, OH 75215",billing@delta-logistics.com,BF-1317537,Manufacturing,SmartInvoiceInc,"100 Commerce Blvd, Dallas, TX 75201",1,37083.82,7.0,2595.87,201110.53,2021-03-16,0,0.1
INV-2024-0256,2025-10-27,10,2026-01-25,Net 90,90,USD,V036,Delta Partners Corp,"4463 Commerce Blvd, New York, IL 34285",billing@delta-partners.com,YQ-6165679,Healthcare,SmartInvoiceInc,"100 Commerce Blvd, Dallas, TX 75201",50,1009.08,6.25,63.07,1.0,2026-01-25,0,0.1
INV-2022-0133,2021-01-01,1,2021-02-02,Net 32,32,USD,V060,Elite Parts Co,"6665 Commerce Blvd, Miami, TX 29096",billing@elite-parts.com,QA-4681262,Manufacturing,SmartInvoiceInc,"100 Commerce Blvd, Dallas, TX 75201",50,15938.03,7.5,1195.35,50791.07,2021-03-02,1,0.1
INV-2023-0091,2024-05-08,5,2024-05-09,Net 1,1,USD,V001,Metro Legal Co,"5791 Enterprise Ave, Miami, FL 64021",billing@metro-legal.com,MT-6143901,Services,SmartInvoiceInc,"100 Commerce Blvd, Dallas, TX 75201",50,49588.96,6.25,3099.31,1.0,2024-05-09,0,0.1
INV-2024-0269,2021-01-01,1,2021-01-02,Net 1,1,USD,V072,Elite Supplies LLC,"8170 Industrial Dr, Houston, TX 16783",billing@elite-supplies.com,KL-1996530,Technology,SmartInvoiceInc,"100 Commerce Blvd, Dallas, TX 75201",1,22914.28,8.5,1947.71,1.0,2021-01-11,1,0.1
INV-2024-0082,2023-11-07,11,2023-11-08,Net 1,1,USD,V016,Summit Freight Inc,"1465 Tech Park Way, Dallas, FL 26779",billing@summit-freight.com,IS-7197323,Technology,SmartInvoiceInc,"100 Commerce Blvd, Dallas, TX 75201",50,14011.02,9.0,1260.99,160328.92,2023-11-08,0,0.1
INV-2024-0223,2024-01-20,1,2024-01-21,Net 1,1,USD,V025,Acme Supplies Group,"7676 Innovation Rd, Dallas, OH 77641",billing@acme-supplies.com,LM-5848287,Healthcare,SmartInvoiceInc,"100 Commerce Blvd, Dallas, TX 75201",1,9874.97,8.5,839.37,119831.68,2024-01-30,1,0.1
INV-2023-0232,2021-01-01,1,2021-03-11,Net 69,69,USD,V026,Titan Partners Co,"5010 Enterprise Ave, New York, IL 71642",billing@titan-partners.com,ED-1423570,Retail,SmartInvoiceInc,"100 Commerce Blvd, Dallas, TX 75201",50,29105.61,7.5,2182.92,678630.71,2021-03-14,1,0.1
INV-2024-0243,2023-09-03,9,2023-09-04,Net 1,1,USD,V058,Alpha Parts Inc,"5515 Business Pkwy, Chicago, CO 68596",billing@alpha-parts.com,NC-1873172,Healthcare,SmartInvoiceInc,"100 Commerce Blvd, Dallas, TX 75201",50,39318.21,7.5,2948.87,379308.31,2023-10-18,1,0.1
INV-2023-0093,2025-06-06,6,2025-09-04,Net 90,90,USD,V026,Titan Partners Co,"5010 Enterprise Ave, New York, IL 71642",billing@titan-partners.com,ED-1423570,Retail,SmartInvoiceInc,"100 Commerce Blvd, Dallas, TX 75201",1,42878.56,7.0,3001.5,1.0,2025-09-04,0,0.1
INV-2022-0178,2024-10-04,10,2024-10-05,Net 1,1,USD,V087,Bright Energy LLC,"5575 Trade Center Dr, New York, CA 49952",billing@bright-energy.com,EY-6888997,Manufacturing,SmartInvoiceInc,"100 Commerce Blvd, Dallas, TX 75201",1,34707.26,6.25,2169.2,1.0,2024-10-05,0,0.1
INV-2023-0234,2021-09-11,9,2021-10-05,Net 24,24,USD,V066,Global Marketing Co,"5879 Venture Blvd, Chicago, OH 22999",billing@global-marketing.com,WO-9464685,Services,SmartInvoiceInc,"100 Commerce Blvd, Dallas, TX 75201",1,17434.33,6.25,1089.65,155219.6,2021-10-05,0,0.1
INV-2022-0157,2023-12-03,12,2023-12-04,Net 1,1,USD,V086,Swift Consulting Group,"6909 Venture Blvd, Houston, GA 84532",billing@swift-consulting.com,KF-2014929,Healthcare,SmartInvoiceInc,"100 Commerce Blvd, Dallas, TX 75201",50,6287.72,8.25,518.74,1.0,2023-12-19,1,0.1
INV-2022-0090,2021-08-12,8,2021-08-13,Net 1,1,USD,V046,Titan Freight Co,"3445 Venture Blvd, New York, NY 44674",billing@titan-freight.com,OY-3319049,Technology,SmartInvoiceInc,"100 Commerce Blvd, Dallas, TX 75201",1,18079.02,7.5,1355.93,614686.19,2021-09-05,1,0.1
INV-2022-0145,2021-01-01,1,2021-04-01,Net 90,90,USD,V068,Nexus Energy Group,"3976 Innovation Rd, Seattle, TX 75310",billing@nexus-energy.com,ZI-9887324,Technology,SmartInvoiceInc,"100 Commerce Blvd, Dallas, TX 75201",50,5739.74,7.5,430.48,184838.05,2021-04-01,0,0.1
INV-2024-0258,2025-12-31,12,2026-03-31,Net 90,90,USD,V023,Titan Marketing LLC,"6077 Tech Park Way, Miami, NY 96188",billing@titan-marketing.com,MR-5984445,Manufacturing,SmartInvoiceInc,"100 Commerce Blvd, Dallas, TX 75201",50,20837.43,7.0,1458.62,1.0,2026-04-08,1,0.1
INV-2023-0100,2021-01-01,1,2021-01-02,Net 1,1,USD,V075,Titan Energy Co,"6804 Corporate Ln, Dallas, GA 12482",billing@titan-energy.com,XS-8433533,Healthcare,SmartInvoiceInc,"100 Commerce Blvd, Dallas, TX 75201",50,5387.49,8.25,444.47,535554.63,2021-02-16,1,0.1
INV-2023-0049,2021-01-01,1,2021-04-01,Net 90,90,USD,V093,Delta Labs Corp,"7201 Industrial Dr, Atlanta, AZ 11524",billing@delta-labs.com,II-7984720,Technology,SmartInvoiceInc,"100 Commerce Blvd, Dallas, TX 75201",50,44837.05,7.0,3138.59,1.0,2021-04-01,0,0.1
INV-2024-0143,2025-01-23,1,2025-04-20,Net 87,87,USD,V060,Elite Parts Co,"6665 Commerce Blvd, Miami, TX 29096",billing@elite-parts.com,QA-4681262,Manufacturing,SmartInvoiceInc,"100 Commerce Blvd, Dallas, TX 75201",50,26848.45,8.0,2147.88,1.0,2025-04-20,0,0.1
INV-2022-0109,2025-12-31,12,2026-03-29,Net 88,88,USD,V077,Pioneer Data LLC,"6745 Commerce Blvd, Houston, OH 35522",billing@pioneer-data.com,DA-6517366,Services,SmartInvoiceInc,"100 Commerce Blvd, Dallas, TX 75201",28,15169.7,8.25,1251.5,96621.62,2026-03-29,0,0.1
INV-2023-0014,2025-12-31,12,2026-01-01,Net 1,1,USD,V092,Pinnacle Capital Co,"7579 Commerce Blvd, Seattle, FL 84478",billing@pinnacle-capital.com,TS-6703394,Retail,SmartInvoiceInc,"100 Commerce Blvd, Dallas, TX 75201",50,2073.03,7.0,145.11,468325.28,2026-01-01,0,0.1
INV-2022-0204,2022-04-02,4,2022-04-03,Net 1,1,USD,V034,Summit Ventures Co,"4909 Venture Blvd, Austin, TX 66397",billing@summit-ventures.com,IN-7195200,Services,SmartInvoiceInc,"100 Commerce Blvd, Dallas, TX 75201",50,1848.88,6.25,115.56,537730.77,2022-04-03,0,0.1
INV-2024-0013,2021-01-01,1,2021-04-01,Net 90,90,USD,V040,Elite Tech Co,"6369 Tech Park Way, Atlanta, GA 90719",billing@elite-tech.com,KV-2072647,Retail,SmartInvoiceInc,"100 Commerce Blvd, Dallas, TX 75201",1,28934.62,6.25,1808.41,484196.91,2021-04-01,0,0.1
INV-2024-0118,2021-01-01,1,2021-04-01,Net 90,90,USD,V054,Swift Medical Group,"324 Market St, Dallas, TX 88477",billing@swift-medical.com,FE-9671370,Retail,SmartInvoiceInc,"100 Commerce Blvd, Dallas, TX 75201",50,41124.46,8.5,3495.58,308877.08,2021-04-01,0,0.1
INV-2023-0003,2025-12-31,12,2026-03-31,Net 90,90,USD,V080,Vanguard Legal Group,"3154 Innovation Rd, Houston, NY 44911",billing@vanguard-legal.com,XN-8021855,Services,SmartInvoiceInc,"100 Commerce Blvd, Dallas, TX 75201",1,3063.4,8.5,260.39,1.0,2026-04-17,1,0.1
INV-2024-0239,2021-01-01,1,2021-01-02,Net 1,1,USD,V038,Horizon Freight Corp,"1431 Trade Center Dr, New York, TX 52318",billing@horizon-freight.com,WJ-2296516,Healthcare,SmartInvoiceInc,"100 Commerce Blvd, Dallas, TX 75201",1,24365.54,8.5,2071.07,1003868.47,2021-01-16,1,0.1
INV-2022-0092,2021-01-01,1,2021-01-02,Net 1,1,USD,V072,Elite Supplies LLC,"8170 Industrial Dr, Houston, TX 16783",billing@elite-supplies.com,KL-1996530,Technology,SmartInvoiceInc,"100 Commerce Blvd, Dallas, TX 75201",1,41269.37,7.5,3095.2,710645.42,2021-01-02,0,0.1
INV-2024-0230,2021-01-01,1,2021-04-01,Net 90,90,USD,V031,Titan Capital LLC,"2971 Industrial Dr, San Francisco, GA 11015",billing@titan-capital.com,AV-9416320,Manufacturing,SmartInvoiceInc,"100 Commerce Blvd, Dallas, TX 75201",1,1329.44,8.25,109.68,68147.6,2021-04-01,0,0.1
INV-2023-0213,2021-01-01,1,2021-01-02,Net 1,1,USD,V049,Global Freight Corp,"2572 Enterprise Ave, New York, FL 64553",billing@global-freight.com,BX-2314532,Technology,SmartInvoiceInc,"100 Commerce Blvd, Dallas, TX 75201",50,2116.62,8.25,174.62,1.0,2021-01-02,0,0.1
INV-2023-0116,2021-01-01,1,2021-01-02,Net 1,1,USD,V006,Apex Solutions Co,"2241 Market St, San Francisco, AZ 45247",billing@apex-solutions.com,UG-6698848,Healthcare,SmartInvoiceInc,"100 Commerce Blvd, Dallas, TX 75201",50,48571.97,6.25,3035.75,796317.16,2021-01-02,0,0.1
INV-2022-0062,2021-01-01,1,2021-04-01,Net 90,90,USD,V078,Beacon Legal LLC,"1581 Tech Park Way, Houston, TX 91974",billing@beacon-legal.com,RG-8449607,Technology,SmartInvoiceInc,"100 Commerce Blvd, Dallas, TX 75201",1,21174.52,9.0,1905.71,29970.84,2021-04-01,0,0.1
INV-2022-0208,2021-01-01,1,2021-01-02,Net 1,1,USD,V063,Bright Capital Inc,"1050 Commerce Blvd, Los Angeles, OH 69201",billing@bright-capital.com,JE-8583354,Manufacturing,SmartInvoiceInc,"100 Commerce Blvd, Dallas, TX 75201",1,33258.0,6.25,2078.62,1.0,2021-01-02,0,0.1
INV-2023-0050,2021-09-28,9,2021-12-27,Net 90,90,USD,V020,Titan Systems LLC,"2639 Commerce Blvd, New York, GA 31677",billing@titan-systems.com,MH-7646705,Services,SmartInvoiceInc,"100 Commerce Blvd, Dallas, TX 75201",1,20458.78,8.0,1636.7,1013454.83,2021-12-27,0,0.1
INV-2022-0080,2021-01-01,1,2021-04-01,Net 90,90,USD,V061,Prime Solutions Co,"3787 Innovation Rd, Austin, GA 77506",billing@prime-solutions.com,FF-4369538,Services,SmartInvoiceInc,"100 Commerce Blvd, Dallas, TX 75201",50,45013.39,7.0,3150.94,132654.79,2021-05-03,1,0.1
INV-2022-0198,2025-12-31,12,2026-03-31,Net 90,90,USD,V036,Delta Partners Corp,"4463 Commerce Blvd, New York, IL 34285",billing@delta-partners.com,YQ-6165679,Healthcare,SmartInvoiceInc,"100 Commerce Blvd, Dallas, TX 75201",1,33953.23,8.5,2886.02,123099.17,2026-04-15,1,0.1
INV-2024-0010,2021-01-01,1,2021-04-01,Net 90,90,USD,V068,Nexus Energy Group,"3976 Innovation Rd, Seattle, TX 75310",billing@nexus-energy.com,ZI-9887324,Technology,SmartInvoiceInc,"100 Commerce Blvd, Dallas, TX 75201",50,41451.46,8.5,3523.37,66451.29,2021-04-27,1,0.1
INV-2023-0164,2025-12-31,12,2026-03-31,Net 90,90,USD,V028,Pioneer Systems LLC,"5163 Business Pkwy, Chicago, IL 39703",billing@pioneer-systems.com,ZD-7655623,Manufacturing,SmartInvoiceInc,"100 Commerce Blvd, Dallas, TX 75201",1,35650.68,7.5,2673.8,438612.22,2026-04-24,1,0.1
INV-2024-0203,2024-12-12,12,2025-03-12,Net 90,90,USD,V015,Prime Parts Group,"3540 Corporate Ln, Miami, CO 78450",billing@prime-parts.com,IQ-6781565,Retail,SmartInvoiceInc,"100 Commerce Blvd, Dallas, TX 75201",1,15995.98,7.0,1119.72,1.0,2025-03-12,0,0.1
INV-2022-0238,2025-12-31,12,2026-01-01,Net 1,1,USD,V057,Pioneer Consulting Inc,"1704 Industrial Dr, San Francisco, WA 80792",billing@pioneer-consulting.com,BL-2384418,Services,SmartInvoiceInc,"100 Commerce Blvd, Dallas, TX 75201",1,5023.02,8.5,426.96,1095594.53,2026-01-01,0,0.1
INV-2024-0066,2025-12-31,12,2026-01-01,Net 1,1,USD,V069,Titan Security Corp,"1892 Enterprise Ave, San Francisco, AZ 11645",billing@titan-security.com,DV-7671318,Technology,SmartInvoiceInc,"100 Commerce Blvd, Dallas, TX 75201",1,36709.07,7.5,2753.18,1.0,2026-01-01,0,0.1
INV-2024-0059,2025-12-31,12,2026-01-01,Net 1,1,USD,V023,Titan Marketing LLC,"6077 Tech Park Way, Miami, NY 96188",billing@titan-marketing.com,MR-5984445,Manufacturing,SmartInvoiceInc,"100 Commerce Blvd, Dallas, TX 75201",50,47187.15,8.25,3892.94,1.0,2026-01-05,1,0.1
INV-2024-0235,2023-03-20,3,2023-03-21,Net 1,1,USD,V093,Delta Labs Corp,"7201 Industrial Dr, Atlanta, AZ 11524",billing@delta-labs.com,II-7984720,Technology,SmartInvoiceInc,"100 Commerce Blvd, Dallas, TX 75201",1,12932.88,7.0,905.3,1029773.79,2023-03-21,0,0.1
INV-2024-0266,2025-09-26,9,2025-09-27,Net 1,1,USD,V096,Sterling Security Corp,"5995 Enterprise Ave, Dallas, GA 64756",billing@sterling-security.com,VP-7611653,Technology,SmartInvoiceInc,"100 Commerce Blvd, Dallas, TX 75201",50,45128.36,8.5,3835.91,1.0,2025-09-30,1,0.1
INV-2024-0278,2024-03-13,3,2024-03-14,Net 1,1,USD,V011,Acme Legal Group,"5826 Industrial Dr, Austin, CA 37350",billing@acme-legal.com,QZ-5833177,Manufacturing,SmartInvoiceInc,"100 Commerce Blvd, Dallas, TX 75201",1,34986.41,9.0,3148.78,56121.53,2024-04-24,1,0.1
INV-2022-0251,2025-12-31,12,2026-03-31,Net 90,90,USD,V083,Metro Freight Group,"3694 Venture Blvd, Houston, NY 86918",billing@metro-freight.com,LT-7193956,Technology,SmartInvoiceInc,"100 Commerce Blvd, Dallas, TX 75201",1,22308.39,6.25,1394.27,1.0,2026-04-11,1,0.1
INV-2024-0224,2025-12-31,12,2026-03-31,Net 90,90,USD,V077,Pioneer Data LLC,"6745 Commerce Blvd, Houston, OH 35522",billing@pioneer-data.com,DA-6517366,Services,SmartInvoiceInc,"100 Commerce Blvd, Dallas, TX 75201",45,1775.6,8.0,142.05,1.0,2026-04-14,1,0.1
INV-2023-0244,2025-12-31,12,2026-01-01,Net 1,1,USD,V097,Beacon Logistics LLC,"5487 Venture Blvd, Atlanta, AZ 37935",billing@beacon-logistics.com,JP-4813270,Manufacturing,SmartInvoiceInc,"100 Commerce Blvd, Dallas, TX 75201",1,15572.38,6.25,973.27,128765.86,2026-01-20,1,0.1
INV-2023-0151,2021-01-01,1,2021-04-01,Net 90,90,USD,V047,Elite Energy Inc,"6329 Venture Blvd, Atlanta, TX 13596",billing@elite-energy.com,TY-1467010,Technology,SmartInvoiceInc,"100 Commerce Blvd, Dallas, TX 75201",1,25096.33,9.0,2258.67,1.0,2021-04-29,1,0.1
INV-2023-0228,2021-03-03,3,2021-03-04,Net 1,1,USD,V098,Titan Supplies Co,"3257 Venture Blvd, Miami, IL 34070",billing@titan-supplies.com,IS-9593223,Manufacturing,SmartInvoiceInc,"100 Commerce Blvd, Dallas, TX 75201",1,22391.49,7.0,1567.4,1622994.28,2021-03-04,0,0.1
INV-2024-0041,2021-01-01,1,2021-01-02,Net 1,1,USD,V058,Alpha Parts Inc,"5515 Business Pkwy, Chicago, CO 68596",billing@alpha-parts.com,NC-1873172,Healthcare,SmartInvoiceInc,"100 Commerce Blvd, Dallas, TX 75201",1,3093.37,7.5,232.0,1.0,2021-01-02,0,0.1
INV-2023-0161,2021-01-01,1,2021-04-01,Net 90,90,USD,V098,Titan Supplies Co,"3257 Venture Blvd, Miami, IL 34070",billing@titan-supplies.com,IS-9593223,Manufacturing,SmartInvoiceInc,"100 Commerce Blvd, Dallas, TX 75201",47,12132.22,8.25,1000.91,1380881.1,2021-04-01,0,0.1
INV-2023-0167,2025-12-31,12,2026-01-01,Net 1,1,USD,V045,Apex Freight Co,"6909 Innovation Rd, Austin, GA 15122",billing@apex-freight.com,OW-4708654,Retail,SmartInvoiceInc,"100 Commerce Blvd, Dallas, TX 75201",50,11958.02,7.0,837.06,448644.27,2026-01-01,0,0.1
INV-2023-0092,2021-01-01,1,2021-04-01,Net 90,90,USD,V042,Summit Capital Co,"5685 Venture Blvd, New York, IL 49749",billing@summit-capital.com,AE-3245131,Manufacturing,SmartInvoiceInc,"100 Commerce Blvd, Dallas, TX 75201",1,21290.2,7.5,1596.77,766543.25,2021-04-27,1,0.1
INV-2024-0186,2025-12-31,12,2026-03-31,Net 90,90,USD,V016,Summit Freight Inc,"1465 Tech Park Way, Dallas, FL 26779",billing@summit-freight.com,IS-7197323,Technology,SmartInvoiceInc,"100 Commerce Blvd, Dallas, TX 75201",1,16028.47,9.0,1442.56,179320.54,2026-04-12,1,0.1
INV-2023-0098,2021-01-01,1,2021-04-01,Net 90,90,USD,V060,Elite Parts Co,"6665 Commerce Blvd, Miami, TX 29096",billing@elite-parts.com,QA-4681262,Manufacturing,SmartInvoiceInc,"100 Commerce Blvd, Dallas, TX 75201",6,48703.12,7.0,3409.22,808751.45,2021-04-28,1,0.1
INV-2022-0019,2021-01-01,1,2021-01-02,Net 1,1,USD,V027,Delta Security Inc,"6290 Trade Center Dr, Dallas, TX 78866",billing@delta-security.com,PW-6118922,Retail,SmartInvoiceInc,"100 Commerce Blvd, Dallas, TX 75201",1,45260.04,9.0,4073.4,359212.5,2021-01-02,0,0.1
INV-2023-0024,2021-01-01,1,2021-04-01,Net 90,90,USD,V063,Bright Capital Inc,"1050 Commerce Blvd, Los Angeles, OH 69201",billing@bright-capital.com,JE-8583354,Manufacturing,SmartInvoiceInc,"100 Commerce Blvd, Dallas, TX 75201",1,20819.54,7.5,1561.47,1.0,2021-04-01,0,0.1
INV-2024-0216,2021-10-23,10,2021-10-24,Net 1,1,USD,V081,Acme Consulting Group,"5719 Enterprise Ave, New York, IL 96925",billing@acme-consulting.com,WP-5241361,Manufacturing,SmartInvoiceInc,"100 Commerce Blvd, Dallas, TX 75201",1,40956.61,8.25,3378.92,1800112.04,2021-11-29,1,0.1
INV-2024-0089,2021-01-01,1,2021-01-02,Net 1,1,USD,V028,Pioneer Systems LLC,"5163 Business Pkwy, Chicago, IL 39703",billing@pioneer-systems.com,ZD-7655623,Manufacturing,SmartInvoiceInc,"100 Commerce Blvd, Dallas, TX 75201",50,43599.08,8.5,3705.92,251188.04,2021-01-16,1,0.1
INV-2024-0072,2025-12-31,12,2026-01-01,Net 1,1,USD,V074,Summit Systems LLC,"5688 Commerce Blvd, Miami, TX 56163",billing@summit-systems.com,IQ-3412149,Retail,SmartInvoiceInc,"100 Commerce Blvd, Dallas, TX 75201",50,43596.38,8.25,3596.7,123110.77,2026-01-01,0,0.1
INV-2023-0067,2025-12-31,12,2026-01-01,Net 1,1,USD,V067,Horizon Parts Group,"7883 Industrial Dr, Atlanta, TX 66942",billing@horizon-parts.com,HK-3792427,Retail,SmartInvoiceInc,"100 Commerce Blvd, Dallas, TX 75201",1,34843.38,8.0,2787.47,1.0,2026-02-12,1,0.1
INV-2023-0258,2025-12-31,12,2026-01-01,Net 1,1,USD,V021,Swift Ventures LLC,"9509 Enterprise Ave, San Francisco, OH 36962",billing@swift-ventures.com,HP-7243669,Retail,SmartInvoiceInc,"100 Commerce Blvd, Dallas, TX 75201",1,38127.97,8.0,3050.24,1.0,2026-01-01,0,0.1
INV-2024-0276,2021-01-01,1,2021-04-01,Net 90,90,USD,V025,Acme Supplies Group,"7676 Innovation Rd, Dallas, OH 77641",billing@acme-supplies.com,LM-5848287,Healthcare,SmartInvoiceInc,"100 Commerce Blvd, Dallas, TX 75201",50,20681.93,7.0,1447.74,405635.13,2021-05-07,1,0.1
INV-2023-0249,2025-12-31,12,2026-02-17,Net 48,48,USD,V030,Delta Solutions Group,"2879 Tech Park Way, New York, CA 66178",billing@delta-solutions.com,EO-6187480,Manufacturing,SmartInvoiceInc,"100 Commerce Blvd, Dallas, TX 75201",50,35009.6,8.25,2888.29,1327282.45,2026-03-18,1,0.1
INV-2022-0102,2021-06-05,6,2021-06-06,Net 1,1,USD,V100,Swift Capital Corp,"2767 Industrial Dr, Austin, IL 12983",billing@swift-capital.com,ZW-2841648,Retail,SmartInvoiceInc,"100 Commerce Blvd, Dallas, TX 75201",50,44836.65,8.0,3586.93,1.0,2021-06-25,1,0.1
INV-2024-0138,2021-01-01,1,2021-04-01,Net 90,90,USD,V038,Horizon Freight Corp,"1431 Trade Center Dr, New York, TX 52318",billing@horizon-freight.com,WJ-2296516,Healthcare,SmartInvoiceInc,"100 Commerce Blvd, Dallas, TX 75201",1,33783.0,6.25,2111.44,269496.05,2021-05-03,1,0.1
INV-2024-0077,2021-01-01,1,2021-04-01,Net 90,90,USD,V004,Metro Medical Inc,"7905 Business Pkwy, Atlanta, WA 66556",billing@metro-medical.com,UA-8474447,Healthcare,SmartInvoiceInc,"100 Commerce Blvd, Dallas, TX 75201",1,2742.08,9.0,246.79,1.0,2021-04-01,0,0.1
INV-2023-0177,2025-12-31,12,2026-03-31,Net 90,90,USD,V037,Delta Logistics Co,"4773 Tech Park Way, Miami, OH 75215",billing@delta-logistics.com,BF-1317537,Manufacturing,SmartInvoiceInc,"100 Commerce Blvd, Dallas, TX 75201",1,13896.88,7.0,972.78,779947.48,2026-04-09,1,0.1
INV-2022-0201,2021-01-01,1,2021-01-02,Net 1,1,USD,V095,Pacific Supplies Group,"2422 Enterprise Ave, Dallas, TX 59481",billing@pacific-supplies.com,YW-8599600,Retail,SmartInvoiceInc,"100 Commerce Blvd, Dallas, TX 75201",1,48875.36,8.5,4154.41,1240585.67,2021-02-06,1,0.1
INV-2024-0004,2025-12-31,12,2026-01-04,Net 4,4,USD,V057,Pioneer Consulting Inc,"1704 Industrial Dr, San Francisco, WA 80792",billing@pioneer-consulting.com,BL-2384418,Services,SmartInvoiceInc,"100 Commerce Blvd, Dallas, TX 75201",1,49266.14,7.0,3448.63,1.0,2026-01-14,1,0.1
INV-2022-0188,2021-06-24,6,2021-09-22,Net 90,90,USD,V002,Vanguard Supplies Group,"6899 Industrial Dr, Seattle, NY 96672",billing@vanguard-supplies.com,XS-7319707,Manufacturing,SmartInvoiceInc,"100 Commerce Blvd, Dallas, TX 75201",9,25285.19,8.5,2149.24,393746.7,2021-10-23,1,0.1
INV-2022-0075,2021-01-01,1,2021-01-02,Net 1,1,USD,V088,Sterling Tech Group,"1722 Enterprise Ave, Seattle, OH 71396",billing@sterling-tech.com,YF-8369434,Manufacturing,SmartInvoiceInc,"100 Commerce Blvd, Dallas, TX 75201",50,28031.44,8.0,2242.52,49826.59,2021-01-02,0,0.1
INV-2024-0100,2021-01-01,1,2021-01-02,Net 1,1,USD,V050,Alpha Logistics Inc,"1560 Business Pkwy, San Francisco, OH 11605",billing@alpha-logistics.com,WP-3255363,Services,SmartInvoiceInc,"100 Commerce Blvd, Dallas, TX 75201",33,44550.71,8.0,3564.06,242968.21,2021-01-30,1,0.1
INV-2024-0181,2025-12-31,12,2026-03-31,Net 90,90,USD,V053,Pinnacle Labs LLC,"946 Innovation Rd, Seattle, NY 98236",billing@pinnacle-labs.com,LE-1064323,Services,SmartInvoiceInc,"100 Commerce Blvd, Dallas, TX 75201",50,13024.8,8.0,1041.98,1.0,2026-04-26,1,0.1
INV-2024-0191,2025-12-31,12,2026-01-01,Net 1,1,USD,V075,Titan Energy Co,"6804 Corporate Ln, Dallas, GA 12482",billing@titan-energy.com,XS-8433533,Healthcare,SmartInvoiceInc,"100 Commerce Blvd, Dallas, TX 75201",50,33855.03,8.25,2793.04,57181.1,2026-01-04,1,0.1
INV-2024-0084,2025-12-31,12,2026-01-01,Net 1,1,USD,V027,Delta Security Inc,"6290 Trade Center Dr, Dallas, TX 78866",billing@delta-security.com,PW-6118922,Retail,SmartInvoiceInc,"100 Commerce Blvd, Dallas, TX 75201",50,38408.54,7.0,2688.6,1.0,2026-01-01,0,0.1
INV-2024-0177,2025-12-31,12,2026-03-31,Net 90,90,USD,V030,Delta Solutions Group,"2879 Tech Park Way, New York, CA 66178",billing@delta-solutions.com,EO-6187480,Manufacturing,SmartInvoiceInc,"100 Commerce Blvd, Dallas, TX 75201",50,7598.07,8.25,626.84,1.0,2026-03-31,0,0.1
INV-2024-0157,2023-12-03,12,2024-02-15,Net 74,74,USD,V042,Summit Capital Co,"5685 Venture Blvd, New York, IL 49749",billing@summit-capital.com,AE-3245131,Manufacturing,SmartInvoiceInc,"100 Commerce Blvd, Dallas, TX 75201",1,31453.84,6.25,1965.87,1.0,2024-02-15,0,0.1
INV-2024-0236,2025-12-31,12,2026-01-01,Net 1,1,USD,V047,Elite Energy Inc,"6329 Venture Blvd, Atlanta, TX 13596",billing@elite-energy.com,TY-1467010,Technology,SmartInvoiceInc,"100 Commerce Blvd, Dallas, TX 75201",1,11010.53,6.25,688.16,424363.25,2026-01-01,0,0.1
INV-2022-0061,2025-05-08,5,2025-05-09,Net 1,1,USD,V027,Delta Security Inc,"6290 Trade Center Dr, Dallas, TX 78866",billing@delta-security.com,PW-6118922,Retail,SmartInvoiceInc,"100 Commerce Blvd, Dallas, TX 75201",50,17395.27,7.0,1217.67,441885.17,2025-05-09,0,0.1
INV-2022-0222,2021-08-14,8,2021-11-12,Net 90,90,USD,V012,Beacon Tech LLC,"517 Tech Park Way, Atlanta, GA 13267",billing@beacon-tech.com,ZU-3922097,Healthcare,SmartInvoiceInc,"100 Commerce Blvd, Dallas, TX 75201",11,23534.18,6.25,1470.89,1.0,2021-11-12,0,0.1
INV-2024-0068,2021-01-01,1,2021-01-02,Net 1,1,USD,V098,Titan Supplies Co,"3257 Venture Blvd, Miami, IL 34070",billing@titan-supplies.com,IS-9593223,Manufacturing,SmartInvoiceInc,"100 Commerce Blvd, Dallas, TX 75201",50,24394.32,7.0,1707.6,491048.59,2021-01-02,0,0.1
INV-2023-0065,2021-01-01,1,2021-04-01,Net 90,90,USD,V036,Delta Partners Corp,"4463 Commerce Blvd, New York, IL 34285",billing@delta-partners.com,YQ-6165679,Healthcare,SmartInvoiceInc,"100 Commerce Blvd, Dallas, TX 75201",22,33359.31,8.5,2835.54,60694.6,2021-04-01,0,0.1
INV-2023-0189,2025-12-31,12,2026-01-01,Net 1,1,USD,V015,Prime Parts Group,"3540 Corporate Ln, Miami, CO 78450",billing@prime-parts.com,IQ-6781565,Retail,SmartInvoiceInc,"100 Commerce Blvd, Dallas, TX 75201",50,29055.62,8.25,2397.09,2015581.79,2026-01-22,1,0.1
INV-2023-0212,2021-01-01,1,2021-01-02,Net 1,1,USD,V010,Prime Cloud Group,"8102 Commerce Blvd, Dallas, WA 79449",billing@prime-cloud.com,KL-3248988,Healthcare,SmartInvoiceInc,"100 Commerce Blvd, Dallas, TX 75201",50,42071.11,8.5,3576.04,1.0,2021-01-02,0,0.1
INV-2022-0012,2021-01-01,1,2021-04-01,Net 90,90,USD,V058,Alpha Parts Inc,"5515 Business Pkwy, Chicago, CO 68596",billing@alpha-parts.com,NC-1873172,Healthcare,SmartInvoiceInc,"100 Commerce Blvd, Dallas, TX 75201",50,35878.58,8.0,2870.29,674082.9,2021-04-01,0,0.1
INV-2022-0199,2025-12-31,12,2026-01-01,Net 1,1,USD,V080,Vanguard Legal Group,"3154 Innovation Rd, Houston, NY 44911",billing@vanguard-legal.com,XN-8021855,Services,SmartInvoiceInc,"100 Commerce Blvd, Dallas, TX 75201",50,30471.32,6.25,1904.46,1.0,2026-01-01,0,0.1
INV-2024-0193,2025-12-31,12,2026-03-31,Net 90,90,USD,V020,Titan Systems LLC,"2639 Commerce Blvd, New York, GA 31677",billing@titan-systems.com,MH-7646705,Services,SmartInvoiceInc,"100 Commerce Blvd, Dallas, TX 75201",50,15143.29,8.25,1249.32,513677.12,2026-04-05,1,0.1
INV-2024-0042,2023-05-02,5,2023-07-31,Net 90,90,USD,V068,Nexus Energy Group,"3976 Innovation Rd, Seattle, TX 75310",billing@nexus-energy.com,ZI-9887324,Technology,SmartInvoiceInc,"100 Commerce Blvd, Dallas, TX 75201",50,6824.85,9.0,614.24,1.0,2023-08-06,1,0.1
INV-2022-0041,2025-12-31,12,2026-01-01,Net 1,1,USD,V012,Beacon Tech LLC,"517 Tech Park Way, Atlanta, GA 13267",billing@beacon-tech.com,ZU-3922097,Healthcare,SmartInvoiceInc,"100 Commerce Blvd, Dallas, TX 75201",1,33420.27,8.5,2840.72,1.0,2026-02-02,1,0.1
INV-2024-0158,2025-12-31,12,2026-03-31,Net 90,90,USD,V015,Prime Parts Group,"3540 Corporate Ln, Miami, CO 78450",billing@prime-parts.com,IQ-6781565,Retail,SmartInvoiceInc,"100 Commerce Blvd, Dallas, TX 75201",50,41660.16,9.0,3749.41,1164802.33,2026-03-31,0,0.1
INV-2022-0237,2025-12-31,12,2026-01-01,Net 1,1,USD,V005,Apex Logistics Co,"7104 Corporate Ln, Austin, AZ 77215",billing@apex-logistics.com,SE-9744220,Retail,SmartInvoiceInc,"100 Commerce Blvd, Dallas, TX 75201",1,32422.69,7.5,2431.7,1.0,2026-02-13,1,0.1
INV-2023-0102,2021-01-01,1,2021-03-03,Net 61,61,USD,V097,Beacon Logistics LLC,"5487 Venture Blvd, Atlanta, AZ 37935",billing@beacon-logistics.com,JP-4813270,Manufacturing,SmartInvoiceInc,"100 Commerce Blvd, Dallas, TX 75201",39,18151.51,7.5,1361.36,1.0,2021-03-26,1,0.1
INV-2022-0255,2025-05-20,5,2025-05-21,Net 1,1,USD,V032,Pacific Logistics Inc,"7549 Trade Center Dr, New York, TX 56540",billing@pacific-logistics.com,AB-8153768,Services,SmartInvoiceInc,"100 Commerce Blvd, Dallas, TX 75201",50,47902.77,7.5,3592.71,323740.47,2025-05-21,0,0.1
INV-2024-0116,2025-12-31,12,2026-03-31,Net 90,90,USD,V029,Nexus Freight Group,"639 Enterprise Ave, Atlanta, FL 30159",billing@nexus-freight.com,VQ-5010912,Healthcare,SmartInvoiceInc,"100 Commerce Blvd, Dallas, TX 75201",50,30553.2,8.0,2444.26,1.0,2026-04-08,1,0.1
INV-2023-0051,2022-05-04,5,2022-05-05,Net 1,1,USD,V001,Metro Legal Co,"5791 Enterprise Ave, Miami, FL 64021",billing@metro-legal.com,MT-6143901,Services,SmartInvoiceInc,"100 Commerce Blvd, Dallas, TX 75201",50,5283.92,7.5,396.29,1.0,2022-05-05,0,0.1
INV-2024-0218,2021-01-01,1,2021-01-02,Net 1,1,USD,V054,Swift Medical Group,"324 Market St, Dallas, TX 88477",billing@swift-medical.com,FE-9671370,Retail,SmartInvoiceInc,"100 Commerce Blvd, Dallas, TX 75201",1,26827.65,7.0,1877.94,52348.12,2021-01-22,1,0.1
INV-2022-0022,2025-12-31,12,2026-01-01,Net 1,1,USD,V046,Titan Freight Co,"3445 Venture Blvd, New York, NY 44674",billing@titan-freight.com,OY-3319049,Technology,SmartInvoiceInc,"100 Commerce Blvd, Dallas, TX 75201",50,16341.35,8.25,1348.16,1.0,2026-01-01,0,0.1
INV-2023-0036,2025-01-02,1,2025-04-02,Net 90,90,USD,V081,Acme Consulting Group,"5719 Enterprise Ave, New York, IL 96925",billing@acme-consulting.com,WP-5241361,Manufacturing,SmartInvoiceInc,"100 Commerce Blvd, Dallas, TX 75201",50,34268.49,8.25,2827.15,1.0,2025-04-02,0,0.1
INV-2023-0183,2025-07-07,7,2025-07-08,Net 1,1,USD,V033,Nexus Tech Inc,"504 Corporate Ln, New York, TX 70100",billing@nexus-tech.com,EF-4196340,Healthcare,SmartInvoiceInc,"100 Commerce Blvd, Dallas, TX 75201",1,33497.55,8.0,2679.8,317136.63,2025-07-08,0,0.1
INV-2024-0231,2023-04-19,4,2023-04-20,Net 1,1,USD,V020,Titan Systems LLC,"2639 Commerce Blvd, New York, GA 31677",billing@titan-systems.com,MH-7646705,Services,SmartInvoiceInc,"100 Commerce Blvd, Dallas, TX 75201",1,43706.54,8.5,3715.06,450455.44,2023-04-20,0,0.1
INV-2022-0229,2021-01-01,1,2021-01-02,Net 1,1,USD,V091,Pioneer Logistics Co,"8440 Innovation Rd, Los Angeles, TX 34762",billing@pioneer-logistics.com,GH-1378165,Manufacturing,SmartInvoiceInc,"100 Commerce Blvd, Dallas, TX 75201",1,9738.68,8.0,779.09,1.0,2021-01-02,0,0.1
INV-2023-0027,2024-03-24,3,2024-06-22,Net 90,90,USD,V092,Pinnacle Capital Co,"7579 Commerce Blvd, Seattle, FL 84478",billing@pinnacle-capital.com,TS-6703394,Retail,SmartInvoiceInc,"100 Commerce Blvd, Dallas, TX 75201",1,31046.74,8.5,2638.97,1.0,2024-06-30,1,0.1
INV-2024-0050,2025-12-31,12,2026-03-31,Net 90,90,USD,V072,Elite Supplies LLC,"8170 Industrial Dr, Houston, TX 16783",billing@elite-supplies.com,KL-1996530,Technology,SmartInvoiceInc,"100 Commerce Blvd, Dallas, TX 75201",1,14471.99,9.0,1302.48,71141.44,2026-03-31,0,0.1
INV-2023-0251,2021-01-01,1,2021-01-02,Net 1,1,USD,V028,Pioneer Systems LLC,"5163 Business Pkwy, Chicago, IL 39703",billing@pioneer-systems.com,ZD-7655623,Manufacturing,SmartInvoiceInc,"100 Commerce Blvd, Dallas, TX 75201",1,32769.09,9.0,2949.22,349923.87,2021-01-02,0,0.1
INV-2022-0044,2023-03-23,3,2023-03-24,Net 1,1,USD,V079,Alpha Partners Inc,"6054 Innovation Rd, Miami, WA 66373",billing@alpha-partners.com,YO-4185714,Technology,SmartInvoiceInc,"100 Commerce Blvd, Dallas, TX 75201",1,2880.57,7.0,201.64,55509.98,2023-03-24,0,0.1
INV-2022-0220,2021-01-01,1,2021-01-02,Net 1,1,USD,V038,Horizon Freight Corp,"1431 Trade Center Dr, New York, TX 52318",billing@horizon-freight.com,WJ-2296516,Healthcare,SmartInvoiceInc,"100 Commerce Blvd, Dallas, TX 75201",1,13953.43,8.5,1186.04,29058.92,2021-02-09,1,0.1
INV-2024-0046,2021-01-01,1,2021-01-02,Net 1,1,USD,V042,Summit Capital Co,"5685 Venture Blvd, New York, IL 49749",billing@summit-capital.com,AE-3245131,Manufacturing,SmartInvoiceInc,"100 Commerce Blvd, Dallas, TX 75201",1,48863.07,7.5,3664.73,911923.16,2021-01-09,1,0.1
INV-2022-0099,2025-10-02,10,2025-10-03,Net 1,1,USD,V011,Acme Legal Group,"5826 Industrial Dr, Austin, CA 37350",billing@acme-legal.com,QZ-5833177,Manufacturing,SmartInvoiceInc,"100 Commerce Blvd, Dallas, TX 75201",1,9901.84,7.0,693.13,336816.2,2025-10-03,0,0.1
INV-2023-0081,2025-12-31,12,2026-01-01,Net 1,1,USD,V012,Beacon Tech LLC,"517 Tech Park Way, Atlanta, GA 13267",billing@beacon-tech.com,ZU-3922097,Healthcare,SmartInvoiceInc,"100 Commerce Blvd, Dallas, TX 75201",50,45611.29,8.5,3876.96,1.0,2026-01-01,0,0.1
INV-2024-0045,2025-12-31,12,2026-03-31,Net 90,90,USD,V080,Vanguard Legal Group,"3154 Innovation Rd, Houston, NY 44911",billing@vanguard-legal.com,XN-8021855,Services,SmartInvoiceInc,"100 Commerce Blvd, Dallas, TX 75201",1,38443.1,8.5,3267.66,1.0,2026-04-04,1,0.1
INV-2024-0179,2021-01-01,1,2021-04-01,Net 90,90,USD,V075,Titan Energy Co,"6804 Corporate Ln, Dallas, GA 12482",billing@titan-energy.com,XS-8433533,Healthcare,SmartInvoiceInc,"100 Commerce Blvd, Dallas, TX 75201",1,33967.2,7.0,2377.7,1.0,2021-05-12,1,0.1
INV-2024-0221,2025-12-31,12,2026-01-01,Net 1,1,USD,V087,Bright Energy LLC,"5575 Trade Center Dr, New York, CA 49952",billing@bright-energy.com,EY-6888997,Manufacturing,SmartInvoiceInc,"100 Commerce Blvd, Dallas, TX 75201",1,29434.88,9.0,2649.14,1.0,2026-01-26,1,0.1
INV-2023-0001,2025-12-31,12,2026-01-01,Net 1,1,USD,V054,Swift Medical Group,"324 Market St, Dallas, TX 88477",billing@swift-medical.com,FE-9671370,Retail,SmartInvoiceInc,"100 Commerce Blvd, Dallas, TX 75201",50,4297.78,8.5,365.31,323069.68,2026-01-31,1,0.1
INV-2023-0099,2025-12-31,12,2026-01-01,Net 1,1,USD,V092,Pinnacle Capital Co,"7579 Commerce Blvd, Seattle, FL 84478",billing@pinnacle-capital.com,TS-6703394,Retail,SmartInvoiceInc,"100 Commerce Blvd, Dallas, TX 75201",1,22861.1,8.5,1943.19,1.0,2026-01-01,0,0.1
INV-2024-0018,2025-12-31,12,2026-03-31,Net 90,90,USD,V045,Apex Freight Co,"6909 Innovation Rd, Austin, GA 15122",billing@apex-freight.com,OW-4708654,Retail,SmartInvoiceInc,"100 Commerce Blvd, Dallas, TX 75201",50,44222.04,7.5,3316.65,1.0,2026-05-08,1,0.1
INV-2022-0189,2021-03-26,3,2021-06-24,Net 90,90,USD,V064,Swift Labs Inc,"6128 Market St, Chicago, FL 50631",billing@swift-labs.com,OH-7356228,Healthcare,SmartInvoiceInc,"100 Commerce Blvd, Dallas, TX 75201",50,36659.38,6.25,2291.21,158761.91,2021-06-24,0,0.1
INV-2022-0078,2025-12-31,12,2026-01-01,Net 1,1,USD,V041,Titan Tech Group,"8572 Tech Park Way, Austin, CA 38732",billing@titan-tech.com,ZS-8757202,Healthcare,SmartInvoiceInc,"100 Commerce Blvd, Dallas, TX 75201",1,13492.29,8.25,1113.11,1.0,2026-01-28,1,0.1
INV-2023-0214,2021-01-01,1,2021-04-01,Net 90,90,USD,V052,Pinnacle Tech Corp,"8295 Business Pkwy, New York, TX 94471",billing@pinnacle-tech.com,FS-3357821,Technology,SmartInvoiceInc,"100 Commerce Blvd, Dallas, TX 75201",1,8545.63,8.0,683.65,1.0,2021-04-18,1,0.1
INV-2022-0003,2025-12-31,12,2026-03-31,Net 90,90,USD,V004,Metro Medical Inc,"7905 Business Pkwy, Atlanta, WA 66556",billing@metro-medical.com,UA-8474447,Healthcare,SmartInvoiceInc,"100 Commerce Blvd, Dallas, TX 75201",50,27842.12,8.5,2366.58,106758.39,2026-05-05,1,0.1
INV-2023-0168,2021-01-01,1,2021-01-02,Net 1,1,USD,V008,Apex Security LLC,"9923 Commerce Blvd, Chicago, IL 26364",billing@apex-security.com,DP-2100567,Manufacturing,SmartInvoiceInc,"100 Commerce Blvd, Dallas, TX 75201",1,15125.66,8.0,1210.05,392332.6,2021-01-29,1,0.1
INV-2023-0200,2021-01-01,1,2021-01-02,Net 1,1,USD,V032,Pacific Logistics Inc,"7549 Trade Center Dr, New York, TX 56540",billing@pacific-logistics.com,AB-8153768,Services,SmartInvoiceInc,"100 Commerce Blvd, Dallas, TX 75201",50,9018.26,8.25,744.01,37911.85,2021-02-02,1,0.1
INV-2022-0065,2021-04-21,4,2021-07-20,Net 90,90,USD,V004,Metro Medical Inc,"7905 Business Pkwy, Atlanta, WA 66556",billing@metro-medical.com,UA-8474447,Healthcare,SmartInvoiceInc,"100 Commerce Blvd, Dallas, TX 75201",1,26421.34,8.5,2245.81,15573.35,2021-07-20,0,0.1
INV-2022-0243,2021-01-01,1,2021-02-17,Net 47,47,USD,V039,Elite Labs Group,"237 Innovation Rd, Dallas, AZ 29963",billing@elite-labs.com,TX-2849396,Manufacturing,SmartInvoiceInc,"100 Commerce Blvd, Dallas, TX 75201",50,10438.16,8.5,887.24,1.0,2021-04-02,1,0.1
INV-2024-0259,2023-10-11,10,2024-01-09,Net 90,90,USD,V012,Beacon Tech LLC,"517 Tech Park Way, Atlanta, GA 13267",billing@beacon-tech.com,ZU-3922097,Healthcare,SmartInvoiceInc,"100 Commerce Blvd, Dallas, TX 75201",50,39281.74,8.25,3240.74,863120.27,2024-01-10,1,0.1
INV-2024-0130,2021-01-01,1,2021-01-02,Net 1,1,USD,V058,Alpha Parts Inc,"5515 Business Pkwy, Chicago, CO 68596",billing@alpha-parts.com,NC-1873172,Healthcare,SmartInvoiceInc,"100 Commerce Blvd, Dallas, TX 75201",1,20009.73,8.0,1600.78,1.0,2021-01-24,1,0.1
INV-2022-0116,2021-10-31,10,2022-01-29,Net 90,90,USD,V019,Pioneer Marketing Co,"5261 Venture Blvd, Miami, AZ 19348",billing@pioneer-marketing.com,CW-3276360,Manufacturing,SmartInvoiceInc,"100 Commerce Blvd, Dallas, TX 75201",50,29241.94,8.25,2412.46,1.0,2022-03-12,1,0.1
INV-2024-0175,2021-04-10,4,2021-07-09,Net 90,90,USD,V033,Nexus Tech Inc,"504 Corporate Ln, New York, TX 70100",billing@nexus-tech.com,EF-4196340,Healthcare,SmartInvoiceInc,"100 Commerce Blvd, Dallas, TX 75201",13,39403.3,8.5,3349.28,48527.25,2021-07-18,1,0.1
INV-2022-0212,2021-01-01,1,2021-01-02,Net 1,1,USD,V021,Swift Ventures LLC,"9509 Enterprise Ave, San Francisco, OH 36962",billing@swift-ventures.com,HP-7243669,Retail,SmartInvoiceInc,"100 Commerce Blvd, Dallas, TX 75201",1,28561.19,8.25,2356.3,141221.23,2021-01-02,0,0.1
INV-2023-0058,2021-06-04,6,2021-09-02,Net 90,90,USD,V052,Pinnacle Tech Corp,"8295 Business Pkwy, New York, TX 94471",billing@pinnacle-tech.com,FS-3357821,Technology,SmartInvoiceInc,"100 Commerce Blvd, Dallas, TX 75201",50,3200.99,7.5,240.07,1.0,2021-09-20,1,0.1
INV-2022-0194,2025-12-31,12,2026-01-01,Net 1,1,USD,V038,Horizon Freight Corp,"1431 Trade Center Dr, New York, TX 52318",billing@horizon-freight.com,WJ-2296516,Healthcare,SmartInvoiceInc,"100 Commerce Blvd, Dallas, TX 75201",50,41850.94,9.0,3766.58,1.0,2026-01-01,0,0.1
INV-2024-0166,2025-12-31,12,2026-01-01,Net 1,1,USD,V068,Nexus Energy Group,"3976 Innovation Rd, Seattle, TX 75310",billing@nexus-energy.com,ZI-9887324,Technology,SmartInvoiceInc,"100 Commerce Blvd, Dallas, TX 75201",50,13591.35,7.0,951.39,1.0,2026-01-01,0,0.1
INV-2022-0032,2025-12-31,12,2026-01-01,Net 1,1,USD,V022,Acme Capital Inc,"8802 Corporate Ln, Atlanta, FL 45909",billing@acme-capital.com,SL-9415398,Services,SmartInvoiceInc,"100 Commerce Blvd, Dallas, TX 75201",50,46801.22,7.0,3276.09,40552.69,2026-01-01,0,0.1
INV-2023-0142,2021-01-01,1,2021-04-01,Net 90,90,USD,V057,Pioneer Consulting Inc,"1704 Industrial Dr, San Francisco, WA 80792",billing@pioneer-consulting.com,BL-2384418,Services,SmartInvoiceInc,"100 Commerce Blvd, Dallas, TX 75201",1,43381.48,9.0,3904.33,1.0,2021-04-29,1,0.1
INV-2024-0117,2025-12-31,12,2026-03-31,Net 90,90,USD,V051,Summit Cloud Inc,"8534 Innovation Rd, San Francisco, FL 19111",billing@summit-cloud.com,FB-8643603,Retail,SmartInvoiceInc,"100 Commerce Blvd, Dallas, TX 75201",1,28794.58,8.25,2375.55,275969.62,2026-03-31,0,0.1
INV-2022-0100,2025-12-31,12,2026-01-01,Net 1,1,USD,V069,Titan Security Corp,"1892 Enterprise Ave, San Francisco, AZ 11645",billing@titan-security.com,DV-7671318,Technology,SmartInvoiceInc,"100 Commerce Blvd, Dallas, TX 75201",50,38302.77,7.5,2872.71,608624.69,2026-02-09,1,0.1
INV-2024-0113,2022-02-01,2,2022-05-02,Net 90,90,USD,V015,Prime Parts Group,"3540 Corporate Ln, Miami, CO 78450",billing@prime-parts.com,IQ-6781565,Retail,SmartInvoiceInc,"100 Commerce Blvd, Dallas, TX 75201",50,7576.56,7.0,530.36,104373.36,2022-05-17,1,0.1
INV-2023-0260,2025-12-31,12,2026-03-18,Net 77,77,USD,V035,Pioneer Parts Co,"816 Market St, Dallas, TX 55543",billing@pioneer-parts.com,BH-9896761,Manufacturing,SmartInvoiceInc,"100 Commerce Blvd, Dallas, TX 75201",1,20190.78,8.25,1665.74,449131.48,2026-03-18,0,0.1
INV-2024-0252,2021-01-01,1,2021-04-01,Net 90,90,USD,V067,Horizon Parts Group,"7883 Industrial Dr, Atlanta, TX 66942",billing@horizon-parts.com,HK-3792427,Retail,SmartInvoiceInc,"100 Commerce Blvd, Dallas, TX 75201",1,42037.76,8.0,3363.02,1.0,2021-04-01,0,0.1
INV-2023-0122,2021-01-01,1,2021-04-01,Net 90,90,USD,V051,Summit Cloud Inc,"8534 Innovation Rd, San Francisco, FL 19111",billing@summit-cloud.com,FB-8643603,Retail,SmartInvoiceInc,"100 Commerce Blvd, Dallas, TX 75201",1,4022.21,9.0,362.0,37624.98,2021-04-01,0,0.1
INV-2022-0009,2025-12-31,12,2026-03-31,Net 90,90,USD,V067,Horizon Parts Group,"7883 Industrial Dr, Atlanta, TX 66942",billing@horizon-parts.com,HK-3792427,Retail,SmartInvoiceInc,"100 Commerce Blvd, Dallas, TX 75201",50,28114.75,8.25,2319.47,104562.31,2026-04-07,1,0.1
INV-2024-0201,2021-01-01,1,2021-04-01,Net 90,90,USD,V015,Prime Parts Group,"3540 Corporate Ln, Miami, CO 78450",billing@prime-parts.com,IQ-6781565,Retail,SmartInvoiceInc,"100 Commerce Blvd, Dallas, TX 75201",15,41205.79,8.5,3502.49,257916.34,2021-04-01,0,0.1
INV-2023-0007,2023-10-13,10,2024-01-11,Net 90,90,USD,V044,Global Systems Inc,"1376 Market St, Chicago, OH 18717",billing@global-systems.com,ZW-1067661,Manufacturing,SmartInvoiceInc,"100 Commerce Blvd, Dallas, TX 75201",1,47325.56,8.5,4022.67,1.0,2024-02-05,1,0.1
INV-2023-0223,2025-12-31,12,2026-03-31,Net 90,90,USD,V050,Alpha Logistics Inc,"1560 Business Pkwy, San Francisco, OH 11605",billing@alpha-logistics.com,WP-3255363,Services,SmartInvoiceInc,"100 Commerce Blvd, Dallas, TX 75201",1,39925.98,8.5,3393.71,1.0,2026-03-31,0,0.1
INV-2023-0159,2021-01-01,1,2021-01-02,Net 1,1,USD,V041,Titan Tech Group,"8572 Tech Park Way, Austin, CA 38732",billing@titan-tech.com,ZS-8757202,Healthcare,SmartInvoiceInc,"100 Commerce Blvd, Dallas, TX 75201",1,34690.95,8.25,2862.0,320744.02,2021-01-02,0,0.1
INV-2022-0111,2021-01-01,1,2021-01-02,Net 1,1,USD,V018,Beacon Partners Group,"7292 Market St, San Francisco, FL 70566",billing@beacon-partners.com,PY-1787494,Healthcare,SmartInvoiceInc,"100 Commerce Blvd, Dallas, TX 75201",1,5011.46,8.0,400.92,1.0,2021-01-30,1,0.1
INV-2023-0255,2021-01-01,1,2021-02-18,Net 48,48,USD,V051,Summit Cloud Inc,"8534 Innovation Rd, San Francisco, FL 19111",billing@summit-cloud.com,FB-8643603,Retail,SmartInvoiceInc,"100 Commerce Blvd, Dallas, TX 75201",1,20977.09,8.0,1678.17,1.0,2021-02-18,0,0.1
INV-2024-0265,2021-01-01,1,2021-01-02,Net 1,1,USD,V068,Nexus Energy Group,"3976 Innovation Rd, Seattle, TX 75310",billing@nexus-energy.com,ZI-9887324,Technology,SmartInvoiceInc,"100 Commerce Blvd, Dallas, TX 75201",50,2550.69,7.0,178.55,748730.04,2021-01-02,0,0.1
INV-2024-0093,2025-08-05,8,2025-11-03,Net 90,90,USD,V080,Vanguard Legal Group,"3154 Innovation Rd, Houston, NY 44911",billing@vanguard-legal.com,XN-8021855,Services,SmartInvoiceInc,"100 Commerce Blvd, Dallas, TX 75201",1,6180.3,8.25,509.87,1.0,2025-11-28,1,0.1
INV-2022-0043,2025-12-31,12,2026-01-01,Net 1,1,USD,V020,Titan Systems LLC,"2639 Commerce Blvd, New York, GA 31677",billing@titan-systems.com,MH-7646705,Services,SmartInvoiceInc,"100 Commerce Blvd, Dallas, TX 75201",1,39976.95,7.0,2798.39,646866.15,2026-01-01,0,0.1
INV-2023-0211,2021-01-01,1,2021-04-01,Net 90,90,USD,V045,Apex Freight Co,"6909 Innovation Rd, Austin, GA 15122",billing@apex-freight.com,OW-4708654,Retail,SmartInvoiceInc,"100 Commerce Blvd, Dallas, TX 75201",50,46160.5,9.0,4154.44,1.0,2021-04-12,1,0.1
INV-2023-0127,2021-01-01,1,2021-01-02,Net 1,1,USD,V019,Pioneer Marketing Co,"5261 Venture Blvd, Miami, AZ 19348",billing@pioneer-marketing.com,CW-3276360,Manufacturing,SmartInvoiceInc,"100 Commerce Blvd, Dallas, TX 75201",14,12413.19,8.5,1055.12,1.0,2021-01-02,0,0.1
INV-2024-0271,2025-12-31,12,2026-01-01,Net 1,1,USD,V045,Apex Freight Co,"6909 Innovation Rd, Austin, GA 15122",billing@apex-freight.com,OW-4708654,Retail,SmartInvoiceInc,"100 Commerce Blvd, Dallas, TX 75201",1,31720.51,7.5,2379.04,1.0,2026-01-01,0,0.1
INV-2024-0092,2021-01-01,1,2021-04-01,Net 90,90,USD,V023,Titan Marketing LLC,"6077 Tech Park Way, Miami, NY 96188",billing@titan-marketing.com,MR-5984445,Manufacturing,SmartInvoiceInc,"100 Commerce Blvd, Dallas, TX 75201",50,17042.54,9.0,1533.83,622692.07,2021-05-04,1,0.1
INV-2022-0105,2021-01-01,1,2021-04-01,Net 90,90,USD,V019,Pioneer Marketing Co,"5261 Venture Blvd, Miami, AZ 19348",billing@pioneer-marketing.com,CW-3276360,Manufacturing,SmartInvoiceInc,"100 Commerce Blvd, Dallas, TX 75201",1,43387.95,6.25,2711.75,257360.71,2021-04-01,0,0.1
INV-2024-0135,2021-05-14,5,2021-05-15,Net 1,1,USD,V099,Pioneer Works Corp,"1600 Industrial Dr, Los Angeles, GA 29426",billing@pioneer-works.com,RJ-1066150,Technology,SmartInvoiceInc,"100 Commerce Blvd, Dallas, TX 75201",38,23252.41,8.5,1976.45,1.0,2021-05-15,0,0.1
INV-2024-0209,2025-12-31,12,2026-03-31,Net 90,90,USD,V087,Bright Energy LLC,"5575 Trade Center Dr, New York, CA 49952",billing@bright-energy.com,EY-6888997,Manufacturing,SmartInvoiceInc,"100 Commerce Blvd, Dallas, TX 75201",1,31823.73,7.5,2386.78,1.0,2026-04-08,1,0.1
INV-2022-0158,2021-01-01,1,2021-01-02,Net 1,1,USD,V055,Beacon Security Co,"2126 Tech Park Way, Dallas, OH 69383",billing@beacon-security.com,JE-4757974,Manufacturing,SmartInvoiceInc,"100 Commerce Blvd, Dallas, TX 75201",1,6814.72,6.25,425.92,44441.5,2021-01-25,1,0.1
INV-2023-0157,2021-01-01,1,2021-01-02,Net 1,1,USD,V064,Swift Labs Inc,"6128 Market St, Chicago, FL 50631",billing@swift-labs.com,OH-7356228,Healthcare,SmartInvoiceInc,"100 Commerce Blvd, Dallas, TX 75201",50,35185.91,8.5,2990.8,1.0,2021-01-02,0,0.1
INV-2023-0227,2021-01-01,1,2021-04-01,Net 90,90,USD,V018,Beacon Partners Group,"7292 Market St, San Francisco, FL 70566",billing@beacon-partners.com,PY-1787494,Healthcare,SmartInvoiceInc,"100 Commerce Blvd, Dallas, TX 75201",1,8492.16,6.25,530.76,1.0,2021-04-28,1,0.1
INV-2023-0087,2021-01-01,1,2021-01-02,Net 1,1,USD,V045,Apex Freight Co,"6909 Innovation Rd, Austin, GA 15122",billing@apex-freight.com,OW-4708654,Retail,SmartInvoiceInc,"100 Commerce Blvd, Dallas, TX 75201",1,3923.1,9.0,353.08,239612.87,2021-02-13,1,0.1
INV-2023-0220,2021-01-01,1,2021-04-01,Net 90,90,USD,V007,Pinnacle Legal LLC,"6765 Business Pkwy, San Francisco, FL 78385",billing@pinnacle-legal.com,TJ-4693305,Services,SmartInvoiceInc,"100 Commerce Blvd, Dallas, TX 75201",50,28412.7,8.5,2415.08,1.0,2021-05-16,1,0.1
INV-2023-0193,2025-12-31,12,2026-02-14,Net 45,45,USD,V057,Pioneer Consulting Inc,"1704 Industrial Dr, San Francisco, WA 80792",billing@pioneer-consulting.com,BL-2384418,Services,SmartInvoiceInc,"100 Commerce Blvd, Dallas, TX 75201",1,30700.34,8.25,2532.78,252920.56,2026-02-14,0,0.1
INV-2023-0205,2021-10-14,10,2022-01-12,Net 90,90,USD,V020,Titan Systems LLC,"2639 Commerce Blvd, New York, GA 31677",billing@titan-systems.com,MH-7646705,Services,SmartInvoiceInc,"100 Commerce Blvd, Dallas, TX 75201",50,34853.86,7.0,2439.77,1.0,2022-02-22,1,0.1
INV-2023-0208,2022-02-20,2,2022-05-15,Net 84,84,USD,V006,Apex Solutions Co,"2241 Market St, San Francisco, AZ 45247",billing@apex-solutions.com,UG-6698848,Healthcare,SmartInvoiceInc,"100 Commerce Blvd, Dallas, TX 75201",19,5019.79,7.5,376.48,1422704.94,2022-05-15,0,0.1
INV-2024-0062,2025-12-31,12,2026-03-31,Net 90,90,USD,V040,Elite Tech Co,"6369 Tech Park Way, Atlanta, GA 90719",billing@elite-tech.com,KV-2072647,Retail,SmartInvoiceInc,"100 Commerce Blvd, Dallas, TX 75201",1,3514.65,7.5,263.6,1.0,2026-03-31,0,0.1
INV-2023-0041,2025-12-31,12,2026-03-31,Net 90,90,USD,V088,Sterling Tech Group,"1722 Enterprise Ave, Seattle, OH 71396",billing@sterling-tech.com,YF-8369434,Manufacturing,SmartInvoiceInc,"100 Commerce Blvd, Dallas, TX 75201",1,44880.45,8.0,3590.44,971826.82,2026-05-13,1,0.1
INV-2024-0205,2025-08-19,8,2025-11-17,Net 90,90,USD,V098,Titan Supplies Co,"3257 Venture Blvd, Miami, IL 34070",billing@titan-supplies.com,IS-9593223,Manufacturing,SmartInvoiceInc,"100 Commerce Blvd, Dallas, TX 75201",50,30048.79,7.5,2253.66,1.0,2025-11-17,0,0.1
INV-2023-0202,2022-10-12,10,2022-10-13,Net 1,1,USD,V025,Acme Supplies Group,"7676 Innovation Rd, Dallas, OH 77641",billing@acme-supplies.com,LM-5848287,Healthcare,SmartInvoiceInc,"100 Commerce Blvd, Dallas, TX 75201",50,13159.31,7.0,921.15,1.0,2022-11-16,1,0.1
INV-2024-0183,2025-12-31,12,2026-03-14,Net 73,73,USD,V080,Vanguard Legal Group,"3154 Innovation Rd, Houston, NY 44911",billing@vanguard-legal.com,XN-8021855,Services,SmartInvoiceInc,"100 Commerce Blvd, Dallas, TX 75201",1,12719.42,7.0,890.36,1.0,2026-03-14,0,0.1
INV-2023-0169,2025-12-31,12,2026-03-31,Net 90,90,USD,V045,Apex Freight Co,"6909 Innovation Rd, Austin, GA 15122",billing@apex-freight.com,OW-4708654,Retail,SmartInvoiceInc,"100 Commerce Blvd, Dallas, TX 75201",4,30963.33,7.5,2322.25,1723254.52,2026-05-12,1,0.1
INV-2023-0106,2025-12-31,12,2026-03-31,Net 90,90,USD,V010,Prime Cloud Group,"8102 Commerce Blvd, Dallas, WA 79449",billing@prime-cloud.com,KL-3248988,Healthcare,SmartInvoiceInc,"100 Commerce Blvd, Dallas, TX 75201",48,29159.39,8.0,2332.75,182388.59,2026-05-01,1,0.1
INV-2023-0056,2021-01-01,1,2021-04-01,Net 90,90,USD,V015,Prime Parts Group,"3540 Corporate Ln, Miami, CO 78450",billing@prime-parts.com,IQ-6781565,Retail,SmartInvoiceInc,"100 Commerce Blvd, Dallas, TX 75201",50,33609.39,6.25,2100.59,593114.38,2021-04-18,1,0.1
INV-2024-0147,2025-12-31,12,2026-01-01,Net 1,1,USD,V016,Summit Freight Inc,"1465 Tech Park Way, Dallas, FL 26779",billing@summit-freight.com,IS-7197323,Technology,SmartInvoiceInc,"100 Commerce Blvd, Dallas, TX 75201",50,28091.55,8.25,2317.55,84448.96,2026-01-01,0,0.1
INV-2024-0030,2021-01-01,1,2021-01-02,Net 1,1,USD,V020,Titan Systems LLC,"2639 Commerce Blvd, New York, GA 31677",billing@titan-systems.com,MH-7646705,Services,SmartInvoiceInc,"100 Commerce Blvd, Dallas, TX 75201",1,44352.74,8.25,3659.1,137191.56,2021-01-02,0,0.1
INV-2022-0171,2021-01-01,1,2021-01-02,Net 1,1,USD,V042,Summit Capital Co,"5685 Venture Blvd, New York, IL 49749",billing@summit-capital.com,AE-3245131,Manufacturing,SmartInvoiceInc,"100 Commerce Blvd, Dallas, TX 75201",1,10815.78,6.25,675.99,1.0,2021-01-02,0,0.1
INV-2023-0198,2021-01-01,1,2021-04-01,Net 90,90,USD,V063,Bright Capital Inc,"1050 Commerce Blvd, Los Angeles, OH 69201",billing@bright-capital.com,JE-8583354,Manufacturing,SmartInvoiceInc,"100 Commerce Blvd, Dallas, TX 75201",1,7312.67,7.5,548.45,85166.36,2021-05-13,1,0.1
INV-2023-0073,2025-12-31,12,2026-03-31,Net 90,90,USD,V013,Summit Partners Corp,"512 Innovation Rd, Los Angeles, CO 70692",billing@summit-partners.com,YD-8122313,Healthcare,SmartInvoiceInc,"100 Commerce Blvd, Dallas, TX 75201",1,33907.21,7.0,2373.5,1.0,2026-03-31,0,0.1
INV-2024-0214,2025-02-23,2,2025-02-24,Net 1,1,USD,V073,Acme Systems Group,"3672 Innovation Rd, Dallas, TX 47148",billing@acme-systems.com,KV-6786265,Retail,SmartInvoiceInc,"100 Commerce Blvd, Dallas, TX 75201",1,15973.6,8.0,1277.89,840979.85,2025-04-05,1,0.1
INV-2023-0240,2025-12-31,12,2026-03-31,Net 90,90,USD,V064,Swift Labs Inc,"6128 Market St, Chicago, FL 50631",billing@swift-labs.com,OH-7356228,Healthcare,SmartInvoiceInc,"100 Commerce Blvd, Dallas, TX 75201",50,19010.38,8.25,1568.36,1.0,2026-03-31,0,0.1
INV-2022-0196,2021-01-01,1,2021-01-17,Net 16,16,USD,V089,Delta Energy Group,"6236 Enterprise Ave, Miami, AZ 69052",billing@delta-energy.com,QZ-9752084,Retail,SmartInvoiceInc,"100 Commerce Blvd, Dallas, TX 75201",50,16763.63,9.0,1508.73,357321.08,2021-01-19,1,0.1
INV-2023-0137,2021-01-01,1,2021-01-02,Net 1,1,USD,V025,Acme Supplies Group,"7676 Innovation Rd, Dallas, OH 77641",billing@acme-supplies.com,LM-5848287,Healthcare,SmartInvoiceInc,"100 Commerce Blvd, Dallas, TX 75201",1,31784.95,9.0,2860.65,263669.69,2021-02-06,1,0.1
INV-2022-0187,2025-12-31,12,2026-01-01,Net 1,1,USD,V082,Acme Labs Inc,"2298 Enterprise Ave, Austin, NY 23859",billing@acme-labs.com,RB-3008960,Healthcare,SmartInvoiceInc,"100 Commerce Blvd, Dallas, TX 75201",1,37388.13,7.5,2804.11,13953.4,2026-01-20,1,0.1
INV-2023-0185,2021-01-01,1,2021-04-01,Net 90,90,USD,V062,Vanguard Security LLC,"5667 Market St, Dallas, FL 35053",billing@vanguard-security.com,GD-7867100,Technology,SmartInvoiceInc,"100 Commerce Blvd, Dallas, TX 75201",1,18826.49,6.25,1176.66,909471.11,2021-04-01,0,0.1
INV-2024-0219,2025-12-31,12,2026-01-01,Net 1,1,USD,V035,Pioneer Parts Co,"816 Market St, Dallas, TX 55543",billing@pioneer-parts.com,BH-9896761,Manufacturing,SmartInvoiceInc,"100 Commerce Blvd, Dallas, TX 75201",1,9549.26,8.5,811.69,614268.73,2026-01-01,0,0.1
INV-2022-0033,2022-04-26,4,2022-04-27,Net 1,1,USD,V030,Delta Solutions Group,"2879 Tech Park Way, New York, CA 66178",billing@delta-solutions.com,EO-6187480,Manufacturing,SmartInvoiceInc,"100 Commerce Blvd, Dallas, TX 75201",1,3590.35,9.0,323.13,7058.22,2022-05-05,1,0.1
INV-2024-0011,2023-10-06,10,2023-10-07,Net 1,1,USD,V082,Acme Labs Inc,"2298 Enterprise Ave, Austin, NY 23859",billing@acme-labs.com,RB-3008960,Healthcare,SmartInvoiceInc,"100 Commerce Blvd, Dallas, TX 75201",50,40536.9,7.0,2837.58,1.0,2023-10-07,0,0.1
INV-2022-0246,2022-10-30,10,2022-10-31,Net 1,1,USD,V045,Apex Freight Co,"6909 Innovation Rd, Austin, GA 15122",billing@apex-freight.com,OW-4708654,Retail,SmartInvoiceInc,"100 Commerce Blvd, Dallas, TX 75201",29,42932.93,7.0,3005.31,1.0,2022-11-06,1,0.1
INV-2022-0054,2024-09-08,9,2024-09-09,Net 1,1,USD,V024,Nexus Marketing Group,"6719 Innovation Rd, Atlanta, GA 62224",billing@nexus-marketing.com,CM-6304509,Technology,SmartInvoiceInc,"100 Commerce Blvd, Dallas, TX 75201",50,34285.75,6.25,2142.86,1.0,2024-10-03,1,0.1
INV-2023-0201,2021-01-01,1,2021-01-02,Net 1,1,USD,V075,Titan Energy Co,"6804 Corporate Ln, Dallas, GA 12482",billing@titan-energy.com,XS-8433533,Healthcare,SmartInvoiceInc,"100 Commerce Blvd, Dallas, TX 75201",50,15649.33,8.0,1251.95,262191.0,2021-01-02,0,0.1
INV-2024-0279,2021-01-01,1,2021-01-02,Net 1,1,USD,V038,Horizon Freight Corp,"1431 Trade Center Dr, New York, TX 52318",billing@horizon-freight.com,WJ-2296516,Healthcare,SmartInvoiceInc,"100 Commerce Blvd, Dallas, TX 75201",1,22547.77,8.25,1860.19,1106329.63,2021-01-02,0,0.1
INV-2023-0046,2021-01-01,1,2021-04-01,Net 90,90,USD,V094,Pioneer Supplies Inc,"160 Innovation Rd, Seattle, CO 23350",billing@pioneer-supplies.com,CC-6787749,Manufacturing,SmartInvoiceInc,"100 Commerce Blvd, Dallas, TX 75201",50,43626.96,8.5,3708.29,1.0,2021-04-01,0,0.1
INV-2024-0215,2021-01-01,1,2021-04-01,Net 90,90,USD,V009,Nexus Cloud Inc,"9187 Market St, Chicago, CA 21938",billing@nexus-cloud.com,AA-2404330,Healthcare,SmartInvoiceInc,"100 Commerce Blvd, Dallas, TX 75201",50,30093.08,8.5,2557.91,443011.88,2021-04-04,1,0.1
INV-2023-0247,2021-01-01,1,2021-03-27,Net 85,85,USD,V007,Pinnacle Legal LLC,"6765 Business Pkwy, San Francisco, FL 78385",billing@pinnacle-legal.com,TJ-4693305,Services,SmartInvoiceInc,"100 Commerce Blvd, Dallas, TX 75201",29,24036.05,8.5,2043.06,1.0,2021-04-19,1,0.1
INV-2023-0143,2022-02-01,2,2022-05-02,Net 90,90,USD,V041,Titan Tech Group,"8572 Tech Park Way, Austin, CA 38732",billing@titan-tech.com,ZS-8757202,Healthcare,SmartInvoiceInc,"100 Commerce Blvd, Dallas, TX 75201",50,33993.91,6.25,2124.62,1.0,2022-06-07,1,0.1
INV-2024-0078,2021-01-01,1,2021-01-19,Net 18,18,USD,V037,Delta Logistics Co,"4773 Tech Park Way, Miami, OH 75215",billing@delta-logistics.com,BF-1317537,Manufacturing,SmartInvoiceInc,"100 Commerce Blvd, Dallas, TX 75201",1,23314.47,8.25,1923.44,401827.33,2021-01-19,0,0.1
INV-2024-0170,2025-12-31,12,2026-01-01,Net 1,1,USD,V003,Global Logistics LLC,"9032 Venture Blvd, San Francisco, GA 11150",billing@global-logistics.com,IL-7095929,Manufacturing,SmartInvoiceInc,"100 Commerce Blvd, Dallas, TX 75201",1,5717.37,8.0,457.39,1.0,2026-01-01,0,0.1
INV-2023-0117,2021-01-01,1,2021-04-01,Net 90,90,USD,V061,Prime Solutions Co,"3787 Innovation Rd, Austin, GA 77506",billing@prime-solutions.com,FF-4369538,Services,SmartInvoiceInc,"100 Commerce Blvd, Dallas, TX 75201",50,15559.97,8.0,1244.8,1.0,2021-04-15,1,0.1
INV-2023-0053,2025-12-31,12,2026-01-01,Net 1,1,USD,V079,Alpha Partners Inc,"6054 Innovation Rd, Miami, WA 66373",billing@alpha-partners.com,YO-4185714,Technology,SmartInvoiceInc,"100 Commerce Blvd, Dallas, TX 75201",50,17814.91,7.0,1247.04,1.0,2026-01-01,0,0.1
INV-2022-0118,2025-12-31,12,2026-03-31,Net 90,90,USD,V008,Apex Security LLC,"9923 Commerce Blvd, Chicago, IL 26364",billing@apex-security.com,DP-2100567,Manufacturing,SmartInvoiceInc,"100 Commerce Blvd, Dallas, TX 75201",1,31666.6,8.25,2612.49,354596.27,2026-04-24,1,0.1
INV-2022-0106,2025-12-31,12,2026-01-01,Net 1,1,USD,V096,Sterling Security Corp,"5995 Enterprise Ave, Dallas, GA 64756",billing@sterling-security.com,VP-7611653,Technology,SmartInvoiceInc,"100 Commerce Blvd, Dallas, TX 75201",50,27440.74,6.25,1715.05,1.0,2026-01-16,1,0.1
INV-2024-0035,2021-01-01,1,2021-01-02,Net 1,1,USD,V078,Beacon Legal LLC,"1581 Tech Park Way, Houston, TX 91974",billing@beacon-legal.com,RG-8449607,Technology,SmartInvoiceInc,"100 Commerce Blvd, Dallas, TX 75201",50,8789.26,9.0,791.03,1.0,2021-01-02,0,0.1
INV-2022-0052,2025-12-31,12,2026-03-31,Net 90,90,USD,V031,Titan Capital LLC,"2971 Industrial Dr, San Francisco, GA 11015",billing@titan-capital.com,AV-9416320,Manufacturing,SmartInvoiceInc,"100 Commerce Blvd, Dallas, TX 75201",1,3624.93,7.5,271.87,1.0,2026-04-17,1,0.1
INV-2024-0229,2025-12-31,12,2026-03-31,Net 90,90,USD,V078,Beacon Legal LLC,"1581 Tech Park Way, Houston, TX 91974",billing@beacon-legal.com,RG-8449607,Technology,SmartInvoiceInc,"100 Commerce Blvd, Dallas, TX 75201",50,21398.52,8.25,1765.38,527535.12,2026-03-31,0,0.1
INV-2023-0010,2021-01-01,1,2021-04-01,Net 90,90,USD,V016,Summit Freight Inc,"1465 Tech Park Way, Dallas, FL 26779",billing@summit-freight.com,IS-7197323,Technology,SmartInvoiceInc,"100 Commerce Blvd, Dallas, TX 75201",43,7299.41,7.0,510.96,125399.78,2021-04-05,1,0.1
INV-2022-0047,2023-11-10,11,2023-11-11,Net 1,1,USD,V085,Nexus Security Inc,"3286 Commerce Blvd, Atlanta, WA 70774",billing@nexus-security.com,IV-3245909,Services,SmartInvoiceInc,"100 Commerce Blvd, Dallas, TX 75201",1,37444.96,6.25,2340.31,31061.95,2023-11-11,0,0.1
INV-2022-0235,2021-06-08,6,2021-06-09,Net 1,1,USD,V069,Titan Security Corp,"1892 Enterprise Ave, San Francisco, AZ 11645",billing@titan-security.com,DV-7671318,Technology,SmartInvoiceInc,"100 Commerce Blvd, Dallas, TX 75201",50,581.37,7.5,43.6,1.0,2021-07-19,1,0.1
INV-2023-0263,2025-12-31,12,2026-01-01,Net 1,1,USD,V073,Acme Systems Group,"3672 Innovation Rd, Dallas, TX 47148",billing@acme-systems.com,KV-6786265,Retail,SmartInvoiceInc,"100 Commerce Blvd, Dallas, TX 75201",1,11371.93,6.25,710.75,470527.92,2026-01-01,0,0.1
INV-2024-0031,2021-01-01,1,2021-01-02,Net 1,1,USD,V086,Swift Consulting Group,"6909 Venture Blvd, Houston, GA 84532",billing@swift-consulting.com,KF-2014929,Healthcare,SmartInvoiceInc,"100 Commerce Blvd, Dallas, TX 75201",50,8806.82,8.5,748.58,1.0,2021-01-02,0,0.1
INV-2023-0181,2023-06-16,6,2023-09-14,Net 90,90,USD,V097,Beacon Logistics LLC,"5487 Venture Blvd, Atlanta, AZ 37935",billing@beacon-logistics.com,JP-4813270,Manufacturing,SmartInvoiceInc,"100 Commerce Blvd, Dallas, TX 75201",44,46475.99,6.25,2904.75,1593843.69,2023-09-14,0,0.1
INV-2022-0247,2025-12-31,12,2026-01-01,Net 1,1,USD,V004,Metro Medical Inc,"7905 Business Pkwy, Atlanta, WA 66556",billing@metro-medical.com,UA-8474447,Healthcare,SmartInvoiceInc,"100 Commerce Blvd, Dallas, TX 75201",1,4113.68,7.5,308.53,259117.7,2026-01-01,0,0.1
INV-2022-0084,2021-01-01,1,2021-02-19,Net 49,49,USD,V028,Pioneer Systems LLC,"5163 Business Pkwy, Chicago, IL 39703",billing@pioneer-systems.com,ZD-7655623,Manufacturing,SmartInvoiceInc,"100 Commerce Blvd, Dallas, TX 75201",45,37594.26,8.0,3007.54,6818.79,2021-02-19,0,0.1
INV-2023-0209,2025-12-31,12,2026-01-01,Net 1,1,USD,V080,Vanguard Legal Group,"3154 Innovation Rd, Houston, NY 44911",billing@vanguard-legal.com,XN-8021855,Services,SmartInvoiceInc,"100 Commerce Blvd, Dallas, TX 75201",1,9898.83,6.25,618.68,1.0,2026-01-01,0,0.1
INV-2023-0063,2025-12-31,12,2026-01-01,Net 1,1,USD,V018,Beacon Partners Group,"7292 Market St, San Francisco, FL 70566",billing@beacon-partners.com,PY-1787494,Healthcare,SmartInvoiceInc,"100 Commerce Blvd, Dallas, TX 75201",1,37085.03,7.5,2781.38,238887.86,2026-01-01,0,0.1
INV-2022-0184,2025-12-31,12,2026-01-01,Net 1,1,USD,V042,Summit Capital Co,"5685 Venture Blvd, New York, IL 49749",billing@summit-capital.com,AE-3245131,Manufacturing,SmartInvoiceInc,"100 Commerce Blvd, Dallas, TX 75201",1,38772.58,8.5,3295.67,1364871.32,2026-02-04,1,0.1
INV-2024-0233,2021-01-01,1,2021-01-02,Net 1,1,USD,V058,Alpha Parts Inc,"5515 Business Pkwy, Chicago, CO 68596",billing@alpha-parts.com,NC-1873172,Healthcare,SmartInvoiceInc,"100 Commerce Blvd, Dallas, TX 75201",50,40499.36,7.0,2834.96,197239.94,2021-01-02,0,0.1
INV-2022-0209,2021-01-01,1,2021-01-02,Net 1,1,USD,V040,Elite Tech Co,"6369 Tech Park Way, Atlanta, GA 90719",billing@elite-tech.com,KV-2072647,Retail,SmartInvoiceInc,"100 Commerce Blvd, Dallas, TX 75201",1,44381.88,6.25,2773.87,265666.07,2021-01-02,0,0.1
INV-2022-0139,2021-01-01,1,2021-04-01,Net 90,90,USD,V029,Nexus Freight Group,"639 Enterprise Ave, Atlanta, FL 30159",billing@nexus-freight.com,VQ-5010912,Healthcare,SmartInvoiceInc,"100 Commerce Blvd, Dallas, TX 75201",50,43008.69,9.0,3870.78,1.0,2021-04-07,1,0.1
INV-2023-0182,2025-12-31,12,2026-03-31,Net 90,90,USD,V020,Titan Systems LLC,"2639 Commerce Blvd, New York, GA 31677",billing@titan-systems.com,MH-7646705,Services,SmartInvoiceInc,"100 Commerce Blvd, Dallas, TX 75201",1,49598.52,8.5,4215.87,1.0,2026-04-24,1,0.1
INV-2023-0059,2025-12-31,12,2026-01-01,Net 1,1,USD,V047,Elite Energy Inc,"6329 Venture Blvd, Atlanta, TX 13596",billing@elite-energy.com,TY-1467010,Technology,SmartInvoiceInc,"100 Commerce Blvd, Dallas, TX 75201",1,21693.68,6.25,1355.86,79974.68,2026-01-01,0,0.1
INV-2023-0215,2021-01-01,1,2021-01-02,Net 1,1,USD,V099,Pioneer Works Corp,"1600 Industrial Dr, Los Angeles, GA 29426",billing@pioneer-works.com,RJ-1066150,Technology,SmartInvoiceInc,"100 Commerce Blvd, Dallas, TX 75201",50,45312.3,8.25,3738.26,64193.39,2021-01-02,0,0.1
INV-2023-0194,2025-12-31,12,2026-01-01,Net 1,1,USD,V042,Summit Capital Co,"5685 Venture Blvd, New York, IL 49749",billing@summit-capital.com,AE-3245131,Manufacturing,SmartInvoiceInc,"100 Commerce Blvd, Dallas, TX 75201",1,47693.44,7.0,3338.54,504355.58,2026-01-18,1,0.1
INV-2022-0046,2024-01-22,1,2024-04-21,Net 90,90,USD,V038,Horizon Freight Corp,"1431 Trade Center Dr, New York, TX 52318",billing@horizon-freight.com,WJ-2296516,Healthcare,SmartInvoiceInc,"100 Commerce Blvd, Dallas, TX 75201",50,39266.49,8.5,3337.65,1.0,2024-04-21,0,0.1
INV-2024-0132,2025-12-31,12,2026-03-31,Net 90,90,USD,V019,Pioneer Marketing Co,"5261 Venture Blvd, Miami, AZ 19348",billing@pioneer-marketing.com,CW-3276360,Manufacturing,SmartInvoiceInc,"100 Commerce Blvd, Dallas, TX 75201",1,1527.52,7.0,106.93,468993.81,2026-04-21,1,0.1
INV-2024-0244,2021-01-01,1,2021-01-02,Net 1,1,USD,V093,Delta Labs Corp,"7201 Industrial Dr, Atlanta, AZ 11524",billing@delta-labs.com,II-7984720,Technology,SmartInvoiceInc,"100 Commerce Blvd, Dallas, TX 75201",50,9007.89,6.25,562.99,417287.52,2021-01-18,1,0.1
INV-2023-0204,2025-12-31,12,2026-01-01,Net 1,1,USD,V061,Prime Solutions Co,"3787 Innovation Rd, Austin, GA 77506",billing@prime-solutions.com,FF-4369538,Services,SmartInvoiceInc,"100 Commerce Blvd, Dallas, TX 75201",1,11008.14,8.0,880.65,249976.8,2026-01-01,0,0.1
INV-2024-0196,2025-12-31,12,2026-03-31,Net 90,90,USD,V074,Summit Systems LLC,"5688 Commerce Blvd, Miami, TX 56163",billing@summit-systems.com,IQ-3412149,Retail,SmartInvoiceInc,"100 Commerce Blvd, Dallas, TX 75201",50,1211.87,7.5,90.89,265195.6,2026-03-31,0,0.1
INV-2023-0113,2022-07-31,7,2022-10-29,Net 90,90,USD,V044,Global Systems Inc,"1376 Market St, Chicago, OH 18717",billing@global-systems.com,ZW-1067661,Manufacturing,SmartInvoiceInc,"100 Commerce Blvd, Dallas, TX 75201",50,25433.57,7.0,1780.35,1.0,2022-11-02,1,0.1
INV-2022-0154,2025-12-31,12,2026-03-31,Net 90,90,USD,V078,Beacon Legal LLC,"1581 Tech Park Way, Houston, TX 91974",billing@beacon-legal.com,RG-8449607,Technology,SmartInvoiceInc,"100 Commerce Blvd, Dallas, TX 75201",1,8414.05,7.5,631.05,1.0,2026-03-31,0,0.1
INV-2022-0240,2021-11-16,11,2022-02-14,Net 90,90,USD,V050,Alpha Logistics Inc,"1560 Business Pkwy, San Francisco, OH 11605",billing@alpha-logistics.com,WP-3255363,Services,SmartInvoiceInc,"100 Commerce Blvd, Dallas, TX 75201",1,25415.58,8.5,2160.32,1.0,2022-02-14,0,0.1
INV-2023-0188,2025-12-31,12,2026-03-31,Net 90,90,USD,V084,Bright Medical LLC,"7183 Tech Park Way, Los Angeles, AZ 27771",billing@bright-medical.com,XQ-6499593,Services,SmartInvoiceInc,"100 Commerce Blvd, Dallas, TX 75201",20,27578.74,8.5,2344.19,1.0,2026-03-31,0,0.1
INV-2023-0192,2025-12-31,12,2026-03-31,Net 90,90,USD,V006,Apex Solutions Co,"2241 Market St, San Francisco, AZ 45247",billing@apex-solutions.com,UG-6698848,Healthcare,SmartInvoiceInc,"100 Commerce Blvd, Dallas, TX 75201",50,2470.67,7.0,172.95,1.0,2026-04-15,1,0.1
INV-2022-0256,2021-01-01,1,2021-01-02,Net 1,1,USD,V044,Global Systems Inc,"1376 Market St, Chicago, OH 18717",billing@global-systems.com,ZW-1067661,Manufacturing,SmartInvoiceInc,"100 Commerce Blvd, Dallas, TX 75201",1,2633.46,8.25,217.26,372107.67,2021-01-02,0,0.1
INV-2022-0218,2021-01-01,1,2021-04-01,Net 90,90,USD,V091,Pioneer Logistics Co,"8440 Innovation Rd, Los Angeles, TX 34762",billing@pioneer-logistics.com,GH-1378165,Manufacturing,SmartInvoiceInc,"100 Commerce Blvd, Dallas, TX 75201",50,7489.35,9.0,674.04,2182443.61,2021-04-01,0,0.1
INV-2022-0182,2025-12-31,12,2026-01-01,Net 1,1,USD,V080,Vanguard Legal Group,"3154 Innovation Rd, Houston, NY 44911",billing@vanguard-legal.com,XN-8021855,Services,SmartInvoiceInc,"100 Commerce Blvd, Dallas, TX 75201",50,19390.02,8.5,1648.15,351670.92,2026-01-01,0,0.1
INV-2022-0107,2021-01-01,1,2021-01-02,Net 1,1,USD,V035,Pioneer Parts Co,"816 Market St, Dallas, TX 55543",billing@pioneer-parts.com,BH-9896761,Manufacturing,SmartInvoiceInc,"100 Commerce Blvd, Dallas, TX 75201",1,10004.8,7.0,700.34,1.0,2021-01-02,0,0.1
INV-2023-0034,2025-12-31,12,2026-03-31,Net 90,90,USD,V041,Titan Tech Group,"8572 Tech Park Way, Austin, CA 38732",billing@titan-tech.com,ZS-8757202,Healthcare,SmartInvoiceInc,"100 Commerce Blvd, Dallas, TX 75201",50,44429.71,9.0,3998.67,422904.08,2026-03-31,0,0.1
INV-2024-0195,2025-12-31,12,2026-03-31,Net 90,90,USD,V007,Pinnacle Legal LLC,"6765 Business Pkwy, San Francisco, FL 78385",billing@pinnacle-legal.com,TJ-4693305,Services,SmartInvoiceInc,"100 Commerce Blvd, Dallas, TX 75201",1,28312.26,8.0,2264.98,1.0,2026-03-31,0,0.1
INV-2023-0069,2025-12-31,12,2026-01-01,Net 1,1,USD,V010,Prime Cloud Group,"8102 Commerce Blvd, Dallas, WA 79449",billing@prime-cloud.com,KL-3248988,Healthcare,SmartInvoiceInc,"100 Commerce Blvd, Dallas, TX 75201",1,34596.12,8.25,2854.18,1.0,2026-01-01,0,0.1
INV-2024-0056,2025-12-31,12,2026-01-01,Net 1,1,USD,V081,Acme Consulting Group,"5719 Enterprise Ave, New York, IL 96925",billing@acme-consulting.com,WP-5241361,Manufacturing,SmartInvoiceInc,"100 Commerce Blvd, Dallas, TX 75201",23,48403.27,9.0,4356.29,59041.32,2026-01-13,1,0.1
INV-2024-0226,2025-01-07,1,2025-01-08,Net 1,1,USD,V056,Global Works Group,"7141 Innovation Rd, Houston, FL 18512",billing@global-works.com,EI-9112074,Services,SmartInvoiceInc,"100 Commerce Blvd, Dallas, TX 75201",1,26541.08,8.5,2255.99,635548.56,2025-01-08,0,0.1
INV-2024-0043,2021-01-01,1,2021-01-02,Net 1,1,USD,V081,Acme Consulting Group,"5719 Enterprise Ave, New York, IL 96925",billing@acme-consulting.com,WP-5241361,Manufacturing,SmartInvoiceInc,"100 Commerce Blvd, Dallas, TX 75201",1,23829.76,7.0,1668.08,368762.92,2021-02-07,1,0.1
INV-2023-0076,2025-12-31,12,2026-03-31,Net 90,90,USD,V071,Pinnacle Supplies Inc,"8493 Market St, Atlanta, IL 23224",billing@pinnacle-supplies.com,CT-2017433,Services,SmartInvoiceInc,"100 Commerce Blvd, Dallas, TX 75201",1,10367.6,8.0,829.41,1.0,2026-04-26,1,0.1
INV-2024-0007,2021-01-01,1,2021-04-01,Net 90,90,USD,V097,Beacon Logistics LLC,"5487 Venture Blvd, Atlanta, AZ 37935",billing@beacon-logistics.com,JP-4813270,Manufacturing,SmartInvoiceInc,"100 Commerce Blvd, Dallas, TX 75201",50,36401.71,7.5,2730.13,338733.09,2021-05-12,1,0.1
INV-2023-0107,2025-12-31,12,2026-03-31,Net 90,90,USD,V045,Apex Freight Co,"6909 Innovation Rd, Austin, GA 15122",billing@apex-freight.com,OW-4708654,Retail,SmartInvoiceInc,"100 Commerce Blvd, Dallas, TX 75201",49,10749.33,6.25,671.83,495419.54,2026-05-07,1,0.1
INV-2023-0085,2021-01-01,1,2021-04-01,Net 90,90,USD,V057,Pioneer Consulting Inc,"1704 Industrial Dr, San Francisco, WA 80792",billing@pioneer-consulting.com,BL-2384418,Services,SmartInvoiceInc,"100 Commerce Blvd, Dallas, TX 75201",1,17470.53,6.25,1091.91,102708.02,2021-05-01,1,0.1
INV-2022-0081,2025-12-31,12,2026-03-31,Net 90,90,USD,V040,Elite Tech Co,"6369 Tech Park Way, Atlanta, GA 90719",billing@elite-tech.com,KV-2072647,Retail,SmartInvoiceInc,"100 Commerce Blvd, Dallas, TX 75201",10,12390.86,7.0,867.36,1.0,2026-03-31,0,0.1
INV-2024-0016,2023-02-26,2,2023-04-16,Net 49,49,USD,V024,Nexus Marketing Group,"6719 Innovation Rd, Atlanta, GA 62224",billing@nexus-marketing.com,CM-6304509,Technology,SmartInvoiceInc,"100 Commerce Blvd, Dallas, TX 75201",50,43892.38,7.0,3072.47,1.0,2023-05-23,1,0.1
INV-2022-0252,2021-01-01,1,2021-01-02,Net 1,1,USD,V045,Apex Freight Co,"6909 Innovation Rd, Austin, GA 15122",billing@apex-freight.com,OW-4708654,Retail,SmartInvoiceInc,"100 Commerce Blvd, Dallas, TX 75201",1,18918.07,6.25,1182.38,1.0,2021-01-06,1,0.1
INV-2022-0234,2025-12-31,12,2026-03-31,Net 90,90,USD,V082,Acme Labs Inc,"2298 Enterprise Ave, Austin, NY 23859",billing@acme-labs.com,RB-3008960,Healthcare,SmartInvoiceInc,"100 Commerce Blvd, Dallas, TX 75201",50,29364.83,9.0,2642.83,1.0,2026-03-31,0,0.1
INV-2024-0032,2025-10-12,10,2026-01-10,Net 90,90,USD,V009,Nexus Cloud Inc,"9187 Market St, Chicago, CA 21938",billing@nexus-cloud.com,AA-2404330,Healthcare,SmartInvoiceInc,"100 Commerce Blvd, Dallas, TX 75201",1,25210.35,8.0,2016.83,2141434.82,2026-01-29,1,0.1
INV-2024-0026,2025-12-31,12,2026-03-31,Net 90,90,USD,V090,Apex Medical LLC,"3729 Industrial Dr, New York, TX 29250",billing@apex-medical.com,UD-7247794,Manufacturing,SmartInvoiceInc,"100 Commerce Blvd, Dallas, TX 75201",1,48096.76,7.0,3366.77,161925.89,2026-03-31,0,0.1
INV-2024-0184,2025-12-31,12,2026-01-01,Net 1,1,USD,V003,Global Logistics LLC,"9032 Venture Blvd, San Francisco, GA 11150",billing@global-logistics.com,IL-7095929,Manufacturing,SmartInvoiceInc,"100 Commerce Blvd, Dallas, TX 75201",50,45522.65,6.25,2845.17,717466.03,2026-01-13,1,0.1
INV-2023-0062,2021-01-01,1,2021-01-02,Net 1,1,USD,V049,Global Freight Corp,"2572 Enterprise Ave, New York, FL 64553",billing@global-freight.com,BX-2314532,Technology,SmartInvoiceInc,"100 Commerce Blvd, Dallas, TX 75201",50,21967.87,9.0,1977.11,1424829.17,2021-01-02,0,0.1
INV-2024-0080,2021-01-01,1,2021-04-01,Net 90,90,USD,V072,Elite Supplies LLC,"8170 Industrial Dr, Houston, TX 16783",billing@elite-supplies.com,KL-1996530,Technology,SmartInvoiceInc,"100 Commerce Blvd, Dallas, TX 75201",1,47079.12,9.0,4237.12,865075.85,2021-04-01,0,0.1
INV-2022-0210,2021-01-01,1,2021-04-01,Net 90,90,USD,V100,Swift Capital Corp,"2767 Industrial Dr, Austin, IL 12983",billing@swift-capital.com,ZW-2841648,Retail,SmartInvoiceInc,"100 Commerce Blvd, Dallas, TX 75201",1,3037.54,7.0,212.63,1126376.8,2021-04-17,1,0.1
INV-2022-0170,2025-06-10,6,2025-06-11,Net 1,1,USD,V058,Alpha Parts Inc,"5515 Business Pkwy, Chicago, CO 68596",billing@alpha-parts.com,NC-1873172,Healthcare,SmartInvoiceInc,"100 Commerce Blvd, Dallas, TX 75201",50,18170.63,8.0,1453.65,698434.52,2025-07-22,1,0.1
INV-2023-0035,2025-12-31,12,2026-03-31,Net 90,90,USD,V078,Beacon Legal LLC,"1581 Tech Park Way, Houston, TX 91974",billing@beacon-legal.com,RG-8449607,Technology,SmartInvoiceInc,"100 Commerce Blvd, Dallas, TX 75201",48,14949.6,7.0,1046.47,1.0,2026-04-20,1,0.1
INV-2022-0103,2025-12-31,12,2026-01-01,Net 1,1,USD,V063,Bright Capital Inc,"1050 Commerce Blvd, Los Angeles, OH 69201",billing@bright-capital.com,JE-8583354,Manufacturing,SmartInvoiceInc,"100 Commerce Blvd, Dallas, TX 75201",50,26802.16,7.0,1876.15,1.0,2026-01-01,0,0.1
INV-2022-0236,2021-01-01,1,2021-04-01,Net 90,90,USD,V014,Swift Parts Inc,"3067 Tech Park Way, Dallas, NY 95999",billing@swift-parts.com,DR-1070640,Healthcare,SmartInvoiceInc,"100 Commerce Blvd, Dallas, TX 75201",50,44948.78,8.0,3595.9,1.0,2021-04-15,1,0.1
INV-2022-0161,2025-12-31,12,2026-01-01,Net 1,1,USD,V088,Sterling Tech Group,"1722 Enterprise Ave, Seattle, OH 71396",billing@sterling-tech.com,YF-8369434,Manufacturing,SmartInvoiceInc,"100 Commerce Blvd, Dallas, TX 75201",1,33503.21,8.25,2764.01,364479.24,2026-02-06,1,0.1
INV-2023-0094,2025-12-31,12,2026-01-14,Net 14,14,USD,V040,Elite Tech Co,"6369 Tech Park Way, Atlanta, GA 90719",billing@elite-tech.com,KV-2072647,Retail,SmartInvoiceInc,"100 Commerce Blvd, Dallas, TX 75201",1,48875.55,9.0,4398.8,1.0,2026-01-31,1,0.1
INV-2022-0013,2021-01-01,1,2021-04-01,Net 90,90,USD,V048,Pacific Tech Co,"9461 Market St, New York, CA 22910",billing@pacific-tech.com,HH-9469872,Retail,SmartInvoiceInc,"100 Commerce Blvd, Dallas, TX 75201",1,8080.65,7.5,606.05,1.0,2021-04-01,0,0.1
INV-2023-0144,2023-03-16,3,2023-06-14,Net 90,90,USD,V055,Beacon Security Co,"2126 Tech Park Way, Dallas, OH 69383",billing@beacon-security.com,JE-4757974,Manufacturing,SmartInvoiceInc,"100 Commerce Blvd, Dallas, TX 75201",50,38602.46,8.0,3088.2,1.0,2023-06-14,0,0.1
INV-2022-0040,2021-01-01,1,2021-01-02,Net 1,1,USD,V083,Metro Freight Group,"3694 Venture Blvd, Houston, NY 86918",billing@metro-freight.com,LT-7193956,Technology,SmartInvoiceInc,"100 Commerce Blvd, Dallas, TX 75201",1,32599.0,8.5,2770.91,1.0,2021-01-02,0,0.1
INV-2023-0222,2025-12-31,12,2026-01-01,Net 1,1,USD,V100,Swift Capital Corp,"2767 Industrial Dr, Austin, IL 12983",billing@swift-capital.com,ZW-2841648,Retail,SmartInvoiceInc,"100 Commerce Blvd, Dallas, TX 75201",1,16728.22,7.5,1254.62,274731.05,2026-01-01,0,0.1
INV-2023-0174,2021-01-01,1,2021-02-28,Net 58,58,USD,V051,Summit Cloud Inc,"8534 Innovation Rd, San Francisco, FL 19111",billing@summit-cloud.com,FB-8643603,Retail,SmartInvoiceInc,"100 Commerce Blvd, Dallas, TX 75201",50,27997.12,7.5,2099.78,135108.75,2021-02-28,0,0.1
INV-2022-0098,2025-12-31,12,2026-01-01,Net 1,1,USD,V027,Delta Security Inc,"6290 Trade Center Dr, Dallas, TX 78866",billing@delta-security.com,PW-6118922,Retail,SmartInvoiceInc,"100 Commerce Blvd, Dallas, TX 75201",1,4671.09,9.0,420.4,1052114.04,2026-01-01,0,0.1
INV-2024-0277,2025-07-14,7,2025-07-15,Net 1,1,USD,V011,Acme Legal Group,"5826 Industrial Dr, Austin, CA 37350",billing@acme-legal.com,QZ-5833177,Manufacturing,SmartInvoiceInc,"100 Commerce Blvd, Dallas, TX 75201",1,8692.24,9.0,782.3,842198.25,2025-07-15,0,0.1
INV-2024-0238,2025-12-31,12,2026-01-01,Net 1,1,USD,V009,Nexus Cloud Inc,"9187 Market St, Chicago, CA 21938",billing@nexus-cloud.com,AA-2404330,Healthcare,SmartInvoiceInc,"100 Commerce Blvd, Dallas, TX 75201",1,10226.1,6.25,639.13,1.0,2026-01-01,0,0.1
INV-2024-0163,2025-12-31,12,2026-01-07,Net 7,7,USD,V072,Elite Supplies LLC,"8170 Industrial Dr, Houston, TX 16783",billing@elite-supplies.com,KL-1996530,Technology,SmartInvoiceInc,"100 Commerce Blvd, Dallas, TX 75201",1,35364.6,7.0,2475.52,1.0,2026-01-07,0,0.1
INV-2022-0055,2024-08-25,8,2024-11-23,Net 90,90,USD,V035,Pioneer Parts Co,"816 Market St, Dallas, TX 55543",billing@pioneer-parts.com,BH-9896761,Manufacturing,SmartInvoiceInc,"100 Commerce Blvd, Dallas, TX 75201",50,13621.52,7.0,953.51,31927.02,2024-11-23,0,0.1
INV-2023-0028,2025-03-11,3,2025-03-12,Net 1,1,USD,V034,Summit Ventures Co,"4909 Venture Blvd, Austin, TX 66397",billing@summit-ventures.com,IN-7195200,Services,SmartInvoiceInc,"100 Commerce Blvd, Dallas, TX 75201",1,36441.2,6.25,2277.57,1.0,2025-03-12,0,0.1
INV-2023-0155,2021-01-01,1,2021-04-01,Net 90,90,USD,V095,Pacific Supplies Group,"2422 Enterprise Ave, Dallas, TX 59481",billing@pacific-supplies.com,YW-8599600,Retail,SmartInvoiceInc,"100 Commerce Blvd, Dallas, TX 75201",1,28438.62,8.0,2275.09,1.0,2021-05-05,1,0.1
INV-2024-0094,2025-12-31,12,2026-03-31,Net 90,90,USD,V085,Nexus Security Inc,"3286 Commerce Blvd, Atlanta, WA 70774",billing@nexus-security.com,IV-3245909,Services,SmartInvoiceInc,"100 Commerce Blvd, Dallas, TX 75201",1,29342.96,7.5,2200.72,605416.32,2026-03-31,0,0.1
INV-2022-0095,2025-12-31,12,2026-01-01,Net 1,1,USD,V081,Acme Consulting Group,"5719 Enterprise Ave, New York, IL 96925",billing@acme-consulting.com,WP-5241361,Manufacturing,SmartInvoiceInc,"100 Commerce Blvd, Dallas, TX 75201",1,9597.34,8.25,791.78,203246.7,2026-01-01,0,0.1
INV-2024-0150,2025-12-31,12,2026-03-31,Net 90,90,USD,V063,Bright Capital Inc,"1050 Commerce Blvd, Los Angeles, OH 69201",billing@bright-capital.com,JE-8583354,Manufacturing,SmartInvoiceInc,"100 Commerce Blvd, Dallas, TX 75201",1,24744.4,7.0,1732.11,431086.59,2026-05-06,1,0.1
INV-2022-0174,2021-01-01,1,2021-04-01,Net 90,90,USD,V010,Prime Cloud Group,"8102 Commerce Blvd, Dallas, WA 79449",billing@prime-cloud.com,KL-3248988,Healthcare,SmartInvoiceInc,"100 Commerce Blvd, Dallas, TX 75201",8,13245.21,8.0,1059.62,1.0,2021-04-13,1,0.1
INV-2024-0051,2021-01-01,1,2021-01-17,Net 16,16,USD,V014,Swift Parts Inc,"3067 Tech Park Way, Dallas, NY 95999",billing@swift-parts.com,DR-1070640,Healthcare,SmartInvoiceInc,"100 Commerce Blvd, Dallas, TX 75201",50,14199.33,8.25,1171.44,45801.12,2021-02-16,1,0.1
INV-2022-0166,2021-01-01,1,2021-01-02,Net 1,1,USD,V039,Elite Labs Group,"237 Innovation Rd, Dallas, AZ 29963",billing@elite-labs.com,TX-2849396,Manufacturing,SmartInvoiceInc,"100 Commerce Blvd, Dallas, TX 75201",50,14750.04,7.0,1032.5,69826.69,2021-01-02,0,0.1
INV-2024-0073,2021-01-01,1,2021-04-01,Net 90,90,USD,V061,Prime Solutions Co,"3787 Innovation Rd, Austin, GA 77506",billing@prime-solutions.com,FF-4369538,Services,SmartInvoiceInc,"100 Commerce Blvd, Dallas, TX 75201",50,42684.51,8.5,3628.18,1.0,2021-04-18,1,0.1
INV-2022-0119,2025-11-14,11,2025-11-15,Net 1,1,USD,V051,Summit Cloud Inc,"8534 Innovation Rd, San Francisco, FL 19111",billing@summit-cloud.com,FB-8643603,Retail,SmartInvoiceInc,"100 Commerce Blvd, Dallas, TX 75201",1,24508.39,7.0,1715.59,1.0,2025-11-15,0,0.1
INV-2022-0071,2025-12-31,12,2026-03-31,Net 90,90,USD,V021,Swift Ventures LLC,"9509 Enterprise Ave, San Francisco, OH 36962",billing@swift-ventures.com,HP-7243669,Retail,SmartInvoiceInc,"100 Commerce Blvd, Dallas, TX 75201",1,30902.22,8.5,2626.69,1074305.26,2026-03-31,0,0.1
INV-2024-0079,2022-04-28,4,2022-07-27,Net 90,90,USD,V033,Nexus Tech Inc,"504 Corporate Ln, New York, TX 70100",billing@nexus-tech.com,EF-4196340,Healthcare,SmartInvoiceInc,"100 Commerce Blvd, Dallas, TX 75201",1,4207.34,6.25,262.96,1.0,2022-07-27,0,0.1
INV-2022-0230,2025-12-31,12,2026-03-31,Net 90,90,USD,V076,Bright Cloud Inc,"4624 Innovation Rd, Austin, CA 43536",billing@bright-cloud.com,NS-1703662,Manufacturing,SmartInvoiceInc,"100 Commerce Blvd, Dallas, TX 75201",34,10150.43,8.5,862.79,1818327.81,2026-03-31,0,0.1
INV-2024-0074,2021-01-01,1,2021-04-01,Net 90,90,USD,V042,Summit Capital Co,"5685 Venture Blvd, New York, IL 49749",billing@summit-capital.com,AE-3245131,Manufacturing,SmartInvoiceInc,"100 Commerce Blvd, Dallas, TX 75201",50,29051.99,7.5,2178.9,1.0,2021-04-01,0,0.1
INV-2022-0155,2021-01-01,1,2021-01-02,Net 1,1,USD,V057,Pioneer Consulting Inc,"1704 Industrial Dr, San Francisco, WA 80792",billing@pioneer-consulting.com,BL-2384418,Services,SmartInvoiceInc,"100 Commerce Blvd, Dallas, TX 75201",1,41791.12,8.25,3447.77,226180.46,2021-01-02,0,0.1
INV-2023-0011,2021-01-01,1,2021-01-02,Net 1,1,USD,V071,Pinnacle Supplies Inc,"8493 Market St, Atlanta, IL 23224",billing@pinnacle-supplies.com,CT-2017433,Services,SmartInvoiceInc,"100 Commerce Blvd, Dallas, TX 75201",50,42277.68,7.0,2959.44,1.0,2021-02-08,1,0.1
INV-2024-0123,2021-01-01,1,2021-01-02,Net 1,1,USD,V098,Titan Supplies Co,"3257 Venture Blvd, Miami, IL 34070",billing@titan-supplies.com,IS-9593223,Manufacturing,SmartInvoiceInc,"100 Commerce Blvd, Dallas, TX 75201",1,43109.55,8.25,3556.54,318333.44,2021-01-02,0,0.1
INV-2023-0088,2021-01-01,1,2021-04-01,Net 90,90,USD,V088,Sterling Tech Group,"1722 Enterprise Ave, Seattle, OH 71396",billing@sterling-tech.com,YF-8369434,Manufacturing,SmartInvoiceInc,"100 Commerce Blvd, Dallas, TX 75201",1,11952.2,9.0,1075.7,85156.92,2021-04-01,0,0.1
INV-2024-0126,2021-01-01,1,2021-04-01,Net 90,90,USD,V011,Acme Legal Group,"5826 Industrial Dr, Austin, CA 37350",billing@acme-legal.com,QZ-5833177,Manufacturing,SmartInvoiceInc,"100 Commerce Blvd, Dallas, TX 75201",1,26073.07,8.25,2151.03,1.0,2021-04-01,0,0.1
INV-2024-0251,2021-01-01,1,2021-04-01,Net 90,90,USD,V068,Nexus Energy Group,"3976 Innovation Rd, Seattle, TX 75310",billing@nexus-energy.com,ZI-9887324,Technology,SmartInvoiceInc,"100 Commerce Blvd, Dallas, TX 75201",50,34416.14,8.5,2925.37,1.0,2021-04-24,1,0.1
INV-2023-0086,2021-01-01,1,2021-01-30,Net 29,29,USD,V054,Swift Medical Group,"324 Market St, Dallas, TX 88477",billing@swift-medical.com,FE-9671370,Retail,SmartInvoiceInc,"100 Commerce Blvd, Dallas, TX 75201",50,5234.21,7.0,366.39,917131.29,2021-02-07,1,0.1
INV-2024-0139,2021-01-01,1,2021-04-01,Net 90,90,USD,V018,Beacon Partners Group,"7292 Market St, San Francisco, FL 70566",billing@beacon-partners.com,PY-1787494,Healthcare,SmartInvoiceInc,"100 Commerce Blvd, Dallas, TX 75201",50,30712.97,8.5,2610.6,406248.1,2021-04-20,1,0.1
INV-2024-0212,2025-12-31,12,2026-01-01,Net 1,1,USD,V029,Nexus Freight Group,"639 Enterprise Ave, Atlanta, FL 30159",billing@nexus-freight.com,VQ-5010912,Healthcare,SmartInvoiceInc,"100 Commerce Blvd, Dallas, TX 75201",1,28181.3,7.0,1972.69,1.0,2026-01-01,0,0.1
INV-2024-0180,2021-01-01,1,2021-04-01,Net 90,90,USD,V002,Vanguard Supplies Group,"6899 Industrial Dr, Seattle, NY 96672",billing@vanguard-supplies.com,XS-7319707,Manufacturing,SmartInvoiceInc,"100 Commerce Blvd, Dallas, TX 75201",50,48202.42,8.25,3976.7,1.0,2021-04-01,0,0.1
INV-2023-0130,2021-01-01,1,2021-01-02,Net 1,1,USD,V076,Bright Cloud Inc,"4624 Innovation Rd, Austin, CA 43536",billing@bright-cloud.com,NS-1703662,Manufacturing,SmartInvoiceInc,"100 Commerce Blvd, Dallas, TX 75201",1,20007.46,7.0,1400.52,339715.3,2021-01-02,0,0.1
INV-2024-0245,2021-01-01,1,2021-01-02,Net 1,1,USD,V016,Summit Freight Inc,"1465 Tech Park Way, Dallas, FL 26779",billing@summit-freight.com,IS-7197323,Technology,SmartInvoiceInc,"100 Commerce Blvd, Dallas, TX 75201",50,37435.89,6.25,2339.74,1541828.16,2021-01-02,0,0.1
INV-2022-0091,2025-12-31,12,2026-01-01,Net 1,1,USD,V013,Summit Partners Corp,"512 Innovation Rd, Los Angeles, CO 70692",billing@summit-partners.com,YD-8122313,Healthcare,SmartInvoiceInc,"100 Commerce Blvd, Dallas, TX 75201",50,45012.82,8.25,3713.56,71857.56,2026-01-16,1,0.1
INV-2022-0068,2021-01-01,1,2021-01-02,Net 1,1,USD,V007,Pinnacle Legal LLC,"6765 Business Pkwy, San Francisco, FL 78385",billing@pinnacle-legal.com,TJ-4693305,Services,SmartInvoiceInc,"100 Commerce Blvd, Dallas, TX 75201",50,15397.83,8.0,1231.83,77291.01,2021-01-02,0,0.1
INV-2023-0131,2025-12-31,12,2026-01-01,Net 1,1,USD,V065,Delta Tech Group,"2991 Industrial Dr, Austin, NY 85683",billing@delta-tech.com,DZ-8726890,Services,SmartInvoiceInc,"100 Commerce Blvd, Dallas, TX 75201",9,34941.85,8.25,2882.7,1.0,2026-01-30,1,0.1
INV-2024-0086,2021-01-01,1,2021-04-01,Net 90,90,USD,V085,Nexus Security Inc,"3286 Commerce Blvd, Atlanta, WA 70774",billing@nexus-security.com,IV-3245909,Services,SmartInvoiceInc,"100 Commerce Blvd, Dallas, TX 75201",1,7823.94,7.5,586.8,713992.67,2021-04-01,0,0.1
INV-2024-0208,2021-01-01,1,2021-04-01,Net 90,90,USD,V077,Pioneer Data LLC,"6745 Commerce Blvd, Houston, OH 35522",billing@pioneer-data.com,DA-6517366,Services,SmartInvoiceInc,"100 Commerce Blvd, Dallas, TX 75201",50,17422.36,9.0,1568.01,1.0,2021-04-01,0,0.1
INV-2023-0060,2025-12-31,12,2026-01-01,Net 1,1,USD,V080,Vanguard Legal Group,"3154 Innovation Rd, Houston, NY 44911",billing@vanguard-legal.com,XN-8021855,Services,SmartInvoiceInc,"100 Commerce Blvd, Dallas, TX 75201",1,2204.35,8.0,176.35,1.0,2026-01-01,0,0.1
INV-2023-0019,2021-01-01,1,2021-01-02,Net 1,1,USD,V097,Beacon Logistics LLC,"5487 Venture Blvd, Atlanta, AZ 37935",billing@beacon-logistics.com,JP-4813270,Manufacturing,SmartInvoiceInc,"100 Commerce Blvd, Dallas, TX 75201",1,27148.97,8.5,2307.66,43227.1,2021-01-02,0,0.1
INV-2023-0217,2025-12-31,12,2026-03-31,Net 90,90,USD,V028,Pioneer Systems LLC,"5163 Business Pkwy, Chicago, IL 39703",billing@pioneer-systems.com,ZD-7655623,Manufacturing,SmartInvoiceInc,"100 Commerce Blvd, Dallas, TX 75201",1,7117.93,8.5,605.02,630128.04,2026-05-09,1,0.1
INV-2022-0042,2021-01-01,1,2021-04-01,Net 90,90,USD,V058,Alpha Parts Inc,"5515 Business Pkwy, Chicago, CO 68596",billing@alpha-parts.com,NC-1873172,Healthcare,SmartInvoiceInc,"100 Commerce Blvd, Dallas, TX 75201",1,46939.97,8.0,3755.2,679491.51,2021-04-01,0,0.1
INV-2022-0167,2025-12-31,12,2026-01-01,Net 1,1,USD,V071,Pinnacle Supplies Inc,"8493 Market St, Atlanta, IL 23224",billing@pinnacle-supplies.com,CT-2017433,Services,SmartInvoiceInc,"100 Commerce Blvd, Dallas, TX 75201",1,38383.16,7.5,2878.74,140770.26,2026-01-16,1,0.1
INV-2024-0272,2021-01-01,1,2021-01-02,Net 1,1,USD,V038,Horizon Freight Corp,"1431 Trade Center Dr, New York, TX 52318",billing@horizon-freight.com,WJ-2296516,Healthcare,SmartInvoiceInc,"100 Commerce Blvd, Dallas, TX 75201",1,20256.74,8.5,1721.82,1.0,2021-01-14,1,0.1
INV-2023-0210,2025-12-31,12,2026-03-31,Net 90,90,USD,V004,Metro Medical Inc,"7905 Business Pkwy, Atlanta, WA 66556",billing@metro-medical.com,UA-8474447,Healthcare,SmartInvoiceInc,"100 Commerce Blvd, Dallas, TX 75201",1,2826.13,8.0,226.09,1.0,2026-03-31,0,0.1
INV-2023-0079,2025-12-31,12,2026-01-01,Net 1,1,USD,V076,Bright Cloud Inc,"4624 Innovation Rd, Austin, CA 43536",billing@bright-cloud.com,NS-1703662,Manufacturing,SmartInvoiceInc,"100 Commerce Blvd, Dallas, TX 75201",50,31629.21,6.25,1976.83,2605748.8,2026-01-01,0,0.1
INV-2022-0185,2022-01-13,1,2022-04-13,Net 90,90,USD,V018,Beacon Partners Group,"7292 Market St, San Francisco, FL 70566",billing@beacon-partners.com,PY-1787494,Healthcare,SmartInvoiceInc,"100 Commerce Blvd, Dallas, TX 75201",1,27357.38,6.25,1709.84,1.0,2022-05-24,1,0.1
INV-2024-0225,2025-12-31,12,2026-03-31,Net 90,90,USD,V078,Beacon Legal LLC,"1581 Tech Park Way, Houston, TX 91974",billing@beacon-legal.com,RG-8449607,Technology,SmartInvoiceInc,"100 Commerce Blvd, Dallas, TX 75201",1,7100.55,7.0,497.04,937148.42,2026-03-31,0,0.1
INV-2024-0037,2021-01-01,1,2021-04-01,Net 90,90,USD,V042,Summit Capital Co,"5685 Venture Blvd, New York, IL 49749",billing@summit-capital.com,AE-3245131,Manufacturing,SmartInvoiceInc,"100 Commerce Blvd, Dallas, TX 75201",1,11904.14,7.0,833.29,1.0,2021-04-01,0,0.1
INV-2022-0239,2025-12-31,12,2026-02-04,Net 35,35,USD,V039,Elite Labs Group,"237 Innovation Rd, Dallas, AZ 29963",billing@elite-labs.com,TX-2849396,Manufacturing,SmartInvoiceInc,"100 Commerce Blvd, Dallas, TX 75201",1,20299.16,7.5,1522.44,1.0,2026-02-04,0,0.1
INV-2023-0199,2023-01-13,1,2023-01-14,Net 1,1,USD,V046,Titan Freight Co,"3445 Venture Blvd, New York, NY 44674",billing@titan-freight.com,OY-3319049,Technology,SmartInvoiceInc,"100 Commerce Blvd, Dallas, TX 75201",50,1324.69,8.5,112.6,1.0,2023-01-14,0,0.1
INV-2023-0012,2021-01-01,1,2021-04-01,Net 90,90,USD,V022,Acme Capital Inc,"8802 Corporate Ln, Atlanta, FL 45909",billing@acme-capital.com,SL-9415398,Services,SmartInvoiceInc,"100 Commerce Blvd, Dallas, TX 75201",1,14474.53,8.0,1157.96,1.0,2021-04-01,0,0.1
INV-2023-0231,2025-11-07,11,2025-11-24,Net 17,17,USD,V002,Vanguard Supplies Group,"6899 Industrial Dr, Seattle, NY 96672",billing@vanguard-supplies.com,XS-7319707,Manufacturing,SmartInvoiceInc,"100 Commerce Blvd, Dallas, TX 75201",50,33236.46,9.0,2991.28,1.0,2026-01-03,1,0.1
INV-2024-0267,2025-10-11,10,2025-10-12,Net 1,1,USD,V048,Pacific Tech Co,"9461 Market St, New York, CA 22910",billing@pacific-tech.com,HH-9469872,Retail,SmartInvoiceInc,"100 Commerce Blvd, Dallas, TX 75201",50,25346.3,6.25,1584.14,221917.06,2025-10-12,0,0.1
INV-2023-0070,2021-01-01,1,2021-01-02,Net 1,1,USD,V080,Vanguard Legal Group,"3154 Innovation Rd, Houston, NY 44911",billing@vanguard-legal.com,XN-8021855,Services,SmartInvoiceInc,"100 Commerce Blvd, Dallas, TX 75201",50,36009.46,7.5,2700.71,1.0,2021-02-01,1,0.1
INV-2024-0199,2021-01-01,1,2021-01-02,Net 1,1,USD,V030,Delta Solutions Group,"2879 Tech Park Way, New York, CA 66178",billing@delta-solutions.com,EO-6187480,Manufacturing,SmartInvoiceInc,"100 Commerce Blvd, Dallas, TX 75201",1,35009.73,8.5,2975.83,1.0,2021-01-02,0,0.1
INV-2022-0059,2022-12-22,12,2023-03-22,Net 90,90,USD,V049,Global Freight Corp,"2572 Enterprise Ave, New York, FL 64553",billing@global-freight.com,BX-2314532,Technology,SmartInvoiceInc,"100 Commerce Blvd, Dallas, TX 75201",50,43948.6,9.0,3955.37,1.0,2023-04-11,1,0.1
INV-2022-0108,2021-01-01,1,2021-04-01,Net 90,90,USD,V079,Alpha Partners Inc,"6054 Innovation Rd, Miami, WA 66373",billing@alpha-partners.com,YO-4185714,Technology,SmartInvoiceInc,"100 Commerce Blvd, Dallas, TX 75201",50,25874.45,9.0,2328.7,1.0,2021-04-01,0,0.1
INV-2022-0128,2025-12-31,12,2026-03-31,Net 90,90,USD,V037,Delta Logistics Co,"4773 Tech Park Way, Miami, OH 75215",billing@delta-logistics.com,BF-1317537,Manufacturing,SmartInvoiceInc,"100 Commerce Blvd, Dallas, TX 75201",40,15592.7,7.0,1091.49,233965.79,2026-05-06,1,0.1
INV-2024-0106,2021-01-01,1,2021-04-01,Net 90,90,USD,V100,Swift Capital Corp,"2767 Industrial Dr, Austin, IL 12983",billing@swift-capital.com,ZW-2841648,Retail,SmartInvoiceInc,"100 Commerce Blvd, Dallas, TX 75201",50,48676.41,8.0,3894.11,385198.04,2021-05-15,1,0.1
INV-2022-0172,2021-01-01,1,2021-01-02,Net 1,1,USD,V068,Nexus Energy Group,"3976 Innovation Rd, Seattle, TX 75310",billing@nexus-energy.com,ZI-9887324,Technology,SmartInvoiceInc,"100 Commerce Blvd, Dallas, TX 75201",40,41116.96,9.0,3700.53,877067.7,2021-01-02,0,0.1
INV-2023-0029,2021-01-01,1,2021-01-02,Net 1,1,USD,V042,Summit Capital Co,"5685 Venture Blvd, New York, IL 49749",billing@summit-capital.com,AE-3245131,Manufacturing,SmartInvoiceInc,"100 Commerce Blvd, Dallas, TX 75201",1,3097.84,7.0,216.85,1.0,2021-02-09,1,0.1
INV-2024-0028,2025-12-31,12,2026-01-01,Net 1,1,USD,V091,Pioneer Logistics Co,"8440 Innovation Rd, Los Angeles, TX 34762",billing@pioneer-logistics.com,GH-1378165,Manufacturing,SmartInvoiceInc,"100 Commerce Blvd, Dallas, TX 75201",1,26316.77,6.25,1644.8,1.0,2026-01-01,0,0.1
INV-2023-0180,2025-12-31,12,2026-01-01,Net 1,1,USD,V078,Beacon Legal LLC,"1581 Tech Park Way, Houston, TX 91974",billing@beacon-legal.com,RG-8449607,Technology,SmartInvoiceInc,"100 Commerce Blvd, Dallas, TX 75201",50,1581.41,8.25,130.47,1.0,2026-02-01,1,0.1
INV-2024-0044,2021-01-01,1,2021-04-01,Net 90,90,USD,V052,Pinnacle Tech Corp,"8295 Business Pkwy, New York, TX 94471",billing@pinnacle-tech.com,FS-3357821,Technology,SmartInvoiceInc,"100 Commerce Blvd, Dallas, TX 75201",1,21703.41,9.0,1953.31,1389508.63,2021-05-04,1,0.1
INV-2022-0073,2021-03-08,3,2021-06-06,Net 90,90,USD,V013,Summit Partners Corp,"512 Innovation Rd, Los Angeles, CO 70692",billing@summit-partners.com,YD-8122313,Healthcare,SmartInvoiceInc,"100 Commerce Blvd, Dallas, TX 75201",1,28637.38,7.5,2147.8,822908.85,2021-06-06,0,0.1
INV-2024-0070,2022-01-30,1,2022-01-31,Net 1,1,USD,V010,Prime Cloud Group,"8102 Commerce Blvd, Dallas, WA 79449",billing@prime-cloud.com,KL-3248988,Healthcare,SmartInvoiceInc,"100 Commerce Blvd, Dallas, TX 75201",1,45488.84,9.0,4094.0,772036.4,2022-02-21,1,0.1
INV-2024-0071,2025-12-31,12,2026-01-10,Net 10,10,USD,V092,Pinnacle Capital Co,"7579 Commerce Blvd, Seattle, FL 84478",billing@pinnacle-capital.com,TS-6703394,Retail,SmartInvoiceInc,"100 Commerce Blvd, Dallas, TX 75201",1,48121.9,9.0,4330.97,1.0,2026-02-17,1,0.1
INV-2023-0043,2021-01-01,1,2021-01-02,Net 1,1,USD,V054,Swift Medical Group,"324 Market St, Dallas, TX 88477",billing@swift-medical.com,FE-9671370,Retail,SmartInvoiceInc,"100 Commerce Blvd, Dallas, TX 75201",50,7569.31,7.0,529.85,338728.62,2021-01-31,1,0.1
INV-2022-0089,2021-01-01,1,2021-01-02,Net 1,1,USD,V019,Pioneer Marketing Co,"5261 Venture Blvd, Miami, AZ 19348",billing@pioneer-marketing.com,CW-3276360,Manufacturing,SmartInvoiceInc,"100 Commerce Blvd, Dallas, TX 75201",1,49940.25,7.5,3745.52,1227833.41,2021-01-02,0,0.1
INV-2023-0045,2023-02-02,2,2023-02-03,Net 1,1,USD,V099,Pioneer Works Corp,"1600 Industrial Dr, Los Angeles, GA 29426",billing@pioneer-works.com,RJ-1066150,Technology,SmartInvoiceInc,"100 Commerce Blvd, Dallas, TX 75201",50,8148.78,9.0,733.39,659099.29,2023-02-03,0,0.1
INV-2024-0274,2021-01-01,1,2021-04-01,Net 90,90,USD,V055,Beacon Security Co,"2126 Tech Park Way, Dallas, OH 69383",billing@beacon-security.com,JE-4757974,Manufacturing,SmartInvoiceInc,"100 Commerce Blvd, Dallas, TX 75201",1,6210.46,7.0,434.73,404491.91,2021-04-24,1,0.1
INV-2024-0029,2023-02-07,2,2023-02-08,Net 1,1,USD,V070,Swift Logistics Inc,"1954 Business Pkwy, Miami, NY 73374",billing@swift-logistics.com,UO-1318408,Healthcare,SmartInvoiceInc,"100 Commerce Blvd, Dallas, TX 75201",1,17686.01,6.25,1105.38,1.0,2023-02-10,1,0.1
INV-2023-0089,2025-12-31,12,2026-03-31,Net 90,90,USD,V019,Pioneer Marketing Co,"5261 Venture Blvd, Miami, AZ 19348",billing@pioneer-marketing.com,CW-3276360,Manufacturing,SmartInvoiceInc,"100 Commerce Blvd, Dallas, TX 75201",12,28723.99,7.0,2010.68,1.0,2026-03-31,0,0.1
INV-2023-0118,2024-09-27,9,2024-12-26,Net 90,90,USD,V020,Titan Systems LLC,"2639 Commerce Blvd, New York, GA 31677",billing@titan-systems.com,MH-7646705,Services,SmartInvoiceInc,"100 Commerce Blvd, Dallas, TX 75201",1,1690.04,7.0,118.3,1.0,2025-01-31,1,0.1
INV-2022-0112,2025-12-31,12,2026-03-31,Net 90,90,USD,V019,Pioneer Marketing Co,"5261 Venture Blvd, Miami, AZ 19348",billing@pioneer-marketing.com,CW-3276360,Manufacturing,SmartInvoiceInc,"100 Commerce Blvd, Dallas, TX 75201",50,49773.36,8.25,4106.3,22353.57,2026-03-31,0,0.1
INV-2022-0069,2021-01-01,1,2021-04-01,Net 90,90,USD,V071,Pinnacle Supplies Inc,"8493 Market St, Atlanta, IL 23224",billing@pinnacle-supplies.com,CT-2017433,Services,SmartInvoiceInc,"100 Commerce Blvd, Dallas, TX 75201",1,20579.44,8.25,1697.8,63691.35,2021-04-26,1,0.1
INV-2024-0198,2025-12-31,12,2026-03-31,Net 90,90,USD,V069,Titan Security Corp,"1892 Enterprise Ave, San Francisco, AZ 11645",billing@titan-security.com,DV-7671318,Technology,SmartInvoiceInc,"100 Commerce Blvd, Dallas, TX 75201",50,42328.11,8.25,3492.07,169504.94,2026-04-24,1,0.1
INV-2023-0068,2021-01-01,1,2021-04-01,Net 90,90,USD,V014,Swift Parts Inc,"3067 Tech Park Way, Dallas, NY 95999",billing@swift-parts.com,DR-1070640,Healthcare,SmartInvoiceInc,"100 Commerce Blvd, Dallas, TX 75201",44,4982.69,7.5,373.7,199747.01,2021-04-01,0,0.1
INV-2023-0176,2021-01-01,1,2021-01-02,Net 1,1,USD,V017,Nexus Labs Group,"817 Market St, Austin, AZ 15486",billing@nexus-labs.com,PU-8990340,Services,SmartInvoiceInc,"100 Commerce Blvd, Dallas, TX 75201",1,8937.89,6.25,558.62,1.0,2021-01-02,0,0.1
INV-2023-0108,2021-01-01,1,2021-01-02,Net 1,1,USD,V032,Pacific Logistics Inc,"7549 Trade Center Dr, New York, TX 56540",billing@pacific-logistics.com,AB-8153768,Services,SmartInvoiceInc,"100 Commerce Blvd, Dallas, TX 75201",50,39198.1,8.0,3135.85,1.0,2021-01-02,0,0.1
INV-2023-0016,2023-03-16,3,2023-03-17,Net 1,1,USD,V086,Swift Consulting Group,"6909 Venture Blvd, Houston, GA 84532",billing@swift-consulting.com,KF-2014929,Healthcare,SmartInvoiceInc,"100 Commerce Blvd, Dallas, TX 75201",1,17230.09,8.0,1378.41,23868.38,2023-05-01,1,0.1
INV-2023-0033,2021-01-01,1,2021-01-02,Net 1,1,USD,V001,Metro Legal Co,"5791 Enterprise Ave, Miami, FL 64021",billing@metro-legal.com,MT-6143901,Services,SmartInvoiceInc,"100 Commerce Blvd, Dallas, TX 75201",50,7605.47,8.5,646.46,1.0,2021-01-24,1,0.1
INV-2022-0163,2021-01-01,1,2021-01-02,Net 1,1,USD,V018,Beacon Partners Group,"7292 Market St, San Francisco, FL 70566",billing@beacon-partners.com,PY-1787494,Healthcare,SmartInvoiceInc,"100 Commerce Blvd, Dallas, TX 75201",1,4440.45,8.0,355.24,1.0,2021-01-02,0,0.1
INV-2024-0009,2025-12-31,12,2026-03-31,Net 90,90,USD,V039,Elite Labs Group,"237 Innovation Rd, Dallas, AZ 29963",billing@elite-labs.com,TX-2849396,Manufacturing,SmartInvoiceInc,"100 Commerce Blvd, Dallas, TX 75201",50,43464.99,8.5,3694.52,1.0,2026-03-31,0,0.1
INV-2023-0206,2021-01-01,1,2021-01-02,Net 1,1,USD,V034,Summit Ventures Co,"4909 Venture Blvd, Austin, TX 66397",billing@summit-ventures.com,IN-7195200,Services,SmartInvoiceInc,"100 Commerce Blvd, Dallas, TX 75201",1,5076.25,8.5,431.48,272795.22,2021-01-02,0,0.1
INV-2023-0203,2021-01-01,1,2021-04-01,Net 90,90,USD,V009,Nexus Cloud Inc,"9187 Market St, Chicago, CA 21938",billing@nexus-cloud.com,AA-2404330,Healthcare,SmartInvoiceInc,"100 Commerce Blvd, Dallas, TX 75201",50,12577.77,9.0,1132.0,352856.52,2021-04-01,0,0.1
INV-2024-0125,2025-12-31,12,2026-01-01,Net 1,1,USD,V082,Acme Labs Inc,"2298 Enterprise Ave, Austin, NY 23859",billing@acme-labs.com,RB-3008960,Healthcare,SmartInvoiceInc,"100 Commerce Blvd, Dallas, TX 75201",50,17728.57,8.0,1418.29,1763230.07,2026-01-01,0,0.1
INV-2022-0050,2025-12-31,12,2026-03-31,Net 90,90,USD,V064,Swift Labs Inc,"6128 Market St, Chicago, FL 50631",billing@swift-labs.com,OH-7356228,Healthcare,SmartInvoiceInc,"100 Commerce Blvd, Dallas, TX 75201",1,8451.36,8.5,718.37,168304.43,2026-03-31,0,0.1
INV-2024-0246,2021-01-01,1,2021-04-01,Net 90,90,USD,V023,Titan Marketing LLC,"6077 Tech Park Way, Miami, NY 96188",billing@titan-marketing.com,MR-5984445,Manufacturing,SmartInvoiceInc,"100 Commerce Blvd, Dallas, TX 75201",50,11900.8,9.0,1071.07,17232.23,2021-04-25,1,0.1
INV-2022-0141,2021-01-01,1,2021-04-01,Net 90,90,USD,V089,Delta Energy Group,"6236 Enterprise Ave, Miami, AZ 69052",billing@delta-energy.com,QZ-9752084,Retail,SmartInvoiceInc,"100 Commerce Blvd, Dallas, TX 75201",1,16123.84,8.0,1289.91,57237.42,2021-04-01,0,0.1
INV-2022-0159,2025-12-31,12,2026-03-31,Net 90,90,USD,V050,Alpha Logistics Inc,"1560 Business Pkwy, San Francisco, OH 11605",billing@alpha-logistics.com,WP-3255363,Services,SmartInvoiceInc,"100 Commerce Blvd, Dallas, TX 75201",1,38310.9,9.0,3447.98,2218807.16,2026-04-10,1,0.1
INV-2023-0097,2025-12-31,12,2026-03-31,Net 90,90,USD,V079,Alpha Partners Inc,"6054 Innovation Rd, Miami, WA 66373",billing@alpha-partners.com,YO-4185714,Technology,SmartInvoiceInc,"100 Commerce Blvd, Dallas, TX 75201",50,49175.37,8.0,3934.03,37282.74,2026-05-11,1,0.1
INV-2022-0232,2025-12-31,12,2026-01-01,Net 1,1,USD,V095,Pacific Supplies Group,"2422 Enterprise Ave, Dallas, TX 59481",billing@pacific-supplies.com,YW-8599600,Retail,SmartInvoiceInc,"100 Commerce Blvd, Dallas, TX 75201",19,34005.18,8.5,2890.44,107100.65,2026-01-01,0,0.1
INV-2022-0124,2021-01-01,1,2021-04-01,Net 90,90,USD,V045,Apex Freight Co,"6909 Innovation Rd, Austin, GA 15122",billing@apex-freight.com,OW-4708654,Retail,SmartInvoiceInc,"100 Commerce Blvd, Dallas, TX 75201",1,10943.01,8.0,875.44,1.0,2021-04-01,0,0.1
INV-2023-0218,2022-12-03,12,2022-12-04,Net 1,1,USD,V070,Swift Logistics Inc,"1954 Business Pkwy, Miami, NY 73374",billing@swift-logistics.com,UO-1318408,Healthcare,SmartInvoiceInc,"100 Commerce Blvd, Dallas, TX 75201",25,23286.29,7.5,1746.47,1.0,2022-12-04,0,0.1
INV-2022-0120,2021-01-01,1,2021-01-02,Net 1,1,USD,V086,Swift Consulting Group,"6909 Venture Blvd, Houston, GA 84532",billing@swift-consulting.com,KF-2014929,Healthcare,SmartInvoiceInc,"100 Commerce Blvd, Dallas, TX 75201",1,4096.95,8.0,327.76,1.0,2021-01-02,0,0.1
INV-2023-0077,2025-04-26,4,2025-07-25,Net 90,90,USD,V017,Nexus Labs Group,"817 Market St, Austin, AZ 15486",billing@nexus-labs.com,PU-8990340,Services,SmartInvoiceInc,"100 Commerce Blvd, Dallas, TX 75201",50,27467.65,8.0,2197.41,1.0,2025-08-18,1,0.1
INV-2024-0213,2021-01-01,1,2021-01-02,Net 1,1,USD,V017,Nexus Labs Group,"817 Market St, Austin, AZ 15486",billing@nexus-labs.com,PU-8990340,Services,SmartInvoiceInc,"100 Commerce Blvd, Dallas, TX 75201",1,38136.25,7.0,2669.54,45679.39,2021-01-15,1,0.1
INV-2023-0101,2025-12-31,12,2026-03-31,Net 90,90,USD,V083,Metro Freight Group,"3694 Venture Blvd, Houston, NY 86918",billing@metro-freight.com,LT-7193956,Technology,SmartInvoiceInc,"100 Commerce Blvd, Dallas, TX 75201",1,48834.6,7.5,3662.59,347910.57,2026-04-04,1,0.1
INV-2023-0241,2021-01-01,1,2021-01-02,Net 1,1,USD,V040,Elite Tech Co,"6369 Tech Park Way, Atlanta, GA 90719",billing@elite-tech.com,KV-2072647,Retail,SmartInvoiceInc,"100 Commerce Blvd, Dallas, TX 75201",1,13706.33,8.0,1096.51,1.0,2021-01-02,0,0.1
INV-2023-0022,2025-12-31,12,2026-01-01,Net 1,1,USD,V077,Pioneer Data LLC,"6745 Commerce Blvd, Houston, OH 35522",billing@pioneer-data.com,DA-6517366,Services,SmartInvoiceInc,"100 Commerce Blvd, Dallas, TX 75201",1,42320.77,7.5,3174.06,429269.68,2026-01-01,0,0.1
INV-2023-0242,2025-12-31,12,2026-03-31,Net 90,90,USD,V036,Delta Partners Corp,"4463 Commerce Blvd, New York, IL 34285",billing@delta-partners.com,YQ-6165679,Healthcare,SmartInvoiceInc,"100 Commerce Blvd, Dallas, TX 75201",50,3514.82,6.25,219.68,1131275.58,2026-03-31,0,0.1
INV-2022-0205,2021-01-01,1,2021-01-02,Net 1,1,USD,V077,Pioneer Data LLC,"6745 Commerce Blvd, Houston, OH 35522",billing@pioneer-data.com,DA-6517366,Services,SmartInvoiceInc,"100 Commerce Blvd, Dallas, TX 75201",1,16804.27,7.5,1260.32,1120247.86,2021-01-02,0,0.1
INV-2022-0125,2025-12-31,12,2026-01-01,Net 1,1,USD,V022,Acme Capital Inc,"8802 Corporate Ln, Atlanta, FL 45909",billing@acme-capital.com,SL-9415398,Services,SmartInvoiceInc,"100 Commerce Blvd, Dallas, TX 75201",50,40675.54,7.5,3050.67,382215.26,2026-01-01,0,0.1
INV-2023-0190,2025-12-31,12,2026-01-01,Net 1,1,USD,V012,Beacon Tech LLC,"517 Tech Park Way, Atlanta, GA 13267",billing@beacon-tech.com,ZU-3922097,Healthcare,SmartInvoiceInc,"100 Commerce Blvd, Dallas, TX 75201",50,34799.55,9.0,3131.96,1.0,2026-02-15,1,0.1
INV-2023-0109,2025-12-31,12,2026-03-31,Net 90,90,USD,V012,Beacon Tech LLC,"517 Tech Park Way, Atlanta, GA 13267",billing@beacon-tech.com,ZU-3922097,Healthcare,SmartInvoiceInc,"100 Commerce Blvd, Dallas, TX 75201",1,8239.93,8.5,700.39,778828.2,2026-03-31,0,0.1
INV-2023-0133,2021-01-01,1,2021-01-02,Net 1,1,USD,V045,Apex Freight Co,"6909 Innovation Rd, Austin, GA 15122",billing@apex-freight.com,OW-4708654,Retail,SmartInvoiceInc,"100 Commerce Blvd, Dallas, TX 75201",1,13405.08,7.0,938.36,1.0,2021-01-02,0,0.1
INV-2023-0186,2025-12-31,12,2026-03-31,Net 90,90,USD,V071,Pinnacle Supplies Inc,"8493 Market St, Atlanta, IL 23224",billing@pinnacle-supplies.com,CT-2017433,Services,SmartInvoiceInc,"100 Commerce Blvd, Dallas, TX 75201",12,31770.26,7.0,2223.92,892205.89,2026-05-01,1,0.1
INV-2023-0175,2021-01-01,1,2021-04-01,Net 90,90,USD,V075,Titan Energy Co,"6804 Corporate Ln, Dallas, GA 12482",billing@titan-energy.com,XS-8433533,Healthcare,SmartInvoiceInc,"100 Commerce Blvd, Dallas, TX 75201",1,15174.02,8.5,1289.79,1.0,2021-05-03,1,0.1
INV-2024-0012,2021-01-01,1,2021-02-20,Net 50,50,USD,V020,Titan Systems LLC,"2639 Commerce Blvd, New York, GA 31677",billing@titan-systems.com,MH-7646705,Services,SmartInvoiceInc,"100 Commerce Blvd, Dallas, TX 75201",50,13276.33,6.25,829.77,1.0,2021-02-20,0,0.1
INV-2023-0138,2025-12-31,12,2026-01-01,Net 1,1,USD,V039,Elite Labs Group,"237 Innovation Rd, Dallas, AZ 29963",billing@elite-labs.com,TX-2849396,Manufacturing,SmartInvoiceInc,"100 Commerce Blvd, Dallas, TX 75201",50,43451.25,8.25,3584.73,1106889.84,2026-01-07,1,0.1
INV-2022-0023,2025-12-31,12,2026-03-31,Net 90,90,USD,V038,Horizon Freight Corp,"1431 Trade Center Dr, New York, TX 52318",billing@horizon-freight.com,WJ-2296516,Healthcare,SmartInvoiceInc,"100 Commerce Blvd, Dallas, TX 75201",1,6141.31,8.0,491.3,1065916.87,2026-04-08,1,0.1
INV-2023-0139,2021-01-01,1,2021-01-02,Net 1,1,USD,V037,Delta Logistics Co,"4773 Tech Park Way, Miami, OH 75215",billing@delta-logistics.com,BF-1317537,Manufacturing,SmartInvoiceInc,"100 Commerce Blvd, Dallas, TX 75201",5,13645.1,7.0,955.16,1.0,2021-02-10,1,0.1
INV-2023-0025,2021-01-01,1,2021-04-01,Net 90,90,USD,V018,Beacon Partners Group,"7292 Market St, San Francisco, FL 70566",billing@beacon-partners.com,PY-1787494,Healthcare,SmartInvoiceInc,"100 Commerce Blvd, Dallas, TX 75201",1,22033.22,9.0,1982.99,276029.14,2021-04-16,1,0.1
INV-2023-0187,2025-08-02,8,2025-10-31,Net 90,90,USD,V042,Summit Capital Co,"5685 Venture Blvd, New York, IL 49749",billing@summit-capital.com,AE-3245131,Manufacturing,SmartInvoiceInc,"100 Commerce Blvd, Dallas, TX 75201",50,49952.95,9.0,4495.77,1.0,2025-12-08,1,0.1
INV-2022-0076,2021-01-01,1,2021-01-02,Net 1,1,USD,V035,Pioneer Parts Co,"816 Market St, Dallas, TX 55543",billing@pioneer-parts.com,BH-9896761,Manufacturing,SmartInvoiceInc,"100 Commerce Blvd, Dallas, TX 75201",50,26645.37,6.25,1665.34,617580.11,2021-01-07,1,0.1
INV-2022-0131,2021-01-01,1,2021-01-21,Net 20,20,USD,V092,Pinnacle Capital Co,"7579 Commerce Blvd, Seattle, FL 84478",billing@pinnacle-capital.com,TS-6703394,Retail,SmartInvoiceInc,"100 Commerce Blvd, Dallas, TX 75201",50,41495.2,8.25,3423.35,343862.65,2021-03-07,1,0.1
INV-2022-0018,2025-12-31,12,2026-03-31,Net 90,90,USD,V027,Delta Security Inc,"6290 Trade Center Dr, Dallas, TX 78866",billing@delta-security.com,PW-6118922,Retail,SmartInvoiceInc,"100 Commerce Blvd, Dallas, TX 75201",46,7215.24,8.25,595.26,419239.99,2026-04-05,1,0.1
INV-2023-0020,2021-02-17,2,2021-02-18,Net 1,1,USD,V087,Bright Energy LLC,"5575 Trade Center Dr, New York, CA 49952",billing@bright-energy.com,EY-6888997,Manufacturing,SmartInvoiceInc,"100 Commerce Blvd, Dallas, TX 75201",1,48489.8,7.0,3394.29,852377.25,2021-02-18,0,0.1
INV-2023-0047,2021-01-01,1,2021-04-01,Net 90,90,USD,V019,Pioneer Marketing Co,"5261 Venture Blvd, Miami, AZ 19348",billing@pioneer-marketing.com,CW-3276360,Manufacturing,SmartInvoiceInc,"100 Commerce Blvd, Dallas, TX 75201",1,22119.51,8.5,1880.16,1.0,2021-04-30,1,0.1
INV-2022-0093,2025-12-31,12,2026-01-01,Net 1,1,USD,V011,Acme Legal Group,"5826 Industrial Dr, Austin, CA 37350",billing@acme-legal.com,QZ-5833177,Manufacturing,SmartInvoiceInc,"100 Commerce Blvd, Dallas, TX 75201",50,34986.1,7.5,2623.96,1.0,2026-02-09,1,0.1
INV-2023-0150,2025-12-31,12,2026-03-31,Net 90,90,USD,V095,Pacific Supplies Group,"2422 Enterprise Ave, Dallas, TX 59481",billing@pacific-supplies.com,YW-8599600,Retail,SmartInvoiceInc,"100 Commerce Blvd, Dallas, TX 75201",50,1571.46,8.0,125.72,1.0,2026-03-31,0,0.1
INV-2022-0030,2021-01-01,1,2021-04-01,Net 90,90,USD,V082,Acme Labs Inc,"2298 Enterprise Ave, Austin, NY 23859",billing@acme-labs.com,RB-3008960,Healthcare,SmartInvoiceInc,"100 Commerce Blvd, Dallas, TX 75201",1,25954.24,7.5,1946.57,466957.26,2021-04-01,0,0.1
INV-2024-0241,2021-01-01,1,2021-01-02,Net 1,1,USD,V001,Metro Legal Co,"5791 Enterprise Ave, Miami, FL 64021",billing@metro-legal.com,MT-6143901,Services,SmartInvoiceInc,"100 Commerce Blvd, Dallas, TX 75201",50,22236.97,7.5,1667.77,1.0,2021-01-04,1,0.1
INV-2022-0160,2021-01-01,1,2021-04-01,Net 90,90,USD,V082,Acme Labs Inc,"2298 Enterprise Ave, Austin, NY 23859",billing@acme-labs.com,RB-3008960,Healthcare,SmartInvoiceInc,"100 Commerce Blvd, Dallas, TX 75201",1,29838.46,7.0,2088.69,769062.77,2021-04-03,1,0.1
INV-2022-0153,2021-01-01,1,2021-01-02,Net 1,1,USD,V034,Summit Ventures Co,"4909 Venture Blvd, Austin, TX 66397",billing@summit-ventures.com,IN-7195200,Services,SmartInvoiceInc,"100 Commerce Blvd, Dallas, TX 75201",50,46463.5,7.0,3252.45,1.0,2021-02-07,1,0.1
INV-2024-0047,2025-12-31,12,2026-01-01,Net 1,1,USD,V085,Nexus Security Inc,"3286 Commerce Blvd, Atlanta, WA 70774",billing@nexus-security.com,IV-3245909,Services,SmartInvoiceInc,"100 Commerce Blvd, Dallas, TX 75201",1,48642.13,6.25,3040.13,419964.84,2026-01-01,0,0.1
INV-2023-0252,2025-05-09,5,2025-05-10,Net 1,1,USD,V005,Apex Logistics Co,"7104 Corporate Ln, Austin, AZ 77215",billing@apex-logistics.com,SE-9744220,Retail,SmartInvoiceInc,"100 Commerce Blvd, Dallas, TX 75201",1,35126.95,9.0,3161.43,1.0,2025-05-18,1,0.1
INV-2024-0024,2021-01-01,1,2021-01-02,Net 1,1,USD,V005,Apex Logistics Co,"7104 Corporate Ln, Austin, AZ 77215",billing@apex-logistics.com,SE-9744220,Retail,SmartInvoiceInc,"100 Commerce Blvd, Dallas, TX 75201",1,32947.74,6.25,2059.23,9590.6,2021-01-05,1,0.1
INV-2024-0060,2021-01-01,1,2021-04-01,Net 90,90,USD,V052,Pinnacle Tech Corp,"8295 Business Pkwy, New York, TX 94471",billing@pinnacle-tech.com,FS-3357821,Technology,SmartInvoiceInc,"100 Commerce Blvd, Dallas, TX 75201",1,22727.37,9.0,2045.46,1.0,2021-04-01,0,0.1
INV-2024-0036,2025-12-31,12,2026-01-01,Net 1,1,USD,V066,Global Marketing Co,"5879 Venture Blvd, Chicago, OH 22999",billing@global-marketing.com,WO-9464685,Services,SmartInvoiceInc,"100 Commerce Blvd, Dallas, TX 75201",1,25301.49,8.5,2150.63,1.0,2026-01-01,0,0.1
INV-2023-0261,2025-12-31,12,2026-03-31,Net 90,90,USD,V046,Titan Freight Co,"3445 Venture Blvd, New York, NY 44674",billing@titan-freight.com,OY-3319049,Technology,SmartInvoiceInc,"100 Commerce Blvd, Dallas, TX 75201",1,17920.52,6.25,1120.03,891069.89,2026-03-31,0,0.1
INV-2022-0135,2021-05-02,5,2021-05-03,Net 1,1,USD,V064,Swift Labs Inc,"6128 Market St, Chicago, FL 50631",billing@swift-labs.com,OH-7356228,Healthcare,SmartInvoiceInc,"100 Commerce Blvd, Dallas, TX 75201",1,45600.46,9.0,4104.04,69978.26,2021-05-23,1,0.1
INV-2024-0159,2025-12-31,12,2026-01-01,Net 1,1,USD,V008,Apex Security LLC,"9923 Commerce Blvd, Chicago, IL 26364",billing@apex-security.com,DP-2100567,Manufacturing,SmartInvoiceInc,"100 Commerce Blvd, Dallas, TX 75201",1,22183.18,6.25,1386.45,1.0,2026-01-01,0,0.1
INV-2022-0057,2024-06-26,6,2024-06-27,Net 1,1,USD,V009,Nexus Cloud Inc,"9187 Market St, Chicago, CA 21938",billing@nexus-cloud.com,AA-2404330,Healthcare,SmartInvoiceInc,"100 Commerce Blvd, Dallas, TX 75201",1,29330.54,8.0,2346.44,1.0,2024-08-03,1,0.1
INV-2024-0171,2025-12-31,12,2026-03-31,Net 90,90,USD,V086,Swift Consulting Group,"6909 Venture Blvd, Houston, GA 84532",billing@swift-consulting.com,KF-2014929,Healthcare,SmartInvoiceInc,"100 Commerce Blvd, Dallas, TX 75201",50,42097.23,8.5,3578.26,323424.49,2026-05-08,1,0.1
INV-2024-0091,2025-12-31,12,2026-03-31,Net 90,90,USD,V031,Titan Capital LLC,"2971 Industrial Dr, San Francisco, GA 11015",billing@titan-capital.com,AV-9416320,Manufacturing,SmartInvoiceInc,"100 Commerce Blvd, Dallas, TX 75201",1,27297.45,6.25,1706.09,611079.65,2026-03-31,0,0.1
INV-2023-0080,2021-01-01,1,2021-01-02,Net 1,1,USD,V088,Sterling Tech Group,"1722 Enterprise Ave, Seattle, OH 71396",billing@sterling-tech.com,YF-8369434,Manufacturing,SmartInvoiceInc,"100 Commerce Blvd, Dallas, TX 75201",30,13389.95,8.0,1071.2,1.0,2021-01-02,0,0.1
