invoice_number,invoice_date,invoice_month,due_date,net_terms,payment_due_days,currency,vendor_id,vendor_name,vendor_address,vendor_email,tax_id,vendor_category,buyer_company,buyer_address,num_line_items,subtotal,tax_rate,tax_amount,amount_due,payment_received_date,is_late,epsilon
INV-2024-0197,2025-12-31,12,2026-03-07,Net 66,66,USD,V069,Titan Security Corp,"1892 Enterprise Ave, San Francisco, AZ 11645",billing@titan-security.com,DV-7671318,Technology,SmartInvoiceInc,"100 Commerce Blvd, Dallas, TX 75201",33,25854.99,8.25,2133.04,46684.13,2026-03-15,1,1.0
INV-2024-0144,2023-08-09,8,2023-08-10,Net 1,1,USD,V087,Bright Energy LLC,"5575 Trade Center Dr, New York, CA 49952",billing@bright-energy.com,EY-6888997,Manufacturing,SmartInvoiceInc,"100 Commerce Blvd, Dallas, TX 75201",1,4068.17,7.5,305.11,43513.55,2023-08-15,1,1.0
INV-2023-0257,2023-09-19,9,2023-11-11,Net 53,53,USD,V020,Titan Systems LLC,"2639 Commerce Blvd, New York, GA 31677",billing@titan-systems.com,MH-7646705,Services,SmartInvoiceInc,"100 Commerce Blvd, Dallas, TX 75201",1,17985.94,8.5,1528.8,61837.03,2023-11-11,0,1.0
INV-2022-0016,2021-01-01,1,2021-01-28,Net 27,27,USD,V052,Pinnacle Tech Corp,"8295 Business Pkwy, New York, TX 94471",billing@pinnacle-tech.com,FS-3357821,Technology,SmartInvoiceInc,"100 Commerce Blvd, Dallas, TX 75201",46,33237.85,8.0,2659.03,47251.13,2021-01-28,0,1.0
INV-2023-0096,2023-08-11,8,2023-08-19,Net 8,8,USD,V058,Alpha Parts Inc,"5515 Business Pkwy, Chicago, CO 68596",billing@alpha-parts.com,NC-1873172,Healthcare,SmartInvoiceInc,"100 Commerce Blvd, Dallas, TX 75201",28,33184.98,7.0,2322.95,159172.18,2023-09-20,1,1.0
INV-2024-0120,2025-03-29,3,2025-06-15,Net 78,78,USD,V092,Pinnacle Capital Co,"7579 Commerce Blvd, Seattle, FL 84478",billing@pinnacle-capital.com,TS-6703394,Retail,SmartInvoiceInc,"100 Commerce Blvd, Dallas, TX 75201",1,38576.55,6.25,2411.03,1.0,2025-06-15,0,1.0
INV-2022-0207,2023-05-20,5,2023-06-24,Net 35,35,USD,V079,Alpha Partners Inc,"6054 Innovation Rd, Miami, WA 66373",billing@alpha-partners.com,YO-4185714,Technology,SmartInvoiceInc,"100 Commerce Blvd, Dallas, TX 75201",48,6508.63,8.5,553.23,69047.9,2023-08-04,1,1.0
INV-2024-0008,2023-12-21,12,2024-01-10,Net 20,20,USD,V041,Titan Tech Group,"8572 Tech Park Way, Austin, CA 38732",billing@titan-tech.com,ZS-8757202,Healthcare,SmartInvoiceInc,"100 Commerce Blvd, Dallas, TX 75201",20,16449.67,8.0,1315.97,49420.08,2024-02-19,1,1.0
INV-2023-0132,2024-03-02,3,2024-04-09,Net 38,38,USD,V002,Vanguard Supplies Group,"6899 Industrial Dr, Seattle, NY 96672",billing@vanguard-supplies.com,XS-7319707,Manufacturing,SmartInvoiceInc,"100 Commerce Blvd, Dallas, TX 75201",27,29329.92,9.0,2639.69,1.0,2024-04-09,0,1.0
INV-2023-0038,2025-05-26,5,2025-08-24,Net 90,90,USD,V032,Pacific Logistics Inc,"7549 Trade Center Dr, New York, TX 56540",billing@pacific-logistics.com,AB-8153768,Services,SmartInvoiceInc,"100 Commerce Blvd, Dallas, TX 75201",1,6840.74,9.0,615.67,69528.15,2025-09-11,1,1.0
INV-2022-0164,2021-03-03,3,2021-06-01,Net 90,90,USD,V055,Beacon Security Co,"2126 Tech Park Way, Dallas, OH 69383",billing@beacon-security.com,JE-4757974,Manufacturing,SmartInvoiceInc,"100 Commerce Blvd, Dallas, TX 75201",5,21887.81,8.0,1751.02,115255.37,2021-06-23,1,1.0
INV-2024-0023,2021-03-31,3,2021-04-01,Net 1,1,USD,V030,Delta Solutions Group,"2879 Tech Park Way, New York, CA 66178",billing@delta-solutions.com,EO-6187480,Manufacturing,SmartInvoiceInc,"100 Commerce Blvd, Dallas, TX 75201",1,10274.79,8.5,873.36,1.0,2021-04-22,1,1.0
INV-2024-0257,2025-12-31,12,2026-01-18,Net 18,18,USD,V099,Pioneer Works Corp,"1600 Industrial Dr, Los Angeles, GA 29426",billing@pioneer-works.com,RJ-1066150,Technology,SmartInvoiceInc,"100 Commerce Blvd, Dallas, TX 75201",5,42402.46,6.25,2650.15,45296.84,2026-01-18,0,1.0
INV-2024-0065,2023-10-27,10,2023-11-04,Net 8,8,USD,V021,Swift Ventures LLC,"9509 Enterprise Ave, San Francisco, OH 36962",billing@swift-ventures.com,HP-7243669,Retail,SmartInvoiceInc,"100 Commerce Blvd, Dallas, TX 75201",50,37535.5,8.5,3190.52,1.0,2023-11-04,0,1.0
INV-2022-0028,2021-11-04,11,2021-11-16,Net 12,12,USD,V096,Sterling Security Corp,"5995 Enterprise Ave, Dallas, GA 64756",billing@sterling-security.com,VP-7611653,Technology,SmartInvoiceInc,"100 Commerce Blvd, Dallas, TX 75201",40,13831.9,8.0,1106.55,18863.9,2021-12-04,1,1.0
INV-2024-0174,2024-10-11,10,2024-10-12,Net 1,1,USD,V002,Vanguard Supplies Group,"6899 Industrial Dr, Seattle, NY 96672",billing@vanguard-supplies.com,XS-7319707,Manufacturing,SmartInvoiceInc,"100 Commerce Blvd, Dallas, TX 75201",30,5047.61,7.0,353.33,1.0,2024-11-04,1,1.0
INV-2023-0083,2022-12-13,12,2023-02-06,Net 55,55,USD,V088,Sterling Tech Group,"1722 Enterprise Ave, Seattle, OH 71396",billing@sterling-tech.com,YF-8369434,Manufacturing,SmartInvoiceInc,"100 Commerce Blvd, Dallas, TX 75201",15,20964.11,8.25,1729.54,13269.01,2023-02-06,0,1.0
INV-2022-0215,2024-09-05,9,2024-09-21,Net 16,16,USD,V056,Global Works Group,"7141 Innovation Rd, Houston, FL 18512",billing@global-works.com,EI-9112074,Services,SmartInvoiceInc,"100 Commerce Blvd, Dallas, TX 75201",23,8002.68,8.5,680.23,49300.75,2024-09-21,0,1.0
INV-2022-0162,2021-12-05,12,2022-02-07,Net 64,64,USD,V025,Acme Supplies Group,"7676 Innovation Rd, Dallas, OH 77641",billing@acme-supplies.com,LM-5848287,Healthcare,SmartInvoiceInc,"100 Commerce Blvd, Dallas, TX 75201",1,8423.55,7.0,589.65,1.0,2022-02-07,0,1.0
INV-2024-0014,2024-01-22,1,2024-01-23,Net 1,1,USD,V072,Elite Supplies LLC,"8170 Industrial Dr, Houston, TX 16783",billing@elite-supplies.com,KL-1996530,Technology,SmartInvoiceInc,"100 Commerce Blvd, Dallas, TX 75201",38,36459.85,6.25,2278.74,13832.54,2024-02-27,1,1.0
INV-2023-0236,2025-12-31,12,2026-02-23,Net 54,54,USD,V096,Sterling Security Corp,"5995 Enterprise Ave, Dallas, GA 64756",billing@sterling-security.com,VP-7611653,Technology,SmartInvoiceInc,"100 Commerce Blvd, Dallas, TX 75201",1,33049.24,6.25,2065.58,84801.66,2026-02-23,0,1.0
INV-2022-0176,2021-01-01,1,2021-04-01,Net 90,90,USD,V046,Titan Freight Co,"3445 Venture Blvd, New York, NY 44674",billing@titan-freight.com,OY-3319049,Technology,SmartInvoiceInc,"100 Commerce Blvd, Dallas, TX 75201",1,18091.54,8.25,1492.55,43312.59,2021-04-01,0,1.0
INV-2023-0005,2023-06-23,6,2023-08-16,Net 54,54,USD,V036,Delta Partners Corp,"4463 Commerce Blvd, New York, IL 34285",billing@delta-partners.com,YQ-6165679,Healthcare,SmartInvoiceInc,"100 Commerce Blvd, Dallas, TX 75201",39,38169.04,8.5,3244.37,1.0,2023-08-16,0,1.0
INV-2022-0173,2024-12-23,12,2024-12-24,Net 1,1,USD,V078,Beacon Legal LLC,"1581 Tech Park Way, Houston, TX 91974",billing@beacon-legal.com,RG-8449607,Technology,SmartInvoiceInc,"100 Commerce Blvd, Dallas, TX 75201",1,38054.48,8.0,3044.36,50671.22,2025-01-24,1,1.0
INV-2024-0149,2024-06-07,6,2024-08-06,Net 60,60,USD,V070,Swift Logistics Inc,"1954 Business Pkwy, Miami, NY 73374",billing@swift-logistics.com,UO-1318408,Healthcare,SmartInvoiceInc,"100 Commerce Blvd, Dallas, TX 75201",22,49818.55,8.0,3985.48,166027.51,2024-08-10,1,1.0
INV-2024-0145,2023-10-02,10,2023-11-13,Net 42,42,USD,V020,Titan Systems LLC,"2639 Commerce Blvd, New York, GA 31677",billing@titan-systems.com,MH-7646705,Services,SmartInvoiceInc,"100 Commerce Blvd, Dallas, TX 75201",1,7322.23,8.5,622.39,1.0,2023-11-13,0,1.0
INV-2022-0233,2022-12-08,12,2023-01-11,Net 34,34,USD,V021,Swift Ventures LLC,"9509 Enterprise Ave, San Francisco, OH 36962",billing@swift-ventures.com,HP-7243669,Retail,SmartInvoiceInc,"100 Commerce Blvd, Dallas, TX 75201",1,8760.81,8.0,700.86,1.0,2023-01-11,0,1.0
INV-2023-0018,2024-02-04,2,2024-03-15,Net 40,40,USD,V020,Titan Systems LLC,"2639 Commerce Blvd, New York, GA 31677",billing@titan-systems.com,MH-7646705,Services,SmartInvoiceInc,"100 Commerce Blvd, Dallas, TX 75201",2,24308.16,8.5,2066.19,34151.88,2024-03-15,0,1.0
INV-2023-0153,2023-08-27,8,2023-08-28,Net 1,1,USD,V080,Vanguard Legal Group,"3154 Innovation Rd, Houston, NY 44911",billing@vanguard-legal.com,XN-8021855,Services,SmartInvoiceInc,"100 Commerce Blvd, Dallas, TX 75201",11,28252.67,8.5,2401.48,34696.98,2023-08-28,0,1.0
INV-2022-0004,2022-12-16,12,2023-01-16,Net 31,31,USD,V030,Delta Solutions Group,"2879 Tech Park Way, New York, CA 66178",billing@delta-solutions.com,EO-6187480,Manufacturing,SmartInvoiceInc,"100 Commerce Blvd, Dallas, TX 75201",43,13856.13,8.0,1108.49,17427.42,2023-02-04,1,1.0
INV-2023-0004,2022-09-09,9,2022-09-10,Net 1,1,USD,V022,Acme Capital Inc,"8802 Corporate Ln, Atlanta, FL 45909",billing@acme-capital.com,SL-9415398,Services,SmartInvoiceInc,"100 Commerce Blvd, Dallas, TX 75201",44,37423.3,7.0,2619.63,26885.03,2022-09-10,0,1.0
INV-2022-0219,2023-11-05,11,2023-12-01,Net 26,26,USD,V031,Titan Capital LLC,"2971 Industrial Dr, San Francisco, GA 11015",billing@titan-capital.com,AV-9416320,Manufacturing,SmartInvoiceInc,"100 Commerce Blvd, Dallas, TX 75201",17,22289.85,8.0,1783.19,42239.16,2024-01-03,1,1.0
INV-2022-0104,2021-08-17,8,2021-09-16,Net 30,30,USD,V018,Beacon Partners Group,"7292 Market St, San Francisco, FL 70566",billing@beacon-partners.com,PY-1787494,Healthcare,SmartInvoiceInc,"100 Commerce Blvd, Dallas, TX 75201",18,3595.84,8.0,287.67,1.0,2021-09-16,0,1.0
INV-2022-0190,2024-05-24,5,2024-05-25,Net 1,1,USD,V075,Titan Energy Co,"6804 Corporate Ln, Dallas, GA 12482",billing@titan-energy.com,XS-8433533,Healthcare,SmartInvoiceInc,"100 Commerce Blvd, Dallas, TX 75201",22,9087.26,8.5,772.42,18840.29,2024-05-25,0,1.0
INV-2023-0055,2022-08-31,8,2022-09-21,Net 21,21,USD,V047,Elite Energy Inc,"6329 Venture Blvd, Atlanta, TX 13596",billing@elite-energy.com,TY-1467010,Technology,SmartInvoiceInc,"100 Commerce Blvd, Dallas, TX 75201",1,20790.29,8.5,1767.17,81004.64,2022-09-21,0,1.0
INV-2023-0245,2022-06-27,6,2022-09-14,Net 79,79,USD,V009,Nexus Cloud Inc,"9187 Market St, Chicago, CA 21938",billing@nexus-cloud.com,AA-2404330,Healthcare,SmartInvoiceInc,"100 Commerce Blvd, Dallas, TX 75201",15,10545.35,8.0,843.63,32888.58,2022-09-17,1,1.0
INV-2024-0164,2023-04-16,4,2023-04-22,Net 6,6,USD,V077,Pioneer Data LLC,"6745 Commerce Blvd, Houston, OH 35522",billing@pioneer-data.com,DA-6517366,Services,SmartInvoiceInc,"100 Commerce Blvd, Dallas, TX 75201",24,29497.6,8.5,2507.3,1.0,2023-05-09,1,1.0
INV-2023-0160,2025-06-07,6,2025-07-29,Net 52,52,USD,V051,Summit Cloud Inc,"8534 Innovation Rd, San Francisco, FL 19111",billing@summit-cloud.com,FB-8643603,Retail,SmartInvoiceInc,"100 Commerce Blvd, Dallas, TX 75201",1,13335.19,8.5,1133.49,1.0,2025-08-03,1,1.0
INV-2023-0026,2021-01-01,1,2021-03-16,Net 74,74,USD,V093,Delta Labs Corp,"7201 Industrial Dr, Atlanta, AZ 11524",billing@delta-labs.com,II-7984720,Technology,SmartInvoiceInc,"100 Commerce Blvd, Dallas, TX 75201",24,24304.85,8.25,2005.15,89639.53,2021-03-16,0,1.0
INV-2024-0069,2025-12-31,12,2026-01-01,Net 1,1,USD,V005,Apex Logistics Co,"7104 Corporate Ln, Austin, AZ 77215",billing@apex-logistics.com,SE-9744220,Retail,SmartInvoiceInc,"100 Commerce Blvd, Dallas, TX 75201",26,31742.95,8.5,2698.15,11048.32,2026-01-01,0,1.0
INV-2024-0178,2023-09-21,9,2023-09-22,Net 1,1,USD,V035,Pioneer Parts Co,"816 Market St, Dallas, TX 55543",billing@pioneer-parts.com,BH-9896761,Manufacturing,SmartInvoiceInc,"100 Commerce Blvd, Dallas, TX 75201",49,38392.89,8.5,3263.4,99190.55,2023-11-05,1,1.0
INV-2022-0127,2022-06-29,6,2022-08-17,Net 49,49,USD,V060,Elite Parts Co,"6665 Commerce Blvd, Miami, TX 29096",billing@elite-parts.com,QA-4681262,Manufacturing,SmartInvoiceInc,"100 Commerce Blvd, Dallas, TX 75201",18,33019.28,8.0,2641.54,1.0,2022-09-10,1,1.0
INV-2022-0048,2022-02-25,2,2022-05-10,Net 74,74,USD,V030,Delta Solutions Group,"2879 Tech Park Way, New York, CA 66178",billing@delta-solutions.com,EO-6187480,Manufacturing,SmartInvoiceInc,"100 Commerce Blvd, Dallas, TX 75201",16,12725.45,8.0,1018.04,31396.16,2022-05-10,0,1.0
INV-2024-0155,2021-01-01,1,2021-01-23,Net 22,22,USD,V010,Prime Cloud Group,"8102 Commerce Blvd, Dallas, WA 79449",billing@prime-cloud.com,KL-3248988,Healthcare,SmartInvoiceInc,"100 Commerce Blvd, Dallas, TX 75201",26,38090.21,7.0,2666.31,1.0,2021-01-23,0,1.0
INV-2023-0248,2025-10-13,10,2026-01-11,Net 90,90,USD,V070,Swift Logistics Inc,"1954 Business Pkwy, Miami, NY 73374",billing@swift-logistics.com,UO-1318408,Healthcare,SmartInvoiceInc,"100 Commerce Blvd, Dallas, TX 75201",9,24634.77,7.5,1847.61,43790.22,2026-02-23,1,1.0
INV-2024-0063,2023-10-03,10,2023-10-04,Net 1,1,USD,V057,Pioneer Consulting Inc,"1704 Industrial Dr, San Francisco, WA 80792",billing@pioneer-consulting.com,BL-2384418,Services,SmartInvoiceInc,"100 Commerce Blvd, Dallas, TX 75201",9,16101.88,7.5,1207.64,30382.54,2023-10-19,1,1.0
INV-2022-0010,2023-12-10,12,2024-01-20,Net 41,41,USD,V082,Acme Labs Inc,"2298 Enterprise Ave, Austin, NY 23859",billing@acme-labs.com,RB-3008960,Healthcare,SmartInvoiceInc,"100 Commerce Blvd, Dallas, TX 75201",12,48188.02,9.0,4336.92,276223.76,2024-01-20,0,1.0
INV-2024-0273,2025-06-15,6,2025-07-06,Net 21,21,USD,V021,Swift Ventures LLC,"9509 Enterprise Ave, San Francisco, OH 36962",billing@swift-ventures.com,HP-7243669,Retail,SmartInvoiceInc,"100 Commerce Blvd, Dallas, TX 75201",12,39491.79,8.5,3356.8,92212.07,2025-07-06,0,1.0
INV-2022-0150,2022-12-23,12,2022-12-24,Net 1,1,USD,V058,Alpha Parts Inc,"5515 Business Pkwy, Chicago, CO 68596",billing@alpha-parts.com,NC-1873172,Healthcare,SmartInvoiceInc,"100 Commerce Blvd, Dallas, TX 75201",50,7675.77,9.0,690.82,141460.64,2023-01-17,1,1.0
INV-2023-0145,2024-08-25,8,2024-09-26,Net 32,32,USD,V049,Global Freight Corp,"2572 Enterprise Ave, New York, FL 64553",billing@global-freight.com,BX-2314532,Technology,SmartInvoiceInc,"100 Commerce Blvd, Dallas, TX 75201",41,48614.26,8.0,3889.14,1.0,2024-11-06,1,1.0
INV-2024-0033,2022-11-09,11,2022-11-10,Net 1,1,USD,V033,Nexus Tech Inc,"504 Corporate Ln, New York, TX 70100",billing@nexus-tech.com,EF-4196340,Healthcare,SmartInvoiceInc,"100 Commerce Blvd, Dallas, TX 75201",3,21190.5,6.25,1324.41,7291.08,2022-11-10,0,1.0
INV-2024-0108,2023-09-28,9,2023-11-01,Net 34,34,USD,V033,Nexus Tech Inc,"504 Corporate Ln, New York, TX 70100",billing@nexus-tech.com,EF-4196340,Healthcare,SmartInvoiceInc,"100 Commerce Blvd, Dallas, TX 75201",6,20496.9,7.5,1537.27,1.0,2023-11-23,1,1.0
INV-2022-0151,2022-06-25,6,2022-06-26,Net 1,1,USD,V049,Global Freight Corp,"2572 Enterprise Ave, New York, FL 64553",billing@global-freight.com,BX-2314532,Technology,SmartInvoiceInc,"100 Commerce Blvd, Dallas, TX 75201",1,4545.4,8.5,386.36,1.0,2022-06-26,0,1.0
INV-2024-0075,2022-04-24,4,2022-04-28,Net 4,4,USD,V074,Summit Systems LLC,"5688 Commerce Blvd, Miami, TX 56163",billing@summit-systems.com,IQ-3412149,Retail,SmartInvoiceInc,"100 Commerce Blvd, Dallas, TX 75201",4,47312.06,6.25,2957.0,58147.79,2022-04-28,0,1.0
INV-2022-0146,2023-01-01,1,2023-04-01,Net 90,90,USD,V098,Titan Supplies Co,"3257 Venture Blvd, Miami, IL 34070",billing@titan-supplies.com,IS-9593223,Manufacturing,SmartInvoiceInc,"100 Commerce Blvd, Dallas, TX 75201",50,23278.03,9.0,2095.02,32114.11,2023-04-01,0,1.0
INV-2024-0154,2024-04-14,4,2024-07-11,Net 88,88,USD,V088,Sterling Tech Group,"1722 Enterprise Ave, Seattle, OH 71396",billing@sterling-tech.com,YF-8369434,Manufacturing,SmartInvoiceInc,"100 Commerce Blvd, Dallas, TX 75201",1,6040.83,7.5,453.06,1.0,2024-07-11,0,1.0
INV-2024-0020,2023-11-18,11,2024-01-07,Net 50,50,USD,V064,Swift Labs Inc,"6128 Market St, Chicago, FL 50631",billing@swift-labs.com,OH-7356228,Healthcare,SmartInvoiceInc,"100 Commerce Blvd, Dallas, TX 75201",29,10467.51,9.0,942.08,6120.25,2024-01-07,0,1.0
INV-2023-0105,2022-10-23,10,2022-12-25,Net 63,63,USD,V026,Titan Partners Co,"5010 Enterprise Ave, New York, IL 71642",billing@titan-partners.com,ED-1423570,Retail,SmartInvoiceInc,"100 Commerce Blvd, Dallas, TX 75201",18,37959.2,8.5,3226.53,1.0,2023-02-03,1,1.0
INV-2022-0168,2023-08-03,8,2023-10-05,Net 63,63,USD,V085,Nexus Security Inc,"3286 Commerce Blvd, Atlanta, WA 70774",billing@nexus-security.com,IV-3245909,Services,SmartInvoiceInc,"100 Commerce Blvd, Dallas, TX 75201",50,43593.63,7.5,3269.52,1.0,2023-10-05,0,1.0
INV-2022-0045,2022-09-06,9,2022-10-16,Net 40,40,USD,V040,Elite Tech Co,"6369 Tech Park Way, Atlanta, GA 90719",billing@elite-tech.com,KV-2072647,Retail,SmartInvoiceInc,"100 Commerce Blvd, Dallas, TX 75201",14,1844.79,6.25,115.3,32531.58,2022-10-19,1,1.0
INV-2024-0264,2024-10-13,10,2024-12-14,Net 62,62,USD,V072,Elite Supplies LLC,"8170 Industrial Dr, Houston, TX 16783",billing@elite-supplies.com,KL-1996530,Technology,SmartInvoiceInc,"100 Commerce Blvd, Dallas, TX 75201",1,19841.05,7.5,1488.08,56699.61,2025-01-06,1,1.0
INV-2023-0262,2023-11-11,11,2023-11-12,Net 1,1,USD,V089,Delta Energy Group,"6236 Enterprise Ave, Miami, AZ 69052",billing@delta-energy.com,QZ-9752084,Retail,SmartInvoiceInc,"100 Commerce Blvd, Dallas, TX 75201",6,5123.69,8.25,422.7,1.0,2023-11-12,0,1.0
INV-2023-0229,2023-08-07,8,2023-08-08,Net 1,1,USD,V012,Beacon Tech LLC,"517 Tech Park Way, Atlanta, GA 13267",billing@beacon-tech.com,ZU-3922097,Healthcare,SmartInvoiceInc,"100 Commerce Blvd, Dallas, TX 75201",8,14713.33,8.0,1177.07,1.0,2023-08-08,0,1.0
INV-2024-0248,2024-07-11,7,2024-10-09,Net 90,90,USD,V085,Nexus Security Inc,"3286 Commerce Blvd, Atlanta, WA 70774",billing@nexus-security.com,IV-3245909,Services,SmartInvoiceInc,"100 Commerce Blvd, Dallas, TX 75201",1,20100.54,8.5,1708.55,1.0,2024-10-09,0,1.0
INV-2023-0040,2021-07-08,7,2021-07-09,Net 1,1,USD,V042,Summit Capital Co,"5685 Venture Blvd, New York, IL 49749",billing@summit-capital.com,AE-3245131,Manufacturing,SmartInvoiceInc,"100 Commerce Blvd, Dallas, TX 75201",50,28112.1,7.0,1967.85,68729.27,2021-07-12,1,1.0
INV-2023-0230,2024-05-01,5,2024-06-03,Net 33,33,USD,V003,Global Logistics LLC,"9032 Venture Blvd, San Francisco, GA 11150",billing@global-logistics.com,IL-7095929,Manufacturing,SmartInvoiceInc,"100 Commerce Blvd, Dallas, TX 75201",10,8858.28,8.5,752.95,45750.5,2024-06-04,1,1.0
INV-2024-0088,2021-06-16,6,2021-06-17,Net 1,1,USD,V008,Apex Security LLC,"9923 Commerce Blvd, Chicago, IL 26364",billing@apex-security.com,DP-2100567,Manufacturing,SmartInvoiceInc,"100 Commerce Blvd, Dallas, TX 75201",9,8029.16,8.0,642.33,16982.63,2021-06-17,0,1.0
INV-2022-0049,2022-02-07,2,2022-05-08,Net 90,90,USD,V019,Pioneer Marketing Co,"5261 Venture Blvd, Miami, AZ 19348",billing@pioneer-marketing.com,CW-3276360,Manufacturing,SmartInvoiceInc,"100 Commerce Blvd, Dallas, TX 75201",1,40278.38,8.5,3423.66,93966.25,2022-05-09,1,1.0
INV-2022-0143,2021-01-01,1,2021-01-24,Net 23,23,USD,V063,Bright Capital Inc,"1050 Commerce Blvd, Los Angeles, OH 69201",billing@bright-capital.com,JE-8583354,Manufacturing,SmartInvoiceInc,"100 Commerce Blvd, Dallas, TX 75201",1,16489.05,8.0,1319.12,141493.36,2021-01-24,0,1.0
INV-2022-0005,2024-05-11,5,2024-08-09,Net 90,90,USD,V095,Pacific Supplies Group,"2422 Enterprise Ave, Dallas, TX 59481",billing@pacific-supplies.com,YW-8599600,Retail,SmartInvoiceInc,"100 Commerce Blvd, Dallas, TX 75201",1,28207.91,6.25,1762.99,25652.14,2024-08-29,1,1.0
INV-2022-0117,2023-10-12,10,2023-11-16,Net 35,35,USD,V034,Summit Ventures Co,"4909 Venture Blvd, Austin, TX 66397",billing@summit-ventures.com,IN-7195200,Services,SmartInvoiceInc,"100 Commerce Blvd, Dallas, TX 75201",23,48686.14,8.0,3894.89,123163.98,2023-11-16,0,1.0
INV-2024-0039,2023-09-01,9,2023-09-28,Net 27,27,USD,V050,Alpha Logistics Inc,"1560 Business Pkwy, San Francisco, OH 11605",billing@alpha-logistics.com,WP-3255363,Services,SmartInvoiceInc,"100 Commerce Blvd, Dallas, TX 75201",17,38099.33,6.25,2381.21,36963.73,2023-11-11,1,1.0
INV-2024-0119,2024-05-30,5,2024-08-28,Net 90,90,USD,V073,Acme Systems Group,"3672 Innovation Rd, Dallas, TX 47148",billing@acme-systems.com,KV-6786265,Retail,SmartInvoiceInc,"100 Commerce Blvd, Dallas, TX 75201",50,41053.13,8.0,3284.25,55046.81,2024-09-23,1,1.0
INV-2022-0223,2024-06-05,6,2024-09-03,Net 90,90,USD,V021,Swift Ventures LLC,"9509 Enterprise Ave, San Francisco, OH 36962",billing@swift-ventures.com,HP-7243669,Retail,SmartInvoiceInc,"100 Commerce Blvd, Dallas, TX 75201",1,12373.77,8.0,989.9,1.0,2024-09-03,0,1.0
INV-2023-0156,2021-01-01,1,2021-01-02,Net 1,1,USD,V051,Summit Cloud Inc,"8534 Innovation Rd, San Francisco, FL 19111",billing@summit-cloud.com,FB-8643603,Retail,SmartInvoiceInc,"100 Commerce Blvd, Dallas, TX 75201",8,37566.9,6.25,2347.93,59759.98,2021-01-02,0,1.0
INV-2024-0165,2023-10-15,10,2023-10-24,Net 9,9,USD,V022,Acme Capital Inc,"8802 Corporate Ln, Atlanta, FL 45909",billing@acme-capital.com,SL-9415398,Services,SmartInvoiceInc,"100 Commerce Blvd, Dallas, TX 75201",6,40406.7,8.5,3434.57,43509.27,2023-10-24,0,1.0
INV-2023-0195,2024-01-01,1,2024-01-17,Net 16,16,USD,V035,Pioneer Parts Co,"816 Market St, Dallas, TX 55543",billing@pioneer-parts.com,BH-9896761,Manufacturing,SmartInvoiceInc,"100 Commerce Blvd, Dallas, TX 75201",10,37095.09,7.0,2596.66,28982.68,2024-02-26,1,1.0
INV-2024-0204,2025-04-28,4,2025-06-19,Net 52,52,USD,V028,Pioneer Systems LLC,"5163 Business Pkwy, Chicago, IL 39703",billing@pioneer-systems.com,ZD-7655623,Manufacturing,SmartInvoiceInc,"100 Commerce Blvd, Dallas, TX 75201",7,8773.03,8.0,701.84,1.0,2025-06-27,1,1.0
INV-2024-0146,2025-09-05,9,2025-10-11,Net 36,36,USD,V087,Bright Energy LLC,"5575 Trade Center Dr, New York, CA 49952",billing@bright-energy.com,EY-6888997,Manufacturing,SmartInvoiceInc,"100 Commerce Blvd, Dallas, TX 75201",1,34860.45,6.25,2178.78,59198.42,2025-10-26,1,1.0
INV-2024-0005,2024-01-25,1,2024-02-20,Net 26,26,USD,V063,Bright Capital Inc,"1050 Commerce Blvd, Los Angeles, OH 69201",billing@bright-capital.com,JE-8583354,Manufacturing,SmartInvoiceInc,"100 Commerce Blvd, Dallas, TX 75201",1,38276.19,8.25,3157.79,51480.0,2024-02-20,0,1.0
INV-2022-0123,2021-10-06,10,2021-12-15,Net 70,70,USD,V014,Swift Parts Inc,"3067 Tech Park Way, Dallas, NY 95999",billing@swift-parts.com,DR-1070640,Healthcare,SmartInvoiceInc,"100 Commerce Blvd, Dallas, TX 75201",38,12021.78,6.25,751.36,1.0,2021-12-15,0,1.0
INV-2023-0120,2024-03-29,3,2024-04-20,Net 22,22,USD,V077,Pioneer Data LLC,"6745 Commerce Blvd, Houston, OH 35522",billing@pioneer-data.com,DA-6517366,Services,SmartInvoiceInc,"100 Commerce Blvd, Dallas, TX 75201",18,32713.04,8.5,2780.61,1.0,2024-04-20,0,1.0
INV-2022-0038,2021-01-31,1,2021-03-25,Net 53,53,USD,V023,Titan Marketing LLC,"6077 Tech Park Way, Miami, NY 96188",billing@titan-marketing.com,MR-5984445,Manufacturing,SmartInvoiceInc,"100 Commerce Blvd, Dallas, TX 75201",1,22629.25,8.5,1923.49,1.0,2021-04-02,1,1.0
INV-2024-0167,2025-03-14,3,2025-06-07,Net 85,85,USD,V062,Vanguard Security LLC,"5667 Market St, Dallas, FL 35053",billing@vanguard-security.com,GD-7867100,Technology,SmartInvoiceInc,"100 Commerce Blvd, Dallas, TX 75201",50,48851.62,8.5,4152.39,141914.72,2025-06-07,0,1.0
INV-2024-0200,2024-06-10,6,2024-08-26,Net 77,77,USD,V025,Acme Supplies Group,"7676 Innovation Rd, Dallas, OH 77641",billing@acme-supplies.com,LM-5848287,Healthcare,SmartInvoiceInc,"100 Commerce Blvd, Dallas, TX 75201",50,45944.79,9.0,4135.03,87161.14,2024-09-14,1,1.0
INV-2024-0192,2025-12-31,12,2026-02-14,Net 45,45,USD,V051,Summit Cloud Inc,"8534 Innovation Rd, San Francisco, FL 19111",billing@summit-cloud.com,FB-8643603,Retail,SmartInvoiceInc,"100 Commerce Blvd, Dallas, TX 75201",1,35116.11,8.0,2809.29,1.0,2026-02-21,1,1.0
INV-2022-0036,2022-05-24,5,2022-08-22,Net 90,90,USD,V078,Beacon Legal LLC,"1581 Tech Park Way, Houston, TX 91974",billing@beacon-legal.com,RG-8449607,Technology,SmartInvoiceInc,"100 Commerce Blvd, Dallas, TX 75201",1,15585.18,9.0,1402.67,119.57,2022-08-22,0,1.0
INV-2022-0221,2025-12-31,12,2026-03-30,Net 89,89,USD,V019,Pioneer Marketing Co,"5261 Venture Blvd, Miami, AZ 19348",billing@pioneer-marketing.com,CW-3276360,Manufacturing,SmartInvoiceInc,"100 Commerce Blvd, Dallas, TX 75201",9,6072.73,8.5,516.18,158679.27,2026-05-05,1,1.0
INV-2024-0133,2025-08-11,8,2025-08-12,Net 1,1,USD,V040,Elite Tech Co,"6369 Tech Park Way, Atlanta, GA 90719",billing@elite-tech.com,KV-2072647,Retail,SmartInvoiceInc,"100 Commerce Blvd, Dallas, TX 75201",7,1114.0,8.0,89.12,8081.72,2025-08-23,1,1.0
INV-2023-0064,2023-06-20,6,2023-08-21,Net 62,62,USD,V053,Pinnacle Labs LLC,"946 Innovation Rd, Seattle, NY 98236",billing@pinnacle-labs.com,LE-1064323,Services,SmartInvoiceInc,"100 Commerce Blvd, Dallas, TX 75201",1,15346.0,8.5,1304.41,80374.64,2023-08-21,0,1.0
INV-2022-0034,2022-11-18,11,2023-02-11,Net 85,85,USD,V068,Nexus Energy Group,"3976 Innovation Rd, Seattle, TX 75310",billing@nexus-energy.com,ZI-9887324,Technology,SmartInvoiceInc,"100 Commerce Blvd, Dallas, TX 75201",5,43924.46,8.25,3623.77,31104.27,2023-02-11,0,1.0
INV-2024-0188,2024-05-20,5,2024-08-13,Net 85,85,USD,V041,Titan Tech Group,"8572 Tech Park Way, Austin, CA 38732",billing@titan-tech.com,ZS-8757202,Healthcare,SmartInvoiceInc,"100 Commerce Blvd, Dallas, TX 75201",1,12355.75,6.25,772.23,1471.67,2024-08-25,1,1.0
INV-2024-0053,2024-12-30,12,2025-03-06,Net 66,66,USD,V035,Pioneer Parts Co,"816 Market St, Dallas, TX 55543",billing@pioneer-parts.com,BH-9896761,Manufacturing,SmartInvoiceInc,"100 Commerce Blvd, Dallas, TX 75201",19,42856.96,9.0,3857.13,53939.24,2025-03-06,0,1.0
INV-2024-0189,2025-04-17,4,2025-06-18,Net 62,62,USD,V048,Pacific Tech Co,"9461 Market St, New York, CA 22910",billing@pacific-tech.com,HH-9469872,Retail,SmartInvoiceInc,"100 Commerce Blvd, Dallas, TX 75201",2,30149.44,6.25,1884.34,67356.45,2025-06-18,0,1.0
INV-2023-0173,2023-04-28,4,2023-06-25,Net 58,58,USD,V073,Acme Systems Group,"3672 Innovation Rd, Dallas, TX 47148",billing@acme-systems.com,KV-6786265,Retail,SmartInvoiceInc,"100 Commerce Blvd, Dallas, TX 75201",50,33625.41,6.25,2101.59,32909.06,2023-07-27,1,1.0
INV-2024-0260,2025-09-03,9,2025-11-02,Net 60,60,USD,V065,Delta Tech Group,"2991 Industrial Dr, Austin, NY 85683",billing@delta-tech.com,DZ-8726890,Services,SmartInvoiceInc,"100 Commerce Blvd, Dallas, TX 75201",1,34875.3,8.0,2790.02,1.0,2025-11-02,0,1.0
INV-2022-0148,2024-10-27,10,2024-10-28,Net 1,1,USD,V046,Titan Freight Co,"3445 Venture Blvd, New York, NY 44674",billing@titan-freight.com,OY-3319049,Technology,SmartInvoiceInc,"100 Commerce Blvd, Dallas, TX 75201",47,30295.21,7.0,2120.66,120430.21,2024-11-19,1,1.0
INV-2022-0216,2022-06-20,6,2022-09-02,Net 74,74,USD,V021,Swift Ventures LLC,"9509 Enterprise Ave, San Francisco, OH 36962",billing@swift-ventures.com,HP-7243669,Retail,SmartInvoiceInc,"100 Commerce Blvd, Dallas, TX 75201",11,29789.01,8.25,2457.59,38975.93,2022-09-02,0,1.0
INV-2022-0241,2021-06-12,6,2021-07-08,Net 26,26,USD,V055,Beacon Security Co,"2126 Tech Park Way, Dallas, OH 69383",billing@beacon-security.com,JE-4757974,Manufacturing,SmartInvoiceInc,"100 Commerce Blvd, Dallas, TX 75201",2,19533.31,8.25,1611.5,30546.72,2021-07-08,0,1.0
INV-2022-0082,2023-02-08,2,2023-05-09,Net 90,90,USD,V066,Global Marketing Co,"5879 Venture Blvd, Chicago, OH 22999",billing@global-marketing.com,WO-9464685,Services,SmartInvoiceInc,"100 Commerce Blvd, Dallas, TX 75201",5,23908.41,6.25,1494.28,1.0,2023-05-09,0,1.0
INV-2023-0237,2023-11-21,11,2024-01-04,Net 44,44,USD,V087,Bright Energy LLC,"5575 Trade Center Dr, New York, CA 49952",billing@bright-energy.com,EY-6888997,Manufacturing,SmartInvoiceInc,"100 Commerce Blvd, Dallas, TX 75201",1,44628.26,7.0,3123.98,92320.66,2024-01-16,1,1.0
INV-2024-0261,2024-12-29,12,2025-02-21,Net 54,54,USD,V006,Apex Solutions Co,"2241 Market St, San Francisco, AZ 45247",billing@apex-solutions.com,UG-6698848,Healthcare,SmartInvoiceInc,"100 Commerce Blvd, Dallas, TX 75201",40,12323.4,7.0,862.64,29498.53,2025-02-21,0,1.0
INV-2022-0039,2021-05-30,5,2021-08-05,Net 67,67,USD,V093,Delta Labs Corp,"7201 Industrial Dr, Atlanta, AZ 11524",billing@delta-labs.com,II-7984720,Technology,SmartInvoiceInc,"100 Commerce Blvd, Dallas, TX 75201",24,31314.72,8.5,2661.75,139510.0,2021-08-05,0,1.0
INV-2022-0144,2022-07-22,7,2022-08-27,Net 36,36,USD,V084,Bright Medical LLC,"7183 Tech Park Way, Los Angeles, AZ 27771",billing@bright-medical.com,XQ-6499593,Services,SmartInvoiceInc,"100 Commerce Blvd, Dallas, TX 75201",14,26070.35,8.5,2215.98,70402.44,2022-08-27,0,1.0
INV-2022-0228,2022-01-24,1,2022-03-13,Net 48,48,USD,V062,Vanguard Security LLC,"5667 Market St, Dallas, FL 35053",billing@vanguard-security.com,GD-7867100,Technology,SmartInvoiceInc,"100 Commerce Blvd, Dallas, TX 75201",1,42274.27,6.25,2642.14,1.0,2022-04-03,1,1.0
INV-2022-0066,2023-01-08,1,2023-03-01,Net 52,52,USD,V049,Global Freight Corp,"2572 Enterprise Ave, New York, FL 64553",billing@global-freight.com,BX-2314532,Technology,SmartInvoiceInc,"100 Commerce Blvd, Dallas, TX 75201",14,15027.7,8.5,1277.35,52604.93,2023-03-01,0,1.0
INV-2022-0244,2023-03-08,3,2023-03-09,Net 1,1,USD,V088,Sterling Tech Group,"1722 Enterprise Ave, Seattle, OH 71396",billing@sterling-tech.com,YF-8369434,Manufacturing,SmartInvoiceInc,"100 Commerce Blvd, Dallas, TX 75201",31,31044.79,8.25,2561.2,187825.49,2023-04-17,1,1.0
INV-2023-0148,2024-06-30,6,2024-08-18,Net 49,49,USD,V055,Beacon Security Co,"2126 Tech Park Way, Dallas, OH 69383",billing@beacon-security.com,JE-4757974,Manufacturing,SmartInvoiceInc,"100 Commerce Blvd, Dallas, TX 75201",17,24930.56,7.5,1869.79,49994.56,2024-08-29,1,1.0
INV-2024-0067,2023-07-28,7,2023-10-26,Net 90,90,USD,V077,Pioneer Data LLC,"6745 Commerce Blvd, Houston, OH 35522",billing@pioneer-data.com,DA-6517366,Services,SmartInvoiceInc,"100 Commerce Blvd, Dallas, TX 75201",50,8677.59,8.0,694.21,1.0,2023-10-26,0,1.0
INV-2024-0040,2025-03-03,3,2025-06-01,Net 90,90,USD,V072,Elite Supplies LLC,"8170 Industrial Dr, Houston, TX 16783",billing@elite-supplies.com,KL-1996530,Technology,SmartInvoiceInc,"100 Commerce Blvd, Dallas, TX 75201",17,30591.31,6.25,1911.96,76425.53,2025-06-01,0,1.0
INV-2022-0253,2022-09-11,9,2022-10-21,Net 40,40,USD,V092,Pinnacle Capital Co,"7579 Commerce Blvd, Seattle, FL 84478",billing@pinnacle-capital.com,TS-6703394,Retail,SmartInvoiceInc,"100 Commerce Blvd, Dallas, TX 75201",4,577.47,7.5,43.31,7244.92,2022-11-20,1,1.0
INV-2023-0140,2022-11-14,11,2022-12-12,Net 28,28,USD,V047,Elite Energy Inc,"6329 Venture Blvd, Atlanta, TX 13596",billing@elite-energy.com,TY-1467010,Technology,SmartInvoiceInc,"100 Commerce Blvd, Dallas, TX 75201",26,30387.87,7.0,2127.15,81773.57,2022-12-16,1,1.0
INV-2022-0248,2023-01-12,1,2023-02-13,Net 32,32,USD,V094,Pioneer Supplies Inc,"160 Innovation Rd, Seattle, CO 23350",billing@pioneer-supplies.com,CC-6787749,Manufacturing,SmartInvoiceInc,"100 Commerce Blvd, Dallas, TX 75201",8,18768.12,7.5,1407.61,28331.79,2023-02-13,0,1.0
INV-2022-0129,2023-02-10,2,2023-02-11,Net 1,1,USD,V040,Elite Tech Co,"6369 Tech Park Way, Atlanta, GA 90719",billing@elite-tech.com,KV-2072647,Retail,SmartInvoiceInc,"100 Commerce Blvd, Dallas, TX 75201",21,4014.88,7.0,281.04,13610.27,2023-02-11,0,1.0
INV-2023-0044,2023-09-23,9,2023-09-24,Net 1,1,USD,V041,Titan Tech Group,"8572 Tech Park Way, Austin, CA 38732",billing@titan-tech.com,ZS-8757202,Healthcare,SmartInvoiceInc,"100 Commerce Blvd, Dallas, TX 75201",28,33594.35,6.25,2099.65,58912.57,2023-09-24,0,1.0
INV-2023-0238,2025-03-02,3,2025-05-31,Net 90,90,USD,V051,Summit Cloud Inc,"8534 Innovation Rd, San Francisco, FL 19111",billing@summit-cloud.com,FB-8643603,Retail,SmartInvoiceInc,"100 Commerce Blvd, Dallas, TX 75201",3,1001.49,7.0,70.1,14359.46,2025-06-09,1,1.0
INV-2022-0006,2021-12-16,12,2022-03-16,Net 90,90,USD,V039,Elite Labs Group,"237 Innovation Rd, Dallas, AZ 29963",billing@elite-labs.com,TX-2849396,Manufacturing,SmartInvoiceInc,"100 Commerce Blvd, Dallas, TX 75201",1,36336.67,7.5,2725.25,20044.9,2022-03-16,0,1.0
INV-2022-0096,2023-06-09,6,2023-06-26,Net 17,17,USD,V093,Delta Labs Corp,"7201 Industrial Dr, Atlanta, AZ 11524",billing@delta-labs.com,II-7984720,Technology,SmartInvoiceInc,"100 Commerce Blvd, Dallas, TX 75201",9,26931.39,7.0,1885.2,40666.22,2023-07-08,1,1.0
INV-2023-0141,2021-01-01,1,2021-02-08,Net 38,38,USD,V035,Pioneer Parts Co,"816 Market St, Dallas, TX 55543",billing@pioneer-parts.com,BH-9896761,Manufacturing,SmartInvoiceInc,"100 Commerce Blvd, Dallas, TX 75201",17,4677.42,9.0,420.97,1.0,2021-03-01,1,1.0
INV-2024-0076,2024-06-27,6,2024-06-28,Net 1,1,USD,V062,Vanguard Security LLC,"5667 Market St, Dallas, FL 35053",billing@vanguard-security.com,GD-7867100,Technology,SmartInvoiceInc,"100 Commerce Blvd, Dallas, TX 75201",21,42357.42,8.5,3600.38,1.0,2024-06-28,0,1.0
INV-2024-0025,2023-09-24,9,2023-11-23,Net 60,60,USD,V036,Delta Partners Corp,"4463 Commerce Blvd, New York, IL 34285",billing@delta-partners.com,YQ-6165679,Healthcare,SmartInvoiceInc,"100 Commerce Blvd, Dallas, TX 75201",20,14131.37,8.25,1165.84,17533.84,2023-11-23,0,1.0
INV-2024-0254,2025-11-22,11,2026-01-22,Net 61,61,USD,V030,Delta Solutions Group,"2879 Tech Park Way, New York, CA 66178",billing@delta-solutions.com,EO-6187480,Manufacturing,SmartInvoiceInc,"100 Commerce Blvd, Dallas, TX 75201",1,40019.83,7.5,3001.49,17612.35,2026-03-07,1,1.0
INV-2023-0129,2024-08-06,8,2024-08-07,Net 1,1,USD,V079,Alpha Partners Inc,"6054 Innovation Rd, Miami, WA 66373",billing@alpha-partners.com,YO-4185714,Technology,SmartInvoiceInc,"100 Commerce Blvd, Dallas, TX 75201",9,44537.78,7.0,3117.64,28953.53,2024-09-12,1,1.0
INV-2023-0048,2023-09-08,9,2023-10-21,Net 43,43,USD,V033,Nexus Tech Inc,"504 Corporate Ln, New York, TX 70100",billing@nexus-tech.com,EF-4196340,Healthcare,SmartInvoiceInc,"100 Commerce Blvd, Dallas, TX 75201",1,25828.23,8.0,2066.26,53218.69,2023-10-21,0,1.0
INV-2023-0216,2023-12-19,12,2023-12-20,Net 1,1,USD,V068,Nexus Energy Group,"3976 Innovation Rd, Seattle, TX 75310",billing@nexus-energy.com,ZI-9887324,Technology,SmartInvoiceInc,"100 Commerce Blvd, Dallas, TX 75201",1,17620.93,8.0,1409.67,26076.78,2023-12-30,1,1.0
INV-2022-0254,2023-06-14,6,2023-06-21,Net 7,7,USD,V060,Elite Parts Co,"6665 Commerce Blvd, Miami, TX 29096",billing@elite-parts.com,QA-4681262,Manufacturing,SmartInvoiceInc,"100 Commerce Blvd, Dallas, TX 75201",1,17359.91,9.0,1562.39,41385.84,2023-06-21,0,1.0
INV-2022-0058,2021-01-01,1,2021-04-01,Net 90,90,USD,V011,Acme Legal Group,"5826 Industrial Dr, Austin, CA 37350",billing@acme-legal.com,QZ-5833177,Manufacturing,SmartInvoiceInc,"100 Commerce Blvd, Dallas, TX 75201",19,34017.47,8.25,2806.44,1.0,2021-04-13,1,1.0
INV-2022-0249,2021-06-05,6,2021-09-03,Net 90,90,USD,V065,Delta Tech Group,"2991 Industrial Dr, Austin, NY 85683",billing@delta-tech.com,DZ-8726890,Services,SmartInvoiceInc,"100 Commerce Blvd, Dallas, TX 75201",27,8784.31,7.0,614.9,83998.47,2021-09-03,0,1.0
INV-2023-0165,2025-12-31,12,2026-03-31,Net 90,90,USD,V088,Sterling Tech Group,"1722 Enterprise Ave, Seattle, OH 71396",billing@sterling-tech.com,YF-8369434,Manufacturing,SmartInvoiceInc,"100 Commerce Blvd, Dallas, TX 75201",1,48218.86,8.0,3857.51,42497.6,2026-05-13,1,1.0
INV-2022-0192,2022-11-22,11,2023-01-21,Net 60,60,USD,V064,Swift Labs Inc,"6128 Market St, Chicago, FL 50631",billing@swift-labs.com,OH-7356228,Healthcare,SmartInvoiceInc,"100 Commerce Blvd, Dallas, TX 75201",50,20074.0,8.5,1706.29,1.0,2023-01-21,0,1.0
INV-2024-0262,2025-12-31,12,2026-01-02,Net 2,2,USD,V015,Prime Parts Group,"3540 Corporate Ln, Miami, CO 78450",billing@prime-parts.com,IQ-6781565,Retail,SmartInvoiceInc,"100 Commerce Blvd, Dallas, TX 75201",1,45054.12,8.25,3716.96,113224.93,2026-02-08,1,1.0
INV-2022-0017,2021-12-28,12,2022-02-07,Net 41,41,USD,V035,Pioneer Parts Co,"816 Market St, Dallas, TX 55543",billing@pioneer-parts.com,BH-9896761,Manufacturing,SmartInvoiceInc,"100 Commerce Blvd, Dallas, TX 75201",15,30345.67,8.0,2427.65,81565.73,2022-02-07,0,1.0
INV-2022-0250,2024-03-15,3,2024-03-16,Net 1,1,USD,V029,Nexus Freight Group,"639 Enterprise Ave, Atlanta, FL 30159",billing@nexus-freight.com,VQ-5010912,Healthcare,SmartInvoiceInc,"100 Commerce Blvd, Dallas, TX 75201",18,8003.42,6.25,500.21,10619.72,2024-04-07,1,1.0
INV-2024-0097,2022-11-27,11,2023-02-25,Net 90,90,USD,V068,Nexus Energy Group,"3976 Innovation Rd, Seattle, TX 75310",billing@nexus-energy.com,ZI-9887324,Technology,SmartInvoiceInc,"100 Commerce Blvd, Dallas, TX 75201",2,24154.98,8.25,1992.79,60725.93,2023-02-25,0,1.0
INV-2023-0239,2024-05-04,5,2024-05-05,Net 1,1,USD,V086,Swift Consulting Group,"6909 Venture Blvd, Houston, GA 84532",billing@swift-consulting.com,KF-2014929,Healthcare,SmartInvoiceInc,"100 Commerce Blvd, Dallas, TX 75201",11,18131.19,7.0,1269.18,115918.09,2024-05-26,1,1.0
INV-2023-0061,2025-01-25,1,2025-04-25,Net 90,90,USD,V046,Titan Freight Co,"3445 Venture Blvd, New York, NY 44674",billing@titan-freight.com,OY-3319049,Technology,SmartInvoiceInc,"100 Commerce Blvd, Dallas, TX 75201",1,12134.34,7.5,910.08,1.0,2025-04-25,0,1.0
INV-2024-0090,2025-12-31,12,2026-01-27,Net 27,27,USD,V001,Metro Legal Co,"5791 Enterprise Ave, Miami, FL 64021",billing@metro-legal.com,MT-6143901,Services,SmartInvoiceInc,"100 Commerce Blvd, Dallas, TX 75201",1,7950.81,7.0,556.56,65434.6,2026-01-27,0,1.0
INV-2022-0257,2022-06-29,6,2022-06-30,Net 1,1,USD,V051,Summit Cloud Inc,"8534 Innovation Rd, San Francisco, FL 19111",billing@summit-cloud.com,FB-8643603,Retail,SmartInvoiceInc,"100 Commerce Blvd, Dallas, TX 75201",1,36861.61,7.0,2580.31,25044.43,2022-07-24,1,1.0
INV-2023-0221,2024-03-13,3,2024-05-22,Net 70,70,USD,V019,Pioneer Marketing Co,"5261 Venture Blvd, Miami, AZ 19348",billing@pioneer-marketing.com,CW-3276360,Manufacturing,SmartInvoiceInc,"100 Commerce Blvd, Dallas, TX 75201",1,20059.32,8.0,1604.75,21377.88,2024-05-22,0,1.0
INV-2024-0220,2025-12-31,12,2026-01-01,Net 1,1,USD,V036,Delta Partners Corp,"4463 Commerce Blvd, New York, IL 34285",billing@delta-partners.com,YQ-6165679,Healthcare,SmartInvoiceInc,"100 Commerce Blvd, Dallas, TX 75201",50,7052.43,7.5,528.93,1.0,2026-01-01,0,1.0
INV-2023-0078,2024-03-02,3,2024-04-26,Net 55,55,USD,V011,Acme Legal Group,"5826 Industrial Dr, Austin, CA 37350",billing@acme-legal.com,QZ-5833177,Manufacturing,SmartInvoiceInc,"100 Commerce Blvd, Dallas, TX 75201",29,23194.09,8.5,1971.5,72443.76,2024-05-07,1,1.0
INV-2023-0039,2023-08-18,8,2023-08-19,Net 1,1,USD,V092,Pinnacle Capital Co,"7579 Commerce Blvd, Seattle, FL 84478",billing@pinnacle-capital.com,TS-6703394,Retail,SmartInvoiceInc,"100 Commerce Blvd, Dallas, TX 75201",1,34197.42,6.25,2137.34,38540.87,2023-08-19,0,1.0
INV-2023-0162,2021-01-01,1,2021-03-12,Net 70,70,USD,V012,Beacon Tech LLC,"517 Tech Park Way, Atlanta, GA 13267",billing@beacon-tech.com,ZU-3922097,Healthcare,SmartInvoiceInc,"100 Commerce Blvd, Dallas, TX 75201",23,47481.05,7.0,3323.67,168863.17,2021-03-12,0,1.0
INV-2024-0210,2025-12-31,12,2026-03-31,Net 90,90,USD,V052,Pinnacle Tech Corp,"8295 Business Pkwy, New York, TX 94471",billing@pinnacle-tech.com,FS-3357821,Technology,SmartInvoiceInc,"100 Commerce Blvd, Dallas, TX 75201",21,29642.21,7.0,2074.95,1.0,2026-03-31,0,1.0
INV-2023-0149,2023-04-25,4,2023-04-26,Net 1,1,USD,V075,Titan Energy Co,"6804 Corporate Ln, Dallas, GA 12482",billing@titan-energy.com,XS-8433533,Healthcare,SmartInvoiceInc,"100 Commerce Blvd, Dallas, TX 75201",48,30484.89,6.25,1905.31,199509.41,2023-05-13,1,1.0
INV-2022-0226,2023-07-20,7,2023-08-07,Net 18,18,USD,V051,Summit Cloud Inc,"8534 Innovation Rd, San Francisco, FL 19111",billing@summit-cloud.com,FB-8643603,Retail,SmartInvoiceInc,"100 Commerce Blvd, Dallas, TX 75201",2,23070.97,8.0,1845.68,79375.08,2023-08-07,0,1.0
INV-2022-0035,2024-04-10,4,2024-07-09,Net 90,90,USD,V004,Metro Medical Inc,"7905 Business Pkwy, Atlanta, WA 66556",billing@metro-medical.com,UA-8474447,Healthcare,SmartInvoiceInc,"100 Commerce Blvd, Dallas, TX 75201",1,24085.93,9.0,2167.73,1.0,2024-08-23,1,1.0
INV-2024-0206,2025-03-11,3,2025-04-29,Net 49,49,USD,V081,Acme Consulting Group,"5719 Enterprise Ave, New York, IL 96925",billing@acme-consulting.com,WP-5241361,Manufacturing,SmartInvoiceInc,"100 Commerce Blvd, Dallas, TX 75201",27,15272.53,7.5,1145.44,1.0,2025-05-02,1,1.0
INV-2022-0179,2022-07-19,7,2022-07-21,Net 2,2,USD,V059,Global Medical Co,"2998 Venture Blvd, Los Angeles, CO 24060",billing@global-medical.com,JY-1829735,Services,SmartInvoiceInc,"100 Commerce Blvd, Dallas, TX 75201",21,48590.89,8.25,4008.75,245253.53,2022-07-21,0,1.0
INV-2024-0136,2025-01-29,1,2025-02-21,Net 23,23,USD,V080,Vanguard Legal Group,"3154 Innovation Rd, Houston, NY 44911",billing@vanguard-legal.com,XN-8021855,Services,SmartInvoiceInc,"100 Commerce Blvd, Dallas, TX 75201",17,43666.39,7.0,3056.65,105901.91,2025-03-14,1,1.0
INV-2023-0090,2023-07-07,7,2023-10-02,Net 87,87,USD,V080,Vanguard Legal Group,"3154 Innovation Rd, Houston, NY 44911",billing@vanguard-legal.com,XN-8021855,Services,SmartInvoiceInc,"100 Commerce Blvd, Dallas, TX 75201",14,17003.66,7.5,1275.27,1.0,2023-10-02,0,1.0
INV-2024-0001,2024-08-25,8,2024-09-04,Net 10,10,USD,V057,Pioneer Consulting Inc,"1704 Industrial Dr, San Francisco, WA 80792",billing@pioneer-consulting.com,BL-2384418,Services,SmartInvoiceInc,"100 Commerce Blvd, Dallas, TX 75201",13,49532.03,7.0,3467.24,248733.06,2024-09-04,0,1.0
INV-2022-0130,2021-12-23,12,2021-12-24,Net 1,1,USD,V071,Pinnacle Supplies Inc,"8493 Market St, Atlanta, IL 23224",billing@pinnacle-supplies.com,CT-2017433,Services,SmartInvoiceInc,"100 Commerce Blvd, Dallas, TX 75201",1,2686.02,8.0,214.88,1.0,2021-12-24,0,1.0
INV-2024-0247,2025-03-14,3,2025-05-15,Net 62,62,USD,V001,Metro Legal Co,"5791 Enterprise Ave, Miami, FL 64021",billing@metro-legal.com,MT-6143901,Services,SmartInvoiceInc,"100 Commerce Blvd, Dallas, TX 75201",1,780.46,8.25,64.39,44694.58,2025-05-15,0,1.0
INV-2023-0123,2023-08-01,8,2023-08-18,Net 17,17,USD,V073,Acme Systems Group,"3672 Innovation Rd, Dallas, TX 47148",billing@acme-systems.com,KV-6786265,Retail,SmartInvoiceInc,"100 Commerce Blvd, Dallas, TX 75201",18,42373.11,7.0,2966.12,129147.26,2023-09-10,1,1.0
INV-2024-0140,2025-03-01,3,2025-04-27,Net 57,57,USD,V009,Nexus Cloud Inc,"9187 Market St, Chicago, CA 21938",billing@nexus-cloud.com,AA-2404330,Healthcare,SmartInvoiceInc,"100 Commerce Blvd, Dallas, TX 75201",15,14376.56,8.0,1150.12,1.0,2025-06-04,1,1.0
INV-2023-0030,2021-12-24,12,2022-02-08,Net 46,46,USD,V075,Titan Energy Co,"6804 Corporate Ln, Dallas, GA 12482",billing@titan-energy.com,XS-8433533,Healthcare,SmartInvoiceInc,"100 Commerce Blvd, Dallas, TX 75201",18,5994.41,8.0,479.55,137626.76,2022-02-08,0,1.0
INV-2024-0109,2024-12-16,12,2025-03-16,Net 90,90,USD,V096,Sterling Security Corp,"5995 Enterprise Ave, Dallas, GA 64756",billing@sterling-security.com,VP-7611653,Technology,SmartInvoiceInc,"100 Commerce Blvd, Dallas, TX 75201",30,47778.2,7.5,3583.36,1.0,2025-03-16,0,1.0
INV-2023-0246,2025-03-01,3,2025-05-30,Net 90,90,USD,V066,Global Marketing Co,"5879 Venture Blvd, Chicago, OH 22999",billing@global-marketing.com,WO-9464685,Services,SmartInvoiceInc,"100 Commerce Blvd, Dallas, TX 75201",26,25280.9,7.0,1769.66,91932.48,2025-07-07,1,1.0
INV-2022-0024,2021-03-12,3,2021-06-10,Net 90,90,USD,V060,Elite Parts Co,"6665 Commerce Blvd, Miami, TX 29096",billing@elite-parts.com,QA-4681262,Manufacturing,SmartInvoiceInc,"100 Commerce Blvd, Dallas, TX 75201",1,35650.45,9.0,3208.54,22406.66,2021-07-14,1,1.0
INV-2023-0082,2023-10-15,10,2023-12-31,Net 77,77,USD,V039,Elite Labs Group,"237 Innovation Rd, Dallas, AZ 29963",billing@elite-labs.com,TX-2849396,Manufacturing,SmartInvoiceInc,"100 Commerce Blvd, Dallas, TX 75201",1,14979.5,8.5,1273.26,51661.81,2023-12-31,0,1.0
INV-2022-0140,2022-09-04,9,2022-10-08,Net 34,34,USD,V093,Delta Labs Corp,"7201 Industrial Dr, Atlanta, AZ 11524",billing@delta-labs.com,II-7984720,Technology,SmartInvoiceInc,"100 Commerce Blvd, Dallas, TX 75201",50,11688.44,6.25,730.53,1.0,2022-10-08,0,1.0
INV-2022-0202,2022-09-12,9,2022-09-15,Net 3,3,USD,V013,Summit Partners Corp,"512 Innovation Rd, Los Angeles, CO 70692",billing@summit-partners.com,YD-8122313,Healthcare,SmartInvoiceInc,"100 Commerce Blvd, Dallas, TX 75201",1,18211.8,6.25,1138.24,1.0,2022-09-15,0,1.0
INV-2023-0243,2025-12-31,12,2026-01-01,Net 1,1,USD,V031,Titan Capital LLC,"2971 Industrial Dr, San Francisco, GA 11015",billing@titan-capital.com,AV-9416320,Manufacturing,SmartInvoiceInc,"100 Commerce Blvd, Dallas, TX 75201",1,29500.31,8.5,2507.53,1.0,2026-02-02,1,1.0
INV-2023-0225,2023-06-28,6,2023-07-12,Net 14,14,USD,V014,Swift Parts Inc,"3067 Tech Park Way, Dallas, NY 95999",billing@swift-parts.com,DR-1070640,Healthcare,SmartInvoiceInc,"100 Commerce Blvd, Dallas, TX 75201",22,41215.47,9.0,3709.39,1310.02,2023-07-16,1,1.0
INV-2022-0181,2022-07-14,7,2022-10-02,Net 80,80,USD,V077,Pioneer Data LLC,"6745 Commerce Blvd, Houston, OH 35522",billing@pioneer-data.com,DA-6517366,Services,SmartInvoiceInc,"100 Commerce Blvd, Dallas, TX 75201",26,13934.76,9.0,1254.13,1.0,2022-11-05,1,1.0
INV-2023-0253,2023-09-29,9,2023-12-27,Net 89,89,USD,V082,Acme Labs Inc,"2298 Enterprise Ave, Austin, NY 23859",billing@acme-labs.com,RB-3008960,Healthcare,SmartInvoiceInc,"100 Commerce Blvd, Dallas, TX 75201",17,36225.22,6.25,2264.08,1.0,2023-12-27,0,1.0
INV-2024-0027,2023-10-21,10,2024-01-19,Net 90,90,USD,V079,Alpha Partners Inc,"6054 Innovation Rd, Miami, WA 66373",billing@alpha-partners.com,YO-4185714,Technology,SmartInvoiceInc,"100 Commerce Blvd, Dallas, TX 75201",28,25800.89,7.0,1806.06,64108.48,2024-01-19,0,1.0
INV-2024-0162,2024-09-06,9,2024-12-05,Net 90,90,USD,V086,Swift Consulting Group,"6909 Venture Blvd, Houston, GA 84532",billing@swift-consulting.com,KF-2014929,Healthcare,SmartInvoiceInc,"100 Commerce Blvd, Dallas, TX 75201",32,3603.14,7.0,252.22,134078.38,2024-12-11,1,1.0
INV-2023-0008,2021-01-01,1,2021-02-19,Net 49,49,USD,V069,Titan Security Corp,"1892 Enterprise Ave, San Francisco, AZ 11645",billing@titan-security.com,DV-7671318,Technology,SmartInvoiceInc,"100 Commerce Blvd, Dallas, TX 75201",36,41422.38,7.5,3106.68,73994.22,2021-03-18,1,1.0
INV-2023-0074,2024-02-15,2,2024-05-15,Net 90,90,USD,V034,Summit Ventures Co,"4909 Venture Blvd, Austin, TX 66397",billing@summit-ventures.com,IN-7195200,Services,SmartInvoiceInc,"100 Commerce Blvd, Dallas, TX 75201",1,39552.16,9.0,3559.69,1.0,2024-05-15,0,1.0
INV-2024-0237,2025-01-18,1,2025-01-19,Net 1,1,USD,V083,Metro Freight Group,"3694 Venture Blvd, Houston, NY 86918",billing@metro-freight.com,LT-7193956,Technology,SmartInvoiceInc,"100 Commerce Blvd, Dallas, TX 75201",50,19177.24,8.0,1534.18,58741.74,2025-01-19,0,1.0
INV-2022-0029,2021-05-08,5,2021-06-03,Net 26,26,USD,V017,Nexus Labs Group,"817 Market St, Austin, AZ 15486",billing@nexus-labs.com,PU-8990340,Services,SmartInvoiceInc,"100 Commerce Blvd, Dallas, TX 75201",1,46543.46,6.25,2908.97,190095.5,2021-06-03,0,1.0
INV-2024-0128,2025-06-20,6,2025-07-17,Net 27,27,USD,V010,Prime Cloud Group,"8102 Commerce Blvd, Dallas, WA 79449",billing@prime-cloud.com,KL-3248988,Healthcare,SmartInvoiceInc,"100 Commerce Blvd, Dallas, TX 75201",13,33486.08,6.25,2092.88,26008.09,2025-07-28,1,1.0
INV-2024-0255,2025-06-06,6,2025-06-07,Net 1,1,USD,V017,Nexus Labs Group,"817 Market St, Austin, AZ 15486",billing@nexus-labs.com,PU-8990340,Services,SmartInvoiceInc,"100 Commerce Blvd, Dallas, TX 75201",18,47227.12,6.25,2951.7,76566.34,2025-06-26,1,1.0
INV-2024-0105,2024-06-27,6,2024-06-28,Net 1,1,USD,V083,Metro Freight Group,"3694 Venture Blvd, Houston, NY 86918",billing@metro-freight.com,LT-7193956,Technology,SmartInvoiceInc,"100 Commerce Blvd, Dallas, TX 75201",1,2885.21,8.25,238.03,1.0,2024-06-28,0,1.0
INV-2022-0056,2021-01-01,1,2021-04-01,Net 90,90,USD,V028,Pioneer Systems LLC,"5163 Business Pkwy, Chicago, IL 39703",billing@pioneer-systems.com,ZD-7655623,Manufacturing,SmartInvoiceInc,"100 Commerce Blvd, Dallas, TX 75201",27,24060.4,7.0,1684.23,1.0,2021-04-01,0,1.0
INV-2024-0160,2023-08-07,8,2023-10-20,Net 74,74,USD,V099,Pioneer Works Corp,"1600 Industrial Dr, Los Angeles, GA 29426",billing@pioneer-works.com,RJ-1066150,Technology,SmartInvoiceInc,"100 Commerce Blvd, Dallas, TX 75201",11,3091.57,6.25,193.22,1.0,2023-10-20,0,1.0
INV-2023-0071,2022-03-09,3,2022-03-16,Net 7,7,USD,V013,Summit Partners Corp,"512 Innovation Rd, Los Angeles, CO 70692",billing@summit-partners.com,YD-8122313,Healthcare,SmartInvoiceInc,"100 Commerce Blvd, Dallas, TX 75201",8,10993.71,6.25,687.11,36368.81,2022-03-16,0,1.0
INV-2023-0146,2022-10-04,10,2022-11-26,Net 53,53,USD,V054,Swift Medical Group,"324 Market St, Dallas, TX 88477",billing@swift-medical.com,FE-9671370,Retail,SmartInvoiceInc,"100 Commerce Blvd, Dallas, TX 75201",1,39913.91,9.0,3592.25,48545.8,2022-11-26,0,1.0
INV-2024-0006,2022-08-18,8,2022-10-13,Net 56,56,USD,V034,Summit Ventures Co,"4909 Venture Blvd, Austin, TX 66397",billing@summit-ventures.com,IN-7195200,Services,SmartInvoiceInc,"100 Commerce Blvd, Dallas, TX 75201",1,32756.17,7.0,2292.93,29194.91,2022-10-13,0,1.0
INV-2023-0114,2022-10-16,10,2022-12-06,Net 51,51,USD,V070,Swift Logistics Inc,"1954 Business Pkwy, Miami, NY 73374",billing@swift-logistics.com,UO-1318408,Healthcare,SmartInvoiceInc,"100 Commerce Blvd, Dallas, TX 75201",13,20058.98,8.5,1705.01,88348.9,2023-01-11,1,1.0
INV-2023-0023,2022-01-30,1,2022-02-10,Net 11,11,USD,V021,Swift Ventures LLC,"9509 Enterprise Ave, San Francisco, OH 36962",billing@swift-ventures.com,HP-7243669,Retail,SmartInvoiceInc,"100 Commerce Blvd, Dallas, TX 75201",1,18705.41,6.25,1169.09,1.0,2022-02-10,0,1.0
INV-2022-0037,2022-10-13,10,2022-12-18,Net 66,66,USD,V054,Swift Medical Group,"324 Market St, Dallas, TX 88477",billing@swift-medical.com,FE-9671370,Retail,SmartInvoiceInc,"100 Commerce Blvd, Dallas, TX 75201",23,5443.41,7.0,381.04,1.0,2023-01-24,1,1.0
INV-2024-0111,2023-08-22,8,2023-10-05,Net 44,44,USD,V024,Nexus Marketing Group,"6719 Innovation Rd, Atlanta, GA 62224",billing@nexus-marketing.com,CM-6304509,Technology,SmartInvoiceInc,"100 Commerce Blvd, Dallas, TX 75201",1,6656.24,7.0,465.94,62261.31,2023-10-08,1,1.0
INV-2024-0054,2022-10-08,10,2022-12-04,Net 57,57,USD,V017,Nexus Labs Group,"817 Market St, Austin, AZ 15486",billing@nexus-labs.com,PU-8990340,Services,SmartInvoiceInc,"100 Commerce Blvd, Dallas, TX 75201",1,991.23,7.5,74.34,18801.9,2022-12-04,0,1.0
INV-2022-0114,2021-06-24,6,2021-08-01,Net 38,38,USD,V060,Elite Parts Co,"6665 Commerce Blvd, Miami, TX 29096",billing@elite-parts.com,QA-4681262,Manufacturing,SmartInvoiceInc,"100 Commerce Blvd, Dallas, TX 75201",1,38234.3,9.0,3441.09,117117.86,2021-08-01,0,1.0
INV-2024-0107,2024-04-26,4,2024-04-27,Net 1,1,USD,V047,Elite Energy Inc,"6329 Venture Blvd, Atlanta, TX 13596",billing@elite-energy.com,TY-1467010,Technology,SmartInvoiceInc,"100 Commerce Blvd, Dallas, TX 75201",14,7010.15,8.0,560.81,1.0,2024-06-08,1,1.0
INV-2024-0190,2022-08-25,8,2022-11-23,Net 90,90,USD,V059,Global Medical Co,"2998 Venture Blvd, Los Angeles, CO 24060",billing@global-medical.com,JY-1829735,Services,SmartInvoiceInc,"100 Commerce Blvd, Dallas, TX 75201",21,6450.26,8.5,548.27,18941.13,2022-11-23,0,1.0
INV-2024-0250,2021-07-16,7,2021-07-17,Net 1,1,USD,V096,Sterling Security Corp,"5995 Enterprise Ave, Dallas, GA 64756",billing@sterling-security.com,VP-7611653,Technology,SmartInvoiceInc,"100 Commerce Blvd, Dallas, TX 75201",50,37081.81,9.0,3337.36,1.0,2021-07-29,1,1.0
INV-2024-0087,2025-12-31,12,2026-03-31,Net 90,90,USD,V016,Summit Freight Inc,"1465 Tech Park Way, Dallas, FL 26779",billing@summit-freight.com,IS-7197323,Technology,SmartInvoiceInc,"100 Commerce Blvd, Dallas, TX 75201",6,33318.86,8.25,2748.81,1.0,2026-03-31,0,1.0
INV-2024-0015,2022-12-07,12,2022-12-08,Net 1,1,USD,V051,Summit Cloud Inc,"8534 Innovation Rd, San Francisco, FL 19111",billing@summit-cloud.com,FB-8643603,Retail,SmartInvoiceInc,"100 Commerce Blvd, Dallas, TX 75201",50,41573.27,9.0,3741.59,21814.12,2022-12-08,0,1.0
INV-2024-0207,2025-05-30,5,2025-07-20,Net 51,51,USD,V072,Elite Supplies LLC,"8170 Industrial Dr, Houston, TX 16783",billing@elite-supplies.com,KL-1996530,Technology,SmartInvoiceInc,"100 Commerce Blvd, Dallas, TX 75201",1,45023.03,8.25,3714.4,41770.09,2025-08-23,1,1.0
INV-2022-0020,2021-01-01,1,2021-02-07,Net 37,37,USD,V098,Titan Supplies Co,"3257 Venture Blvd, Miami, IL 34070",billing@titan-supplies.com,IS-9593223,Manufacturing,SmartInvoiceInc,"100 Commerce Blvd, Dallas, TX 75201",8,37498.5,9.0,3374.86,34773.83,2021-02-07,0,1.0
INV-2022-0197,2023-06-02,6,2023-06-03,Net 1,1,USD,V004,Metro Medical Inc,"7905 Business Pkwy, Atlanta, WA 66556",billing@metro-medical.com,UA-8474447,Healthcare,SmartInvoiceInc,"100 Commerce Blvd, Dallas, TX 75201",2,47164.85,8.25,3891.1,99848.37,2023-06-23,1,1.0
INV-2024-0101,2024-07-28,7,2024-10-26,Net 90,90,USD,V050,Alpha Logistics Inc,"1560 Business Pkwy, San Francisco, OH 11605",billing@alpha-logistics.com,WP-3255363,Services,SmartInvoiceInc,"100 Commerce Blvd, Dallas, TX 75201",1,28284.03,8.5,2404.14,139277.43,2024-10-26,0,1.0
INV-2022-0060,2021-04-03,4,2021-04-04,Net 1,1,USD,V059,Global Medical Co,"2998 Venture Blvd, Los Angeles, CO 24060",billing@global-medical.com,JY-1829735,Services,SmartInvoiceInc,"100 Commerce Blvd, Dallas, TX 75201",35,31176.86,6.25,1948.55,6551.56,2021-04-04,0,1.0
INV-2023-0147,2024-07-31,7,2024-08-01,Net 1,1,USD,V010,Prime Cloud Group,"8102 Commerce Blvd, Dallas, WA 79449",billing@prime-cloud.com,KL-3248988,Healthcare,SmartInvoiceInc,"100 Commerce Blvd, Dallas, TX 75201",23,14173.75,8.25,1169.33,23863.37,2024-08-01,0,1.0
INV-2024-0152,2025-06-15,6,2025-06-29,Net 14,14,USD,V068,Nexus Energy Group,"3976 Innovation Rd, Seattle, TX 75310",billing@nexus-energy.com,ZI-9887324,Technology,SmartInvoiceInc,"100 Commerce Blvd, Dallas, TX 75201",1,13365.3,6.25,835.33,77743.1,2025-06-29,0,1.0
INV-2024-0222,2023-10-17,10,2023-11-25,Net 39,39,USD,V088,Sterling Tech Group,"1722 Enterprise Ave, Seattle, OH 71396",billing@sterling-tech.com,YF-8369434,Manufacturing,SmartInvoiceInc,"100 Commerce Blvd, Dallas, TX 75201",32,3501.13,8.5,297.6,1.0,2023-11-30,1,1.0
INV-2024-0049,2025-12-31,12,2026-03-11,Net 70,70,USD,V084,Bright Medical LLC,"7183 Tech Park Way, Los Angeles, AZ 27771",billing@bright-medical.com,XQ-6499593,Services,SmartInvoiceInc,"100 Commerce Blvd, Dallas, TX 75201",4,22659.83,8.5,1926.09,36221.15,2026-03-11,0,1.0
INV-2024-0048,2025-02-06,2,2025-03-23,Net 45,45,USD,V038,Horizon Freight Corp,"1431 Trade Center Dr, New York, TX 52318",billing@horizon-freight.com,WJ-2296516,Healthcare,SmartInvoiceInc,"100 Commerce Blvd, Dallas, TX 75201",1,12473.72,8.25,1029.08,14312.65,2025-03-23,0,1.0
INV-2023-0095,2022-09-18,9,2022-09-19,Net 1,1,USD,V046,Titan Freight Co,"3445 Venture Blvd, New York, NY 44674",billing@titan-freight.com,OY-3319049,Technology,SmartInvoiceInc,"100 Commerce Blvd, Dallas, TX 75201",12,14097.84,8.5,1198.32,11656.31,2022-09-19,0,1.0
INV-2022-0137,2025-07-05,7,2025-07-06,Net 1,1,USD,V078,Beacon Legal LLC,"1581 Tech Park Way, Houston, TX 91974",billing@beacon-legal.com,RG-8449607,Technology,SmartInvoiceInc,"100 Commerce Blvd, Dallas, TX 75201",1,21924.39,8.5,1863.57,1.0,2025-07-06,0,1.0
INV-2024-0270,2025-02-14,2,2025-04-22,Net 67,67,USD,V006,Apex Solutions Co,"2241 Market St, San Francisco, AZ 45247",billing@apex-solutions.com,UG-6698848,Healthcare,SmartInvoiceInc,"100 Commerce Blvd, Dallas, TX 75201",9,10854.68,7.5,814.1,45711.9,2025-04-22,0,1.0
INV-2023-0054,2023-12-15,12,2024-03-14,Net 90,90,USD,V081,Acme Consulting Group,"5719 Enterprise Ave, New York, IL 96925",billing@acme-consulting.com,WP-5241361,Manufacturing,SmartInvoiceInc,"100 Commerce Blvd, Dallas, TX 75201",15,39760.57,7.5,2982.04,1.0,2024-04-27,1,1.0
INV-2024-0202,2025-04-27,4,2025-04-28,Net 1,1,USD,V070,Swift Logistics Inc,"1954 Business Pkwy, Miami, NY 73374",billing@swift-logistics.com,UO-1318408,Healthcare,SmartInvoiceInc,"100 Commerce Blvd, Dallas, TX 75201",1,32008.66,8.0,2560.69,1.0,2025-04-28,0,1.0
INV-2023-0119,2022-01-31,1,2022-03-05,Net 33,33,USD,V064,Swift Labs Inc,"6128 Market St, Chicago, FL 50631",billing@swift-labs.com,OH-7356228,Healthcare,SmartInvoiceInc,"100 Commerce Blvd, Dallas, TX 75201",20,13347.32,6.25,834.21,100532.14,2022-03-05,0,1.0
INV-2023-0170,2024-10-01,10,2024-10-02,Net 1,1,USD,V087,Bright Energy LLC,"5575 Trade Center Dr, New York, CA 49952",billing@bright-energy.com,EY-6888997,Manufacturing,SmartInvoiceInc,"100 Commerce Blvd, Dallas, TX 75201",1,31305.99,7.0,2191.42,207971.76,2024-11-15,1,1.0
INV-2024-0253,2022-01-09,1,2022-02-17,Net 39,39,USD,V029,Nexus Freight Group,"639 Enterprise Ave, Atlanta, FL 30159",billing@nexus-freight.com,VQ-5010912,Healthcare,SmartInvoiceInc,"100 Commerce Blvd, Dallas, TX 75201",38,35066.4,7.5,2629.98,58379.96,2022-02-17,0,1.0
INV-2022-0134,2022-05-10,5,2022-07-02,Net 53,53,USD,V066,Global Marketing Co,"5879 Venture Blvd, Chicago, OH 22999",billing@global-marketing.com,WO-9464685,Services,SmartInvoiceInc,"100 Commerce Blvd, Dallas, TX 75201",25,8502.74,8.5,722.73,32445.59,2022-07-02,0,1.0
INV-2023-0017,2025-01-09,1,2025-03-17,Net 67,67,USD,V094,Pioneer Supplies Inc,"160 Innovation Rd, Seattle, CO 23350",billing@pioneer-supplies.com,CC-6787749,Manufacturing,SmartInvoiceInc,"100 Commerce Blvd, Dallas, TX 75201",50,33496.72,7.5,2512.25,163101.68,2025-03-17,0,1.0
INV-2022-0242,2024-03-12,3,2024-04-26,Net 45,45,USD,V086,Swift Consulting Group,"6909 Venture Blvd, Houston, GA 84532",billing@swift-consulting.com,KF-2014929,Healthcare,SmartInvoiceInc,"100 Commerce Blvd, Dallas, TX 75201",8,1099.1,7.0,76.94,1.0,2024-04-26,0,1.0
INV-2024-0176,2023-05-01,5,2023-06-29,Net 59,59,USD,V092,Pinnacle Capital Co,"7579 Commerce Blvd, Seattle, FL 84478",billing@pinnacle-capital.com,TS-6703394,Retail,SmartInvoiceInc,"100 Commerce Blvd, Dallas, TX 75201",1,40335.28,8.25,3327.66,75187.69,2023-08-08,1,1.0
INV-2023-0233,2024-03-01,3,2024-05-16,Net 76,76,USD,V066,Global Marketing Co,"5879 Venture Blvd, Chicago, OH 22999",billing@global-marketing.com,WO-9464685,Services,SmartInvoiceInc,"100 Commerce Blvd, Dallas, TX 75201",1,40509.63,8.5,3443.32,1.0,2024-06-14,1,1.0
INV-2023-0006,2022-03-22,3,2022-04-29,Net 38,38,USD,V067,Horizon Parts Group,"7883 Industrial Dr, Atlanta, TX 66942",billing@horizon-parts.com,HK-3792427,Retail,SmartInvoiceInc,"100 Commerce Blvd, Dallas, TX 75201",19,521.92,8.0,41.75,15993.07,2022-04-29,0,1.0
INV-2024-0122,2025-12-31,12,2026-01-01,Net 1,1,USD,V027,Delta Security Inc,"6290 Trade Center Dr, Dallas, TX 78866",billing@delta-security.com,PW-6118922,Retail,SmartInvoiceInc,"100 Commerce Blvd, Dallas, TX 75201",13,24986.42,6.25,1561.65,57277.83,2026-01-01,0,1.0
INV-2024-0137,2025-12-31,12,2026-03-09,Net 68,68,USD,V067,Horizon Parts Group,"7883 Industrial Dr, Atlanta, TX 66942",billing@horizon-parts.com,HK-3792427,Retail,SmartInvoiceInc,"100 Commerce Blvd, Dallas, TX 75201",14,37836.12,7.5,2837.71,74235.84,2026-04-17,1,1.0
INV-2023-0125,2023-12-31,12,2024-02-07,Net 38,38,USD,V091,Pioneer Logistics Co,"8440 Innovation Rd, Los Angeles, TX 34762",billing@pioneer-logistics.com,GH-1378165,Manufacturing,SmartInvoiceInc,"100 Commerce Blvd, Dallas, TX 75201",1,31290.96,8.25,2581.5,1.0,2024-02-27,1,1.0
INV-2024-0003,2023-07-19,7,2023-07-20,Net 1,1,USD,V053,Pinnacle Labs LLC,"946 Innovation Rd, Seattle, NY 98236",billing@pinnacle-labs.com,LE-1064323,Services,SmartInvoiceInc,"100 Commerce Blvd, Dallas, TX 75201",43,33003.24,7.0,2310.23,132130.19,2023-07-20,0,1.0
INV-2022-0136,2022-09-29,9,2022-12-28,Net 90,90,USD,V026,Titan Partners Co,"5010 Enterprise Ave, New York, IL 71642",billing@titan-partners.com,ED-1423570,Retail,SmartInvoiceInc,"100 Commerce Blvd, Dallas, TX 75201",31,5539.28,7.0,387.75,1.0,2022-12-28,0,1.0
INV-2023-0066,2021-07-26,7,2021-07-27,Net 1,1,USD,V041,Titan Tech Group,"8572 Tech Park Way, Austin, CA 38732",billing@titan-tech.com,ZS-8757202,Healthcare,SmartInvoiceInc,"100 Commerce Blvd, Dallas, TX 75201",1,2282.93,6.25,142.68,115784.71,2021-09-10,1,1.0
INV-2023-0121,2022-06-14,6,2022-07-12,Net 28,28,USD,V041,Titan Tech Group,"8572 Tech Park Way, Austin, CA 38732",billing@titan-tech.com,ZS-8757202,Healthcare,SmartInvoiceInc,"100 Commerce Blvd, Dallas, TX 75201",1,29290.3,7.5,2196.77,37379.11,2022-08-02,1,1.0
INV-2024-0232,2025-12-31,12,2026-02-23,Net 54,54,USD,V099,Pioneer Works Corp,"1600 Industrial Dr, Los Angeles, GA 29426",billing@pioneer-works.com,RJ-1066150,Technology,SmartInvoiceInc,"100 Commerce Blvd, Dallas, TX 75201",31,14483.56,8.0,1158.68,9719.51,2026-02-23,0,1.0
INV-2024-0168,2025-08-10,8,2025-08-30,Net 20,20,USD,V071,Pinnacle Supplies Inc,"8493 Market St, Atlanta, IL 23224",billing@pinnacle-supplies.com,CT-2017433,Services,SmartInvoiceInc,"100 Commerce Blvd, Dallas, TX 75201",22,20346.62,8.5,1729.46,35079.34,2025-08-30,0,1.0
INV-2023-0259,2023-05-29,5,2023-08-27,Net 90,90,USD,V084,Bright Medical LLC,"7183 Tech Park Way, Los Angeles, AZ 27771",billing@bright-medical.com,XQ-6499593,Services,SmartInvoiceInc,"100 Commerce Blvd, Dallas, TX 75201",14,10631.67,8.25,877.11,1.0,2023-09-15,1,1.0
INV-2024-0227,2024-10-23,10,2024-12-02,Net 40,40,USD,V046,Titan Freight Co,"3445 Venture Blvd, New York, NY 44674",billing@titan-freight.com,OY-3319049,Technology,SmartInvoiceInc,"100 Commerce Blvd, Dallas, TX 75201",1,4022.34,8.0,321.79,29982.21,2024-12-02,0,1.0
INV-2023-0103,2021-04-15,4,2021-07-04,Net 80,80,USD,V099,Pioneer Works Corp,"1600 Industrial Dr, Los Angeles, GA 29426",billing@pioneer-works.com,RJ-1066150,Technology,SmartInvoiceInc,"100 Commerce Blvd, Dallas, TX 75201",1,20765.9,7.5,1557.44,18482.3,2021-07-04,0,1.0
INV-2022-0085,2021-05-17,5,2021-05-23,Net 6,6,USD,V061,Prime Solutions Co,"3787 Innovation Rd, Austin, GA 77506",billing@prime-solutions.com,FF-4369538,Services,SmartInvoiceInc,"100 Commerce Blvd, Dallas, TX 75201",9,38808.36,7.0,2716.59,71396.91,2021-05-23,0,1.0
INV-2023-0015,2022-08-24,8,2022-08-25,Net 1,1,USD,V034,Summit Ventures Co,"4909 Venture Blvd, Austin, TX 66397",billing@summit-ventures.com,IN-7195200,Services,SmartInvoiceInc,"100 Commerce Blvd, Dallas, TX 75201",1,27185.18,8.0,2174.81,29412.12,2022-08-30,1,1.0
INV-2023-0158,2022-04-20,4,2022-07-19,Net 90,90,USD,V095,Pacific Supplies Group,"2422 Enterprise Ave, Dallas, TX 59481",billing@pacific-supplies.com,YW-8599600,Retail,SmartInvoiceInc,"100 Commerce Blvd, Dallas, TX 75201",13,500.58,6.25,31.29,28454.5,2022-07-25,1,1.0
INV-2023-0021,2024-07-25,7,2024-09-10,Net 47,47,USD,V057,Pioneer Consulting Inc,"1704 Industrial Dr, San Francisco, WA 80792",billing@pioneer-consulting.com,BL-2384418,Services,SmartInvoiceInc,"100 Commerce Blvd, Dallas, TX 75201",1,11693.2,8.5,993.92,1.0,2024-09-30,1,1.0
INV-2024-0275,2024-01-24,1,2024-03-22,Net 58,58,USD,V003,Global Logistics LLC,"9032 Venture Blvd, San Francisco, GA 11150",billing@global-logistics.com,IL-7095929,Manufacturing,SmartInvoiceInc,"100 Commerce Blvd, Dallas, TX 75201",29,3069.1,8.0,245.53,2119.48,2024-03-22,0,1.0
INV-2023-0256,2024-03-24,3,2024-05-15,Net 52,52,USD,V038,Horizon Freight Corp,"1431 Trade Center Dr, New York, TX 52318",billing@horizon-freight.com,WJ-2296516,Healthcare,SmartInvoiceInc,"100 Commerce Blvd, Dallas, TX 75201",26,37223.87,8.25,3070.97,47676.82,2024-05-15,0,1.0
INV-2022-0053,2021-01-01,1,2021-01-22,Net 21,21,USD,V058,Alpha Parts Inc,"5515 Business Pkwy, Chicago, CO 68596",billing@alpha-parts.com,NC-1873172,Healthcare,SmartInvoiceInc,"100 Commerce Blvd, Dallas, TX 75201",29,35774.76,7.5,2683.11,75152.71,2021-02-27,1,1.0
INV-2022-0177,2021-10-09,10,2021-12-31,Net 83,83,USD,V039,Elite Labs Group,"237 Innovation Rd, Dallas, AZ 29963",billing@elite-labs.com,TX-2849396,Manufacturing,SmartInvoiceInc,"100 Commerce Blvd, Dallas, TX 75201",16,33220.21,7.5,2491.52,1.0,2021-12-31,0,1.0
INV-2022-0231,2023-04-08,4,2023-05-07,Net 29,29,USD,V042,Summit Capital Co,"5685 Venture Blvd, New York, IL 49749",billing@summit-capital.com,AE-3245131,Manufacturing,SmartInvoiceInc,"100 Commerce Blvd, Dallas, TX 75201",1,39141.27,6.25,2446.33,57398.71,2023-06-08,1,1.0
INV-2023-0178,2022-11-09,11,2022-12-08,Net 29,29,USD,V010,Prime Cloud Group,"8102 Commerce Blvd, Dallas, WA 79449",billing@prime-cloud.com,KL-3248988,Healthcare,SmartInvoiceInc,"100 Commerce Blvd, Dallas, TX 75201",27,30276.92,8.0,2422.15,164918.02,2022-12-08,0,1.0
INV-2022-0122,2025-12-31,12,2026-03-31,Net 90,90,USD,V021,Swift Ventures LLC,"9509 Enterprise Ave, San Francisco, OH 36962",billing@swift-ventures.com,HP-7243669,Retail,SmartInvoiceInc,"100 Commerce Blvd, Dallas, TX 75201",50,39146.23,9.0,3523.16,55126.94,2026-05-06,1,1.0
INV-2022-0011,2021-01-01,1,2021-01-02,Net 1,1,USD,V081,Acme Consulting Group,"5719 Enterprise Ave, New York, IL 96925",billing@acme-consulting.com,WP-5241361,Manufacturing,SmartInvoiceInc,"100 Commerce Blvd, Dallas, TX 75201",15,35011.86,9.0,3151.07,12276.13,2021-01-03,1,1.0
INV-2023-0264,2023-10-31,10,2023-11-01,Net 1,1,USD,V023,Titan Marketing LLC,"6077 Tech Park Way, Miami, NY 96188",billing@titan-marketing.com,MR-5984445,Manufacturing,SmartInvoiceInc,"100 Commerce Blvd, Dallas, TX 75201",1,42598.34,6.25,2662.4,1.0,2023-12-12,1,1.0
INV-2024-0057,2025-12-31,12,2026-01-01,Net 1,1,USD,V093,Delta Labs Corp,"7201 Industrial Dr, Atlanta, AZ 11524",billing@delta-labs.com,II-7984720,Technology,SmartInvoiceInc,"100 Commerce Blvd, Dallas, TX 75201",1,11062.97,8.0,885.04,1.0,2026-01-01,0,1.0
INV-2022-0074,2024-10-31,10,2024-12-06,Net 36,36,USD,V003,Global Logistics LLC,"9032 Venture Blvd, San Francisco, GA 11150",billing@global-logistics.com,IL-7095929,Manufacturing,SmartInvoiceInc,"100 Commerce Blvd, Dallas, TX 75201",5,36489.31,9.0,3284.04,1.0,2024-12-07,1,1.0
INV-2024-0038,2025-07-18,7,2025-07-19,Net 1,1,USD,V081,Acme Consulting Group,"5719 Enterprise Ave, New York, IL 96925",billing@acme-consulting.com,WP-5241361,Manufacturing,SmartInvoiceInc,"100 Commerce Blvd, Dallas, TX 75201",1,25580.3,8.0,2046.42,41580.4,2025-07-19,0,1.0
INV-2022-0142,2023-06-04,6,2023-09-02,Net 90,90,USD,V083,Metro Freight Group,"3694 Venture Blvd, Houston, NY 86918",billing@metro-freight.com,LT-7193956,Technology,SmartInvoiceInc,"100 Commerce Blvd, Dallas, TX 75201",3,6656.95,8.5,565.84,1.0,2023-09-02,0,1.0
INV-2023-0031,2022-05-09,5,2022-08-07,Net 90,90,USD,V014,Swift Parts Inc,"3067 Tech Park Way, Dallas, NY 95999",billing@swift-parts.com,DR-1070640,Healthcare,SmartInvoiceInc,"100 Commerce Blvd, Dallas, TX 75201",1,28169.54,8.25,2323.99,1.0,2022-08-07,0,1.0
INV-2023-0163,2023-07-09,7,2023-07-29,Net 20,20,USD,V097,Beacon Logistics LLC,"5487 Venture Blvd, Atlanta, AZ 37935",billing@beacon-logistics.com,JP-4813270,Manufacturing,SmartInvoiceInc,"100 Commerce Blvd, Dallas, TX 75201",1,3057.6,6.25,191.1,1.0,2023-08-14,1,1.0
INV-2024-0114,2024-01-16,1,2024-01-17,Net 1,1,USD,V006,Apex Solutions Co,"2241 Market St, San Francisco, AZ 45247",billing@apex-solutions.com,UG-6698848,Healthcare,SmartInvoiceInc,"100 Commerce Blvd, Dallas, TX 75201",1,48094.91,8.5,4088.07,33804.61,2024-01-17,0,1.0
INV-2024-0263,2023-01-15,1,2023-04-15,Net 90,90,USD,V076,Bright Cloud Inc,"4624 Innovation Rd, Austin, CA 43536",billing@bright-cloud.com,NS-1703662,Manufacturing,SmartInvoiceInc,"100 Commerce Blvd, Dallas, TX 75201",26,43332.14,8.0,3466.57,31790.92,2023-04-15,0,1.0
INV-2023-0171,2024-01-06,1,2024-04-05,Net 90,90,USD,V044,Global Systems Inc,"1376 Market St, Chicago, OH 18717",billing@global-systems.com,ZW-1067661,Manufacturing,SmartInvoiceInc,"100 Commerce Blvd, Dallas, TX 75201",29,43634.99,7.5,3272.62,94136.62,2024-04-05,0,1.0
INV-2022-0067,2022-03-03,3,2022-06-01,Net 90,90,USD,V072,Elite Supplies LLC,"8170 Industrial Dr, Houston, TX 16783",billing@elite-supplies.com,KL-1996530,Technology,SmartInvoiceInc,"100 Commerce Blvd, Dallas, TX 75201",6,31431.27,7.5,2357.35,1.0,2022-06-01,0,1.0
INV-2023-0219,2023-02-27,2,2023-05-28,Net 90,90,USD,V083,Metro Freight Group,"3694 Venture Blvd, Houston, NY 86918",billing@metro-freight.com,LT-7193956,Technology,SmartInvoiceInc,"100 Commerce Blvd, Dallas, TX 75201",24,12751.75,8.0,1020.14,62441.99,2023-06-09,1,1.0
INV-2023-0250,2025-12-31,12,2026-02-25,Net 56,56,USD,V053,Pinnacle Labs LLC,"946 Innovation Rd, Seattle, NY 98236",billing@pinnacle-labs.com,LE-1064323,Services,SmartInvoiceInc,"100 Commerce Blvd, Dallas, TX 75201",24,17971.45,6.25,1123.22,74023.23,2026-02-25,0,1.0
INV-2024-0153,2024-11-17,11,2025-02-15,Net 90,90,USD,V005,Apex Logistics Co,"7104 Corporate Ln, Austin, AZ 77215",billing@apex-logistics.com,SE-9744220,Retail,SmartInvoiceInc,"100 Commerce Blvd, Dallas, TX 75201",12,30472.49,7.5,2285.44,6755.49,2025-03-28,1,1.0
INV-2022-0156,2025-11-05,11,2025-12-10,Net 35,35,USD,V019,Pioneer Marketing Co,"5261 Venture Blvd, Miami, AZ 19348",billing@pioneer-marketing.com,CW-3276360,Manufacturing,SmartInvoiceInc,"100 Commerce Blvd, Dallas, TX 75201",3,4069.5,8.5,345.91,35506.2,2025-12-10,0,1.0
INV-2022-0001,2022-11-30,11,2023-02-28,Net 90,90,USD,V068,Nexus Energy Group,"3976 Innovation Rd, Seattle, TX 75310",billing@nexus-energy.com,ZI-9887324,Technology,SmartInvoiceInc,"100 Commerce Blvd, Dallas, TX 75201",15,39350.66,9.0,3541.56,39769.65,2023-02-28,0,1.0
INV-2022-0149,2023-12-18,12,2024-03-17,Net 90,90,USD,V014,Swift Parts Inc,"3067 Tech Park Way, Dallas, NY 95999",billing@swift-parts.com,DR-1070640,Healthcare,SmartInvoiceInc,"100 Commerce Blvd, Dallas, TX 75201",32,39370.81,8.25,3248.09,43901.5,2024-04-15,1,1.0
INV-2024-0058,2024-06-13,6,2024-09-11,Net 90,90,USD,V024,Nexus Marketing Group,"6719 Innovation Rd, Atlanta, GA 62224",billing@nexus-marketing.com,CM-6304509,Technology,SmartInvoiceInc,"100 Commerce Blvd, Dallas, TX 75201",24,45779.19,7.0,3204.54,21391.07,2024-09-11,0,1.0
INV-2023-0166,2024-09-09,9,2024-10-27,Net 48,48,USD,V074,Summit Systems LLC,"5688 Commerce Blvd, Miami, TX 56163",billing@summit-systems.com,IQ-3412149,Retail,SmartInvoiceInc,"100 Commerce Blvd, Dallas, TX 75201",9,48548.49,8.25,4005.25,182338.5,2024-10-27,0,1.0
INV-2022-0083,2023-03-09,3,2023-04-18,Net 40,40,USD,V041,Titan Tech Group,"8572 Tech Park Way, Austin, CA 38732",billing@titan-tech.com,ZS-8757202,Healthcare,SmartInvoiceInc,"100 Commerce Blvd, Dallas, TX 75201",32,35375.44,6.25,2210.97,112441.87,2023-04-30,1,1.0
INV-2024-0141,2024-11-14,11,2024-11-15,Net 1,1,USD,V071,Pinnacle Supplies Inc,"8493 Market St, Atlanta, IL 23224",billing@pinnacle-supplies.com,CT-2017433,Services,SmartInvoiceInc,"100 Commerce Blvd, Dallas, TX 75201",19,10663.98,6.25,666.5,1.0,2024-11-15,0,1.0
INV-2022-0132,2025-12-31,12,2026-03-03,Net 62,62,USD,V002,Vanguard Supplies Group,"6899 Industrial Dr, Seattle, NY 96672",billing@vanguard-supplies.com,XS-7319707,Manufacturing,SmartInvoiceInc,"100 Commerce Blvd, Dallas, TX 75201",1,34644.05,7.0,2425.08,57573.1,2026-03-03,0,1.0
INV-2024-0102,2023-11-18,11,2024-01-24,Net 67,67,USD,V039,Elite Labs Group,"237 Innovation Rd, Dallas, AZ 29963",billing@elite-labs.com,TX-2849396,Manufacturing,SmartInvoiceInc,"100 Commerce Blvd, Dallas, TX 75201",21,47595.45,7.5,3569.66,1.0,2024-02-13,1,1.0
INV-2022-0064,2022-06-17,6,2022-09-15,Net 90,90,USD,V019,Pioneer Marketing Co,"5261 Venture Blvd, Miami, AZ 19348",billing@pioneer-marketing.com,CW-3276360,Manufacturing,SmartInvoiceInc,"100 Commerce Blvd, Dallas, TX 75201",46,32600.99,8.5,2771.08,1.0,2022-09-15,0,1.0
INV-2022-0087,2022-02-04,2,2022-04-16,Net 71,71,USD,V022,Acme Capital Inc,"8802 Corporate Ln, Atlanta, FL 45909",billing@acme-capital.com,SL-9415398,Services,SmartInvoiceInc,"100 Commerce Blvd, Dallas, TX 75201",1,12919.21,7.0,904.34,133425.65,2022-04-16,0,1.0
INV-2022-0101,2022-05-19,5,2022-08-17,Net 90,90,USD,V096,Sterling Security Corp,"5995 Enterprise Ave, Dallas, GA 64756",billing@sterling-security.com,VP-7611653,Technology,SmartInvoiceInc,"100 Commerce Blvd, Dallas, TX 75201",27,15988.92,8.0,1279.11,70479.92,2022-08-17,0,1.0
INV-2024-0211,2024-02-11,2,2024-02-12,Net 1,1,USD,V002,Vanguard Supplies Group,"6899 Industrial Dr, Seattle, NY 96672",billing@vanguard-supplies.com,XS-7319707,Manufacturing,SmartInvoiceInc,"100 Commerce Blvd, Dallas, TX 75201",3,47363.32,7.0,3315.43,133693.9,2024-02-27,1,1.0
INV-2022-0077,2023-03-05,3,2023-05-01,Net 57,57,USD,V059,Global Medical Co,"2998 Venture Blvd, Los Angeles, CO 24060",billing@global-medical.com,JY-1829735,Services,SmartInvoiceInc,"100 Commerce Blvd, Dallas, TX 75201",11,44208.19,7.5,3315.61,1.0,2023-05-01,0,1.0
INV-2024-0112,2024-09-08,9,2024-09-25,Net 17,17,USD,V100,Swift Capital Corp,"2767 Industrial Dr, Austin, IL 12983",billing@swift-capital.com,ZW-2841648,Retail,SmartInvoiceInc,"100 Commerce Blvd, Dallas, TX 75201",1,20703.51,6.25,1293.97,87202.22,2024-09-25,0,1.0
INV-2023-0052,2024-06-10,6,2024-08-22,Net 73,73,USD,V007,Pinnacle Legal LLC,"6765 Business Pkwy, San Francisco, FL 78385",billing@pinnacle-legal.com,TJ-4693305,Services,SmartInvoiceInc,"100 Commerce Blvd, Dallas, TX 75201",31,22787.59,6.25,1424.22,66552.43,2024-08-31,1,1.0
INV-2022-0214,2022-12-10,12,2022-12-30,Net 20,20,USD,V046,Titan Freight Co,"3445 Venture Blvd, New York, NY 44674",billing@titan-freight.com,OY-3319049,Technology,SmartInvoiceInc,"100 Commerce Blvd, Dallas, TX 75201",1,48861.84,6.25,3053.86,39540.53,2022-12-30,0,1.0
INV-2023-0196,2025-12-31,12,2026-01-23,Net 23,23,USD,V027,Delta Security Inc,"6290 Trade Center Dr, Dallas, TX 78866",billing@delta-security.com,PW-6118922,Retail,SmartInvoiceInc,"100 Commerce Blvd, Dallas, TX 75201",41,5084.96,7.5,381.37,1.0,2026-02-17,1,1.0
INV-2022-0008,2021-01-01,1,2021-02-04,Net 34,34,USD,V028,Pioneer Systems LLC,"5163 Business Pkwy, Chicago, IL 39703",billing@pioneer-systems.com,ZD-7655623,Manufacturing,SmartInvoiceInc,"100 Commerce Blvd, Dallas, TX 75201",18,40953.99,7.5,3071.55,76795.85,2021-02-04,0,1.0
INV-2024-0034,2022-12-13,12,2023-03-13,Net 90,90,USD,V026,Titan Partners Co,"5010 Enterprise Ave, New York, IL 71642",billing@titan-partners.com,ED-1423570,Retail,SmartInvoiceInc,"100 Commerce Blvd, Dallas, TX 75201",8,27570.36,6.25,1723.15,1.0,2023-04-02,1,1.0
INV-2022-0147,2021-01-01,1,2021-04-01,Net 90,90,USD,V040,Elite Tech Co,"6369 Tech Park Way, Atlanta, GA 90719",billing@elite-tech.com,KV-2072647,Retail,SmartInvoiceInc,"100 Commerce Blvd, Dallas, TX 75201",21,41009.29,9.0,3690.84,11256.76,2021-04-01,0,1.0
INV-2023-0135,2023-12-23,12,2024-02-29,Net 68,68,USD,V047,Elite Energy Inc,"6329 Venture Blvd, Atlanta, TX 13596",billing@elite-energy.com,TY-1467010,Technology,SmartInvoiceInc,"100 Commerce Blvd, Dallas, TX 75201",1,11113.12,8.25,916.83,1.0,2024-04-03,1,1.0
INV-2023-0254,2024-05-30,5,2024-06-06,Net 7,7,USD,V040,Elite Tech Co,"6369 Tech Park Way, Atlanta, GA 90719",billing@elite-tech.com,KV-2072647,Retail,SmartInvoiceInc,"100 Commerce Blvd, Dallas, TX 75201",49,36770.31,7.0,2573.92,24629.64,2024-06-06,0,1.0
INV-2022-0079,2021-12-28,12,2022-02-20,Net 54,54,USD,V016,Summit Freight Inc,"1465 Tech Park Way, Dallas, FL 26779",billing@summit-freight.com,IS-7197323,Technology,SmartInvoiceInc,"100 Commerce Blvd, Dallas, TX 75201",34,16985.23,7.0,1188.97,52001.22,2022-02-20,0,1.0
INV-2022-0165,2021-01-01,1,2021-03-20,Net 78,78,USD,V019,Pioneer Marketing Co,"5261 Venture Blvd, Miami, AZ 19348",billing@pioneer-marketing.com,CW-3276360,Manufacturing,SmartInvoiceInc,"100 Commerce Blvd, Dallas, TX 75201",39,39445.09,7.5,2958.38,1.0,2021-03-20,0,1.0
INV-2023-0013,2022-01-15,1,2022-04-15,Net 90,90,USD,V065,Delta Tech Group,"2991 Industrial Dr, Austin, NY 85683",billing@delta-tech.com,DZ-8726890,Services,SmartInvoiceInc,"100 Commerce Blvd, Dallas, TX 75201",1,14929.04,8.5,1268.97,24066.29,2022-04-15,0,1.0
INV-2022-0007,2021-01-01,1,2021-01-19,Net 18,18,USD,V073,Acme Systems Group,"3672 Innovation Rd, Dallas, TX 47148",billing@acme-systems.com,KV-6786265,Retail,SmartInvoiceInc,"100 Commerce Blvd, Dallas, TX 75201",1,40086.08,9.0,3607.75,83278.88,2021-02-16,1,1.0
INV-2023-0072,2021-01-01,1,2021-01-25,Net 24,24,USD,V097,Beacon Logistics LLC,"5487 Venture Blvd, Atlanta, AZ 37935",billing@beacon-logistics.com,JP-4813270,Manufacturing,SmartInvoiceInc,"100 Commerce Blvd, Dallas, TX 75201",1,33489.92,7.5,2511.74,1.0,2021-01-25,0,1.0
INV-2022-0138,2023-01-26,1,2023-04-26,Net 90,90,USD,V061,Prime Solutions Co,"3787 Innovation Rd, Austin, GA 77506",billing@prime-solutions.com,FF-4369538,Services,SmartInvoiceInc,"100 Commerce Blvd, Dallas, TX 75201",12,32078.74,8.5,2726.69,15714.06,2023-04-26,0,1.0
INV-2024-0124,2024-01-06,1,2024-02-07,Net 32,32,USD,V036,Delta Partners Corp,"4463 Commerce Blvd, New York, IL 34285",billing@delta-partners.com,YQ-6165679,Healthcare,SmartInvoiceInc,"100 Commerce Blvd, Dallas, TX 75201",1,46845.89,8.0,3747.67,1.0,2024-02-29,1,1.0
INV-2022-0025,2021-10-08,10,2021-10-21,Net 13,13,USD,V011,Acme Legal Group,"5826 Industrial Dr, Austin, CA 37350",billing@acme-legal.com,QZ-5833177,Manufacturing,SmartInvoiceInc,"100 Commerce Blvd, Dallas, TX 75201",47,15401.78,9.0,1386.16,1.0,2021-11-14,1,1.0
INV-2023-0037,2021-01-01,1,2021-02-21,Net 51,51,USD,V068,Nexus Energy Group,"3976 Innovation Rd, Seattle, TX 75310",billing@nexus-energy.com,ZI-9887324,Technology,SmartInvoiceInc,"100 Commerce Blvd, Dallas, TX 75201",43,14411.39,7.5,1080.85,321160.42,2021-02-21,0,1.0
INV-2024-0121,2023-03-13,3,2023-03-14,Net 1,1,USD,V001,Metro Legal Co,"5791 Enterprise Ave, Miami, FL 64021",billing@metro-legal.com,MT-6143901,Services,SmartInvoiceInc,"100 Commerce Blvd, Dallas, TX 75201",1,6038.09,8.25,498.14,63607.36,2023-03-24,1,1.0
INV-2023-0112,2024-06-14,6,2024-06-15,Net 1,1,USD,V092,Pinnacle Capital Co,"7579 Commerce Blvd, Seattle, FL 84478",billing@pinnacle-capital.com,TS-6703394,Retail,SmartInvoiceInc,"100 Commerce Blvd, Dallas, TX 75201",1,44143.69,8.25,3641.85,109802.66,2024-06-15,0,1.0
INV-2024-0064,2023-12-04,12,2024-01-08,Net 35,35,USD,V083,Metro Freight Group,"3694 Venture Blvd, Houston, NY 86918",billing@metro-freight.com,LT-7193956,Technology,SmartInvoiceInc,"100 Commerce Blvd, Dallas, TX 75201",1,14814.78,8.0,1185.18,73732.31,2024-01-08,0,1.0
INV-2024-0104,2024-06-21,6,2024-09-18,Net 89,89,USD,V027,Delta Security Inc,"6290 Trade Center Dr, Dallas, TX 78866",billing@delta-security.com,PW-6118922,Retail,SmartInvoiceInc,"100 Commerce Blvd, Dallas, TX 75201",1,27009.91,8.25,2228.32,13718.22,2024-09-18,0,1.0
INV-2022-0014,2021-10-02,10,2021-12-21,Net 80,80,USD,V052,Pinnacle Tech Corp,"8295 Business Pkwy, New York, TX 94471",billing@pinnacle-tech.com,FS-3357821,Technology,SmartInvoiceInc,"100 Commerce Blvd, Dallas, TX 75201",38,15735.89,9.0,1416.23,1.0,2021-12-21,0,1.0
INV-2024-0185,2025-10-03,10,2025-10-04,Net 1,1,USD,V036,Delta Partners Corp,"4463 Commerce Blvd, New York, IL 34285",billing@delta-partners.com,YQ-6165679,Healthcare,SmartInvoiceInc,"100 Commerce Blvd, Dallas, TX 75201",18,18989.25,7.0,1329.25,23823.67,2025-10-04,0,1.0
INV-2024-0194,2024-02-01,2,2024-02-10,Net 9,9,USD,V097,Beacon Logistics LLC,"5487 Venture Blvd, Atlanta, AZ 37935",billing@beacon-logistics.com,JP-4813270,Manufacturing,SmartInvoiceInc,"100 Commerce Blvd, Dallas, TX 75201",29,4343.22,8.25,358.32,73703.84,2024-02-10,0,1.0
INV-2024-0228,2025-04-06,4,2025-04-14,Net 8,8,USD,V022,Acme Capital Inc,"8802 Corporate Ln, Atlanta, FL 45909",billing@acme-capital.com,SL-9415398,Services,SmartInvoiceInc,"100 Commerce Blvd, Dallas, TX 75201",1,34008.57,6.25,2125.54,38776.02,2025-04-30,1,1.0
INV-2024-0242,2024-08-01,8,2024-08-18,Net 17,17,USD,V067,Horizon Parts Group,"7883 Industrial Dr, Atlanta, TX 66942",billing@horizon-parts.com,HK-3792427,Retail,SmartInvoiceInc,"100 Commerce Blvd, Dallas, TX 75201",1,8438.09,8.25,696.14,23995.66,2024-08-18,0,1.0
INV-2022-0063,2025-12-31,12,2026-03-31,Net 90,90,USD,V032,Pacific Logistics Inc,"7549 Trade Center Dr, New York, TX 56540",billing@pacific-logistics.com,AB-8153768,Services,SmartInvoiceInc,"100 Commerce Blvd, Dallas, TX 75201",50,11865.11,9.0,1067.86,11203.63,2026-03-31,0,1.0
INV-2024-0129,2025-01-10,1,2025-04-10,Net 90,90,USD,V085,Nexus Security Inc,"3286 Commerce Blvd, Atlanta, WA 70774",billing@nexus-security.com,IV-3245909,Services,SmartInvoiceInc,"100 Commerce Blvd, Dallas, TX 75201",1,36753.85,7.0,2572.77,33389.51,2025-05-13,1,1.0
INV-2022-0088,2021-06-23,6,2021-06-24,Net 1,1,USD,V030,Delta Solutions Group,"2879 Tech Park Way, New York, CA 66178",billing@delta-solutions.com,EO-6187480,Manufacturing,SmartInvoiceInc,"100 Commerce Blvd, Dallas, TX 75201",18,36754.49,7.5,2756.59,1.0,2021-07-04,1,1.0
INV-2024-0017,2024-04-07,4,2024-05-19,Net 42,42,USD,V036,Delta Partners Corp,"4463 Commerce Blvd, New York, IL 34285",billing@delta-partners.com,YQ-6165679,Healthcare,SmartInvoiceInc,"100 Commerce Blvd, Dallas, TX 75201",10,10988.77,7.5,824.16,31596.74,2024-06-07,1,1.0
INV-2023-0224,2021-10-11,10,2021-12-28,Net 78,78,USD,V015,Prime Parts Group,"3540 Corporate Ln, Miami, CO 78450",billing@prime-parts.com,IQ-6781565,Retail,SmartInvoiceInc,"100 Commerce Blvd, Dallas, TX 75201",1,49319.21,6.25,3082.45,56649.59,2022-01-30,1,1.0
INV-2022-0206,2024-01-04,1,2024-01-05,Net 1,1,USD,V019,Pioneer Marketing Co,"5261 Venture Blvd, Miami, AZ 19348",billing@pioneer-marketing.com,CW-3276360,Manufacturing,SmartInvoiceInc,"100 Commerce Blvd, Dallas, TX 75201",20,20887.3,7.0,1462.11,1.0,2024-02-08,1,1.0
INV-2023-0235,2023-12-23,12,2024-02-28,Net 67,67,USD,V013,Summit Partners Corp,"512 Innovation Rd, Los Angeles, CO 70692",billing@summit-partners.com,YD-8122313,Healthcare,SmartInvoiceInc,"100 Commerce Blvd, Dallas, TX 75201",1,31755.24,9.0,2857.97,118730.55,2024-03-28,1,1.0
INV-2022-0186,2025-01-04,1,2025-01-05,Net 1,1,USD,V039,Elite Labs Group,"237 Innovation Rd, Dallas, AZ 29963",billing@elite-labs.com,TX-2849396,Manufacturing,SmartInvoiceInc,"100 Commerce Blvd, Dallas, TX 75201",17,10709.48,8.25,883.53,1.0,2025-01-05,0,1.0
INV-2022-0203,2023-07-24,7,2023-08-15,Net 22,22,USD,V067,Horizon Parts Group,"7883 Industrial Dr, Atlanta, TX 66942",billing@horizon-parts.com,HK-3792427,Retail,SmartInvoiceInc,"100 Commerce Blvd, Dallas, TX 75201",20,47596.38,6.25,2974.77,37071.38,2023-09-01,1,1.0
INV-2024-0134,2025-12-31,12,2026-01-13,Net 13,13,USD,V043,Swift Partners LLC,"7340 Venture Blvd, Atlanta, CO 53221",billing@swift-partners.com,OX-4125354,Healthcare,SmartInvoiceInc,"100 Commerce Blvd, Dallas, TX 75201",1,28253.58,8.25,2330.92,70063.3,2026-02-08,1,1.0
INV-2023-0207,2021-01-01,1,2021-04-01,Net 90,90,USD,V016,Summit Freight Inc,"1465 Tech Park Way, Dallas, FL 26779",billing@summit-freight.com,IS-7197323,Technology,SmartInvoiceInc,"100 Commerce Blvd, Dallas, TX 75201",41,27015.0,6.25,1688.44,42232.18,2021-04-01,0,1.0
INV-2023-0134,2022-10-18,10,2023-01-04,Net 78,78,USD,V086,Swift Consulting Group,"6909 Venture Blvd, Houston, GA 84532",billing@swift-consulting.com,KF-2014929,Healthcare,SmartInvoiceInc,"100 Commerce Blvd, Dallas, TX 75201",25,24512.19,7.5,1838.41,1.0,2023-01-11,1,1.0
INV-2022-0211,2022-08-26,8,2022-08-27,Net 1,1,USD,V078,Beacon Legal LLC,"1581 Tech Park Way, Houston, TX 91974",billing@beacon-legal.com,RG-8449607,Technology,SmartInvoiceInc,"100 Commerce Blvd, Dallas, TX 75201",34,41119.64,6.25,2569.98,108665.11,2022-08-27,0,1.0
INV-2024-0103,2024-03-07,3,2024-03-08,Net 1,1,USD,V003,Global Logistics LLC,"9032 Venture Blvd, San Francisco, GA 11150",billing@global-logistics.com,IL-7095929,Manufacturing,SmartInvoiceInc,"100 Commerce Blvd, Dallas, TX 75201",20,19697.39,7.0,1378.82,46978.77,2024-03-08,0,1.0
INV-2024-0268,2025-05-22,5,2025-07-01,Net 40,40,USD,V048,Pacific Tech Co,"9461 Market St, New York, CA 22910",billing@pacific-tech.com,HH-9469872,Retail,SmartInvoiceInc,"100 Commerce Blvd, Dallas, TX 75201",50,43928.85,8.0,3514.31,108853.49,2025-08-10,1,1.0
INV-2024-0148,2024-12-09,12,2024-12-10,Net 1,1,USD,V036,Delta Partners Corp,"4463 Commerce Blvd, New York, IL 34285",billing@delta-partners.com,YQ-6165679,Healthcare,SmartInvoiceInc,"100 Commerce Blvd, Dallas, TX 75201",28,32591.74,8.25,2688.82,1.0,2024-12-23,1,1.0
INV-2024-0021,2023-07-22,7,2023-10-04,Net 74,74,USD,V045,Apex Freight Co,"6909 Innovation Rd, Austin, GA 15122",billing@apex-freight.com,OW-4708654,Retail,SmartInvoiceInc,"100 Commerce Blvd, Dallas, TX 75201",50,11961.65,8.25,986.84,1.0,2023-10-04,0,1.0
INV-2022-0031,2023-02-02,2,2023-04-06,Net 63,63,USD,V093,Delta Labs Corp,"7201 Industrial Dr, Atlanta, AZ 11524",billing@delta-labs.com,II-7984720,Technology,SmartInvoiceInc,"100 Commerce Blvd, Dallas, TX 75201",1,3965.17,8.5,337.04,885.16,2023-04-06,0,1.0
INV-2023-0057,2021-12-13,12,2022-01-06,Net 24,24,USD,V059,Global Medical Co,"2998 Venture Blvd, Los Angeles, CO 24060",billing@global-medical.com,JY-1829735,Services,SmartInvoiceInc,"100 Commerce Blvd, Dallas, TX 75201",1,23479.81,8.0,1878.38,115322.94,2022-02-06,1,1.0
INV-2022-0070,2021-01-01,1,2021-01-02,Net 1,1,USD,V096,Sterling Security Corp,"5995 Enterprise Ave, Dallas, GA 64756",billing@sterling-security.com,VP-7611653,Technology,SmartInvoiceInc,"100 Commerce Blvd, Dallas, TX 75201",8,41652.7,6.25,2603.29,81850.47,2021-01-02,0,1.0
INV-2022-0245,2023-01-06,1,2023-02-21,Net 46,46,USD,V031,Titan Capital LLC,"2971 Industrial Dr, San Francisco, GA 11015",billing@titan-capital.com,AV-9416320,Manufacturing,SmartInvoiceInc,"100 Commerce Blvd, Dallas, TX 75201",1,38754.07,9.0,3487.87,45062.59,2023-03-29,1,1.0
INV-2024-0127,2021-07-08,7,2021-08-17,Net 40,40,USD,V008,Apex Security LLC,"9923 Commerce Blvd, Chicago, IL 26364",billing@apex-security.com,DP-2100567,Manufacturing,SmartInvoiceInc,"100 Commerce Blvd, Dallas, TX 75201",11,26293.12,8.5,2234.92,1.0,2021-08-17,0,1.0
INV-2024-0095,2021-01-01,1,2021-01-13,Net 12,12,USD,V058,Alpha Parts Inc,"5515 Business Pkwy, Chicago, CO 68596",billing@alpha-parts.com,NC-1873172,Healthcare,SmartInvoiceInc,"100 Commerce Blvd, Dallas, TX 75201",15,1224.1,7.5,91.81,214787.43,2021-01-13,0,1.0
INV-2022-0115,2021-03-26,3,2021-06-23,Net 89,89,USD,V029,Nexus Freight Group,"639 Enterprise Ave, Atlanta, FL 30159",billing@nexus-freight.com,VQ-5010912,Healthcare,SmartInvoiceInc,"100 Commerce Blvd, Dallas, TX 75201",1,33292.96,9.0,2996.37,1.0,2021-06-23,0,1.0
INV-2024-0172,2024-03-18,3,2024-05-18,Net 61,61,USD,V029,Nexus Freight Group,"639 Enterprise Ave, Atlanta, FL 30159",billing@nexus-freight.com,VQ-5010912,Healthcare,SmartInvoiceInc,"100 Commerce Blvd, Dallas, TX 75201",15,13282.44,9.0,1195.42,1668.52,2024-05-18,0,1.0
INV-2022-0026,2022-04-01,4,2022-04-19,Net 18,18,USD,V064,Swift Labs Inc,"6128 Market St, Chicago, FL 50631",billing@swift-labs.com,OH-7356228,Healthcare,SmartInvoiceInc,"100 Commerce Blvd, Dallas, TX 75201",1,42702.96,8.25,3522.99,4875.82,2022-04-19,0,1.0
INV-2023-0032,2023-03-24,3,2023-05-24,Net 61,61,USD,V042,Summit Capital Co,"5685 Venture Blvd, New York, IL 49749",billing@summit-capital.com,AE-3245131,Manufacturing,SmartInvoiceInc,"100 Commerce Blvd, Dallas, TX 75201",25,21041.08,7.5,1578.08,1.0,2023-05-24,0,1.0
INV-2024-0061,2025-12-31,12,2026-03-31,Net 90,90,USD,V008,Apex Security LLC,"9923 Commerce Blvd, Chicago, IL 26364",billing@apex-security.com,DP-2100567,Manufacturing,SmartInvoiceInc,"100 Commerce Blvd, Dallas, TX 75201",28,30188.68,7.0,2113.21,115727.76,2026-03-31,0,1.0
INV-2023-0115,2023-04-25,4,2023-05-20,Net 25,25,USD,V076,Bright Cloud Inc,"4624 Innovation Rd, Austin, CA 43536",billing@bright-cloud.com,NS-1703662,Manufacturing,SmartInvoiceInc,"100 Commerce Blvd, Dallas, TX 75201",1,37414.79,6.25,2338.42,124236.17,2023-05-20,0,1.0
INV-2024-0002,2023-12-28,12,2024-03-27,Net 90,90,USD,V050,Alpha Logistics Inc,"1560 Business Pkwy, San Francisco, OH 11605",billing@alpha-logistics.com,WP-3255363,Services,SmartInvoiceInc,"100 Commerce Blvd, Dallas, TX 75201",1,41180.63,7.0,2882.64,1.0,2024-03-27,0,1.0
INV-2023-0128,2021-10-18,10,2021-11-24,Net 37,37,USD,V062,Vanguard Security LLC,"5667 Market St, Dallas, FL 35053",billing@vanguard-security.com,GD-7867100,Technology,SmartInvoiceInc,"100 Commerce Blvd, Dallas, TX 75201",32,32019.7,7.5,2401.48,49997.37,2021-11-24,0,1.0
INV-2024-0169,2022-06-03,6,2022-06-04,Net 1,1,USD,V001,Metro Legal Co,"5791 Enterprise Ave, Miami, FL 64021",billing@metro-legal.com,MT-6143901,Services,SmartInvoiceInc,"100 Commerce Blvd, Dallas, TX 75201",26,41382.93,8.25,3414.09,54687.48,2022-06-04,0,1.0
INV-2022-0110,2022-04-12,4,2022-04-13,Net 1,1,USD,V013,Summit Partners Corp,"512 Innovation Rd, Los Angeles, CO 70692",billing@summit-partners.com,YD-8122313,Healthcare,SmartInvoiceInc,"100 Commerce Blvd, Dallas, TX 75201",1,41276.49,7.0,2889.35,79964.22,2022-04-13,0,1.0
INV-2024-0161,2024-02-29,2,2024-03-29,Net 29,29,USD,V079,Alpha Partners Inc,"6054 Innovation Rd, Miami, WA 66373",billing@alpha-partners.com,YO-4185714,Technology,SmartInvoiceInc,"100 Commerce Blvd, Dallas, TX 75201",1,23345.38,9.0,2101.08,1.0,2024-04-18,1,1.0
INV-2023-0179,2021-08-28,8,2021-10-16,Net 49,49,USD,V084,Bright Medical LLC,"7183 Tech Park Way, Los Angeles, AZ 27771",billing@bright-medical.com,XQ-6499593,Services,SmartInvoiceInc,"100 Commerce Blvd, Dallas, TX 75201",1,21901.14,6.25,1368.82,1.0,2021-10-16,0,1.0
INV-2023-0042,2022-12-19,12,2023-01-30,Net 42,42,USD,V022,Acme Capital Inc,"8802 Corporate Ln, Atlanta, FL 45909",billing@acme-capital.com,SL-9415398,Services,SmartInvoiceInc,"100 Commerce Blvd, Dallas, TX 75201",1,41304.18,8.0,3304.33,60436.55,2023-02-05,1,1.0
INV-2024-0098,2023-09-19,9,2023-09-20,Net 1,1,USD,V089,Delta Energy Group,"6236 Enterprise Ave, Miami, AZ 69052",billing@delta-energy.com,QZ-9752084,Retail,SmartInvoiceInc,"100 Commerce Blvd, Dallas, TX 75201",18,44461.85,9.0,4001.57,1.0,2023-09-20,0,1.0
INV-2023-0154,2023-05-31,5,2023-08-09,Net 70,70,USD,V077,Pioneer Data LLC,"6745 Commerce Blvd, Houston, OH 35522",billing@pioneer-data.com,DA-6517366,Services,SmartInvoiceInc,"100 Commerce Blvd, Dallas, TX 75201",1,42321.13,7.5,3174.08,35194.73,2023-08-09,0,1.0
INV-2022-0227,2023-12-04,12,2024-03-03,Net 90,90,USD,V038,Horizon Freight Corp,"1431 Trade Center Dr, New York, TX 52318",billing@horizon-freight.com,WJ-2296516,Healthcare,SmartInvoiceInc,"100 Commerce Blvd, Dallas, TX 75201",49,45203.14,8.25,3729.26,87877.02,2024-03-03,0,1.0
INV-2024-0151,2023-06-28,6,2023-08-01,Net 34,34,USD,V096,Sterling Security Corp,"5995 Enterprise Ave, Dallas, GA 64756",billing@sterling-security.com,VP-7611653,Technology,SmartInvoiceInc,"100 Commerce Blvd, Dallas, TX 75201",6,783.07,7.5,58.73,1.0,2023-08-16,1,1.0
INV-2022-0193,2023-06-06,6,2023-07-15,Net 39,39,USD,V016,Summit Freight Inc,"1465 Tech Park Way, Dallas, FL 26779",billing@summit-freight.com,IS-7197323,Technology,SmartInvoiceInc,"100 Commerce Blvd, Dallas, TX 75201",13,6938.99,8.0,555.12,46693.82,2023-07-15,0,1.0
INV-2024-0022,2024-02-13,2,2024-03-08,Net 24,24,USD,V021,Swift Ventures LLC,"9509 Enterprise Ave, San Francisco, OH 36962",billing@swift-ventures.com,HP-7243669,Retail,SmartInvoiceInc,"100 Commerce Blvd, Dallas, TX 75201",20,1178.08,8.0,94.25,116273.44,2024-03-08,0,1.0
INV-2022-0126,2022-02-21,2,2022-03-04,Net 11,11,USD,V035,Pioneer Parts Co,"816 Market St, Dallas, TX 55543",billing@pioneer-parts.com,BH-9896761,Manufacturing,SmartInvoiceInc,"100 Commerce Blvd, Dallas, TX 75201",1,1348.91,7.0,94.42,36090.14,2022-03-04,0,1.0
INV-2023-0197,2023-08-19,8,2023-08-20,Net 1,1,USD,V100,Swift Capital Corp,"2767 Industrial Dr, Austin, IL 12983",billing@swift-capital.com,ZW-2841648,Retail,SmartInvoiceInc,"100 Commerce Blvd, Dallas, TX 75201",1,25825.97,7.0,1807.82,18503.47,2023-08-20,0,1.0
INV-2023-0126,2021-08-25,8,2021-08-26,Net 1,1,USD,V080,Vanguard Legal Group,"3154 Innovation Rd, Houston, NY 44911",billing@vanguard-legal.com,XN-8021855,Services,SmartInvoiceInc,"100 Commerce Blvd, Dallas, TX 75201",7,19834.38,8.0,1586.75,11286.47,2021-08-26,0,1.0
INV-2022-0021,2022-05-31,5,2022-08-05,Net 66,66,USD,V019,Pioneer Marketing Co,"5261 Venture Blvd, Miami, AZ 19348",billing@pioneer-marketing.com,CW-3276360,Manufacturing,SmartInvoiceInc,"100 Commerce Blvd, Dallas, TX 75201",2,35516.15,7.5,2663.71,1.0,2022-08-05,0,1.0
INV-2024-0131,2023-11-16,11,2024-02-14,Net 90,90,USD,V048,Pacific Tech Co,"9461 Market St, New York, CA 22910",billing@pacific-tech.com,HH-9469872,Retail,SmartInvoiceInc,"100 Commerce Blvd, Dallas, TX 75201",6,46492.41,9.0,4184.32,1.0,2024-02-14,0,1.0
INV-2024-0099,2025-06-07,6,2025-07-23,Net 46,46,USD,V063,Bright Capital Inc,"1050 Commerce Blvd, Los Angeles, OH 69201",billing@bright-capital.com,JE-8583354,Manufacturing,SmartInvoiceInc,"100 Commerce Blvd, Dallas, TX 75201",14,49783.74,8.0,3982.7,1.0,2025-07-23,0,1.0
INV-2024-0052,2025-06-05,6,2025-08-20,Net 76,76,USD,V042,Summit Capital Co,"5685 Venture Blvd, New York, IL 49749",billing@summit-capital.com,AE-3245131,Manufacturing,SmartInvoiceInc,"100 Commerce Blvd, Dallas, TX 75201",22,29861.33,7.5,2239.6,50939.72,2025-08-20,0,1.0
INV-2022-0072,2023-01-02,1,2023-01-03,Net 1,1,USD,V061,Prime Solutions Co,"3787 Innovation Rd, Austin, GA 77506",billing@prime-solutions.com,FF-4369538,Services,SmartInvoiceInc,"100 Commerce Blvd, Dallas, TX 75201",1,5948.13,7.5,446.11,15461.14,2023-01-08,1,1.0
INV-2024-0019,2023-09-04,9,2023-09-05,Net 1,1,USD,V087,Bright Energy LLC,"5575 Trade Center Dr, New York, CA 49952",billing@bright-energy.com,EY-6888997,Manufacturing,SmartInvoiceInc,"100 Commerce Blvd, Dallas, TX 75201",37,3955.13,8.5,336.19,122673.53,2023-09-12,1,1.0
INV-2023-0084,2024-08-22,8,2024-08-24,Net 2,2,USD,V004,Metro Medical Inc,"7905 Business Pkwy, Atlanta, WA 66556",billing@metro-medical.com,UA-8474447,Healthcare,SmartInvoiceInc,"100 Commerce Blvd, Dallas, TX 75201",1,10606.24,8.5,901.53,58113.58,2024-09-10,1,1.0
INV-2024-0156,2025-12-31,12,2026-01-01,Net 1,1,USD,V093,Delta Labs Corp,"7201 Industrial Dr, Atlanta, AZ 11524",billing@delta-labs.com,II-7984720,Technology,SmartInvoiceInc,"100 Commerce Blvd, Dallas, TX 75201",4,3499.94,7.0,245.0,1.0,2026-01-01,0,1.0
INV-2023-0124,2023-02-10,2,2023-02-11,Net 1,1,USD,V059,Global Medical Co,"2998 Venture Blvd, Los Angeles, CO 24060",billing@global-medical.com,JY-1829735,Services,SmartInvoiceInc,"100 Commerce Blvd, Dallas, TX 75201",37,41988.67,8.5,3569.04,1.0,2023-02-11,0,1.0
INV-2022-0224,2021-01-01,1,2021-04-01,Net 90,90,USD,V038,Horizon Freight Corp,"1431 Trade Center Dr, New York, TX 52318",billing@horizon-freight.com,WJ-2296516,Healthcare,SmartInvoiceInc,"100 Commerce Blvd, Dallas, TX 75201",1,8107.71,8.25,668.89,31118.25,2021-04-01,0,1.0
INV-2022-0002,2023-04-30,4,2023-05-01,Net 1,1,USD,V066,Global Marketing Co,"5879 Venture Blvd, Chicago, OH 22999",billing@global-marketing.com,WO-9464685,Services,SmartInvoiceInc,"100 Commerce Blvd, Dallas, TX 75201",1,29845.59,7.5,2238.42,1.0,2023-05-09,1,1.0
INV-2023-0002,2022-11-12,11,2022-11-13,Net 1,1,USD,V029,Nexus Freight Group,"639 Enterprise Ave, Atlanta, FL 30159",billing@nexus-freight.com,VQ-5010912,Healthcare,SmartInvoiceInc,"100 Commerce Blvd, Dallas, TX 75201",34,30538.92,8.0,2443.11,24218.64,2022-12-26,1,1.0
INV-2022-0191,2023-02-05,2,2023-03-27,Net 50,50,USD,V007,Pinnacle Legal LLC,"6765 Business Pkwy, San Francisco, FL 78385",billing@pinnacle-legal.com,TJ-4693305,Services,SmartInvoiceInc,"100 Commerce Blvd, Dallas, TX 75201",8,48821.26,7.5,3661.59,43026.34,2023-03-27,0,1.0
INV-2024-0081,2025-12-31,12,2026-01-12,Net 12,12,USD,V088,Sterling Tech Group,"1722 Enterprise Ave, Seattle, OH 71396",billing@sterling-tech.com,YF-8369434,Manufacturing,SmartInvoiceInc,"100 Commerce Blvd, Dallas, TX 75201",17,49863.28,8.0,3989.06,51044.41,2026-01-29,1,1.0
INV-2024-0217,2024-03-30,3,2024-05-25,Net 56,56,USD,V095,Pacific Supplies Group,"2422 Enterprise Ave, Dallas, TX 59481",billing@pacific-supplies.com,YW-8599600,Retail,SmartInvoiceInc,"100 Commerce Blvd, Dallas, TX 75201",1,47068.28,8.25,3883.13,15195.97,2024-06-14,1,1.0
INV-2023-0136,2024-10-19,10,2024-10-20,Net 1,1,USD,V053,Pinnacle Labs LLC,"946 Innovation Rd, Seattle, NY 98236",billing@pinnacle-labs.com,LE-1064323,Services,SmartInvoiceInc,"100 Commerce Blvd, Dallas, TX 75201",22,40940.21,7.0,2865.81,141954.28,2024-10-20,0,1.0
INV-2022-0217,2021-05-19,5,2021-06-30,Net 42,42,USD,V019,Pioneer Marketing Co,"5261 Venture Blvd, Miami, AZ 19348",billing@pioneer-marketing.com,CW-3276360,Manufacturing,SmartInvoiceInc,"100 Commerce Blvd, Dallas, TX 75201",50,39575.77,9.0,3561.82,93041.57,2021-08-03,1,1.0
INV-2023-0009,2022-07-28,7,2022-10-02,Net 66,66,USD,V020,Titan Systems LLC,"2639 Commerce Blvd, New York, GA 31677",billing@titan-systems.com,MH-7646705,Services,SmartInvoiceInc,"100 Commerce Blvd, Dallas, TX 75201",24,47147.98,8.0,3771.84,58719.8,2022-10-22,1,1.0
INV-2022-0015,2022-02-11,2,2022-03-06,Net 23,23,USD,V003,Global Logistics LLC,"9032 Venture Blvd, San Francisco, GA 11150",billing@global-logistics.com,IL-7095929,Manufacturing,SmartInvoiceInc,"100 Commerce Blvd, Dallas, TX 75201",18,6164.36,8.0,493.15,21972.08,2022-04-15,1,1.0
INV-2023-0104,2022-09-04,9,2022-10-03,Net 29,29,USD,V011,Acme Legal Group,"5826 Industrial Dr, Austin, CA 37350",billing@acme-legal.com,QZ-5833177,Manufacturing,SmartInvoiceInc,"100 Commerce Blvd, Dallas, TX 75201",8,11375.49,8.0,910.04,87435.45,2022-10-03,0,1.0
INV-2022-0152,2021-01-01,1,2021-02-04,Net 34,34,USD,V028,Pioneer Systems LLC,"5163 Business Pkwy, Chicago, IL 39703",billing@pioneer-systems.com,ZD-7655623,Manufacturing,SmartInvoiceInc,"100 Commerce Blvd, Dallas, TX 75201",39,33862.71,8.0,2709.02,80691.11,2021-02-26,1,1.0
INV-2022-0094,2022-09-30,9,2022-12-29,Net 90,90,USD,V004,Metro Medical Inc,"7905 Business Pkwy, Atlanta, WA 66556",billing@metro-medical.com,UA-8474447,Healthcare,SmartInvoiceInc,"100 Commerce Blvd, Dallas, TX 75201",16,17460.93,9.0,1571.48,30243.72,2022-12-29,0,1.0
INV-2024-0083,2024-07-26,7,2024-08-18,Net 23,23,USD,V087,Bright Energy LLC,"5575 Trade Center Dr, New York, CA 49952",billing@bright-energy.com,EY-6888997,Manufacturing,SmartInvoiceInc,"100 Commerce Blvd, Dallas, TX 75201",23,41551.05,7.5,3116.33,1.0,2024-08-18,0,1.0
INV-2024-0115,2024-06-21,6,2024-08-08,Net 48,48,USD,V096,Sterling Security Corp,"5995 Enterprise Ave, Dallas, GA 64756",billing@sterling-security.com,VP-7611653,Technology,SmartInvoiceInc,"100 Commerce Blvd, Dallas, TX 75201",1,24185.56,7.0,1692.99,50455.51,2024-08-08,0,1.0
INV-2022-0027,2023-02-25,2,2023-03-16,Net 19,19,USD,V024,Nexus Marketing Group,"6719 Innovation Rd, Atlanta, GA 62224",billing@nexus-marketing.com,CM-6304509,Technology,SmartInvoiceInc,"100 Commerce Blvd, Dallas, TX 75201",11,14045.2,8.5,1193.84,51151.08,2023-03-16,0,1.0
INV-2022-0051,2022-11-11,11,2023-02-09,Net 90,90,USD,V065,Delta Tech Group,"2991 Industrial Dr, Austin, NY 85683",billing@delta-tech.com,DZ-8726890,Services,SmartInvoiceInc,"100 Commerce Blvd, Dallas, TX 75201",1,41207.87,7.0,2884.55,43508.26,2023-03-15,1,1.0
INV-2022-0169,2022-12-02,12,2022-12-03,Net 1,1,USD,V009,Nexus Cloud Inc,"9187 Market St, Chicago, CA 21938",billing@nexus-cloud.com,AA-2404330,Healthcare,SmartInvoiceInc,"100 Commerce Blvd, Dallas, TX 75201",13,17679.59,7.0,1237.57,90106.86,2022-12-03,0,1.0
INV-2023-0075,2025-02-09,2,2025-04-26,Net 76,76,USD,V040,Elite Tech Co,"6369 Tech Park Way, Atlanta, GA 90719",billing@elite-tech.com,KV-2072647,Retail,SmartInvoiceInc,"100 Commerce Blvd, Dallas, TX 75201",50,10362.67,9.0,932.64,58864.84,2025-04-26,0,1.0
INV-2022-0195,2021-11-11,11,2021-11-12,Net 1,1,USD,V039,Elite Labs Group,"237 Innovation Rd, Dallas, AZ 29963",billing@elite-labs.com,TX-2849396,Manufacturing,SmartInvoiceInc,"100 Commerce Blvd, Dallas, TX 75201",1,38375.44,8.0,3070.04,9460.57,2021-12-03,1,1.0
INV-2024-0142,2025-12-02,12,2025-12-03,Net 1,1,USD,V082,Acme Labs Inc,"2298 Enterprise Ave, Austin, NY 23859",billing@acme-labs.com,RB-3008960,Healthcare,SmartInvoiceInc,"100 Commerce Blvd, Dallas, TX 75201",1,32974.72,8.0,2637.98,22955.46,2025-12-22,1,1.0
INV-2022-0183,2022-08-04,8,2022-09-27,Net 54,54,USD,V060,Elite Parts Co,"6665 Commerce Blvd, Miami, TX 29096",billing@elite-parts.com,QA-4681262,Manufacturing,SmartInvoiceInc,"100 Commerce Blvd, Dallas, TX 75201",1,40086.04,9.0,3607.74,1.0,2022-09-27,0,1.0
INV-2024-0240,2025-06-18,6,2025-08-23,Net 66,66,USD,V059,Global Medical Co,"2998 Venture Blvd, Los Angeles, CO 24060",billing@global-medical.com,JY-1829735,Services,SmartInvoiceInc,"100 Commerce Blvd, Dallas, TX 75201",27,10222.75,6.25,638.92,1.0,2025-08-23,0,1.0
INV-2023-0191,2021-03-18,3,2021-05-25,Net 68,68,USD,V006,Apex Solutions Co,"2241 Market St, San Francisco, AZ 45247",billing@apex-solutions.com,UG-6698848,Healthcare,SmartInvoiceInc,"100 Commerce Blvd, Dallas, TX 75201",40,29176.07,7.0,2042.32,28641.93,2021-05-25,0,1.0
INV-2022-0175,2021-01-01,1,2021-04-01,Net 90,90,USD,V054,Swift Medical Group,"324 Market St, Dallas, TX 88477",billing@swift-medical.com,FE-9671370,Retail,SmartInvoiceInc,"100 Commerce Blvd, Dallas, TX 75201",3,46649.98,8.25,3848.62,37853.82,2021-04-01,0,1.0
INV-2023-0172,2022-12-12,12,2023-02-15,Net 65,65,USD,V063,Bright Capital Inc,"1050 Commerce Blvd, Los Angeles, OH 69201",billing@bright-capital.com,JE-8583354,Manufacturing,SmartInvoiceInc,"100 Commerce Blvd, Dallas, TX 75201",1,11326.14,8.25,934.41,61092.48,2023-02-15,0,1.0
INV-2024-0085,2024-06-04,6,2024-06-05,Net 1,1,USD,V080,Vanguard Legal Group,"3154 Innovation Rd, Houston, NY 44911",billing@vanguard-legal.com,XN-8021855,Services,SmartInvoiceInc,"100 Commerce Blvd, Dallas, TX 75201",20,48511.36,8.5,4123.47,1.0,2024-06-19,1,1.0
INV-2024-0096,2024-03-22,3,2024-03-23,Net 1,1,USD,V032,Pacific Logistics Inc,"7549 Trade Center Dr, New York, TX 56540",billing@pacific-logistics.com,AB-8153768,Services,SmartInvoiceInc,"100 Commerce Blvd, Dallas, TX 75201",42,18685.84,7.5,1401.44,80949.82,2024-03-23,0,1.0
INV-2022-0097,2022-05-08,5,2022-08-06,Net 90,90,USD,V059,Global Medical Co,"2998 Venture Blvd, Los Angeles, CO 24060",billing@global-medical.com,JY-1829735,Services,SmartInvoiceInc,"100 Commerce Blvd, Dallas, TX 75201",35,9168.6,6.25,573.04,42572.89,2022-09-06,1,1.0
INV-2024-0187,2025-12-31,12,2026-01-01,Net 1,1,USD,V085,Nexus Security Inc,"3286 Commerce Blvd, Atlanta, WA 70774",billing@nexus-security.com,IV-3245909,Services,SmartInvoiceInc,"100 Commerce Blvd, Dallas, TX 75201",18,12858.61,8.5,1092.98,1137.07,2026-01-01,0,1.0
INV-2023-0111,2022-07-07,7,2022-07-08,Net 1,1,USD,V045,Apex Freight Co,"6909 Innovation Rd, Austin, GA 15122",billing@apex-freight.com,OW-4708654,Retail,SmartInvoiceInc,"100 Commerce Blvd, Dallas, TX 75201",1,39733.44,8.0,3178.68,1362.64,2022-07-08,0,1.0
INV-2022-0213,2023-10-19,10,2023-11-05,Net 17,17,USD,V081,Acme Consulting Group,"5719 Enterprise Ave, New York, IL 96925",billing@acme-consulting.com,WP-5241361,Manufacturing,SmartInvoiceInc,"100 Commerce Blvd, Dallas, TX 75201",1,23187.02,9.0,2086.83,1.0,2023-11-29,1,1.0
INV-2023-0152,2024-03-25,3,2024-05-31,Net 67,67,USD,V058,Alpha Parts Inc,"5515 Business Pkwy, Chicago, CO 68596",billing@alpha-parts.com,NC-1873172,Healthcare,SmartInvoiceInc,"100 Commerce Blvd, Dallas, TX 75201",33,47450.9,9.0,4270.58,33800.92,2024-06-08,1,1.0
INV-2024-0110,2024-04-25,4,2024-07-24,Net 90,90,USD,V059,Global Medical Co,"2998 Venture Blvd, Los Angeles, CO 24060",billing@global-medical.com,JY-1829735,Services,SmartInvoiceInc,"100 Commerce Blvd, Dallas, TX 75201",50,45467.51,9.0,4092.08,84754.01,2024-08-21,1,1.0
INV-2023-0226,2024-05-21,5,2024-06-21,Net 31,31,USD,V089,Delta Energy Group,"6236 Enterprise Ave, Miami, AZ 69052",billing@delta-energy.com,QZ-9752084,Retail,SmartInvoiceInc,"100 Commerce Blvd, Dallas, TX 75201",6,30955.06,8.5,2631.18,43727.85,2024-07-08,1,1.0
INV-2022-0121,2021-01-01,1,2021-01-02,Net 1,1,USD,V030,Delta Solutions Group,"2879 Tech Park Way, New York, CA 66178",billing@delta-solutions.com,EO-6187480,Manufacturing,SmartInvoiceInc,"100 Commerce Blvd, Dallas, TX 75201",1,38587.72,8.25,3183.49,81755.17,2021-01-02,0,1.0
INV-2022-0200,2021-01-01,1,2021-02-15,Net 45,45,USD,V082,Acme Labs Inc,"2298 Enterprise Ave, Austin, NY 23859",billing@acme-labs.com,RB-3008960,Healthcare,SmartInvoiceInc,"100 Commerce Blvd, Dallas, TX 75201",1,2007.95,8.25,165.66,26269.83,2021-03-04,1,1.0
INV-2022-0113,2022-11-23,11,2023-01-14,Net 52,52,USD,V040,Elite Tech Co,"6369 Tech Park Way, Atlanta, GA 90719",billing@elite-tech.com,KV-2072647,Retail,SmartInvoiceInc,"100 Commerce Blvd, Dallas, TX 75201",18,33666.61,8.0,2693.33,1.0,2023-01-14,0,1.0
INV-2023-0184,2022-09-07,9,2022-09-08,Net 1,1,USD,V095,Pacific Supplies Group,"2422 Enterprise Ave, Dallas, TX 59481",billing@pacific-supplies.com,YW-8599600,Retail,SmartInvoiceInc,"100 Commerce Blvd, Dallas, TX 75201",1,14284.3,6.25,892.77,77499.69,2022-09-09,1,1.0
INV-2024-0173,2023-02-18,2,2023-05-19,Net 90,90,USD,V044,Global Systems Inc,"1376 Market St, Chicago, OH 18717",billing@global-systems.com,ZW-1067661,Manufacturing,SmartInvoiceInc,"100 Commerce Blvd, Dallas, TX 75201",12,22727.42,6.25,1420.46,43080.99,2023-05-19,0,1.0
INV-2022-0225,2023-11-06,11,2024-02-04,Net 90,90,USD,V012,Beacon Tech LLC,"517 Tech Park Way, Atlanta, GA 13267",billing@beacon-tech.com,ZU-3922097,Healthcare,SmartInvoiceInc,"100 Commerce Blvd, Dallas, TX 75201",50,6023.85,6.25,376.49,1.0,2024-03-02,1,1.0
INV-2024-0182,2024-08-11,8,2024-08-12,Net 1,1,USD,V062,Vanguard Security LLC,"5667 Market St, Dallas, FL 35053",billing@vanguard-security.com,GD-7867100,Technology,SmartInvoiceInc,"100 Commerce Blvd, Dallas, TX 75201",1,30733.15,7.0,2151.32,1.0,2024-08-12,0,1.0
INV-2023-0110,2022-12-16,12,2023-02-27,Net 73,73,USD,V011,Acme Legal Group,"5826 Industrial Dr, Austin, CA 37350",billing@acme-legal.com,QZ-5833177,Manufacturing,SmartInvoiceInc,"100 Commerce Blvd, Dallas, TX 75201",50,32750.03,6.25,2046.88,52828.15,2023-03-28,1,1.0
INV-2024-0249,2024-12-12,12,2025-01-09,Net 28,28,USD,V085,Nexus Security Inc,"3286 Commerce Blvd, Atlanta, WA 70774",billing@nexus-security.com,IV-3245909,Services,SmartInvoiceInc,"100 Commerce Blvd, Dallas, TX 75201",1,46492.66,8.5,3951.88,68582.3,2025-02-16,1,1.0
INV-2022-0180,2022-11-20,11,2022-11-23,Net 3,3,USD,V037,Delta Logistics Co,"4773 Tech Park Way, Miami, OH 75215",billing@delta-logistics.com,BF-1317537,Manufacturing,SmartInvoiceInc,"100 Commerce Blvd, Dallas, TX 75201",32,26474.41,6.25,1654.65,1.0,2022-12-04,1,1.0
INV-2024-0055,2025-11-11,11,2025-11-12,Net 1,1,USD,V088,Sterling Tech Group,"1722 Enterprise Ave, Seattle, OH 71396",billing@sterling-tech.com,YF-8369434,Manufacturing,SmartInvoiceInc,"100 Commerce Blvd, Dallas, TX 75201",50,15041.91,7.5,1128.14,16156.46,2025-11-12,0,1.0
INV-2024-0234,2025-12-31,12,2026-01-01,Net 1,1,USD,V017,Nexus Labs Group,"817 Market St, Austin, AZ 15486",billing@nexus-labs.com,PU-8990340,Services,SmartInvoiceInc,"100 Commerce Blvd, Dallas, TX 75201",50,10019.34,8.0,801.55,85105.98,2026-01-01,0,1.0
INV-2022-0086,2023-02-08,2,2023-04-30,Net 81,81,USD,V037,Delta Logistics Co,"4773 Tech Park Way, Miami, OH 75215",billing@delta-logistics.com,BF-1317537,Manufacturing,SmartInvoiceInc,"100 Commerce Blvd, Dallas, TX 75201",50,37083.82,7.0,2595.87,1.0,2023-04-30,0,1.0
INV-2024-0256,2024-08-14,8,2024-10-05,Net 52,52,USD,V036,Delta Partners Corp,"4463 Commerce Blvd, New York, IL 34285",billing@delta-partners.com,YQ-6165679,Healthcare,SmartInvoiceInc,"100 Commerce Blvd, Dallas, TX 75201",1,1009.08,6.25,63.07,1.0,2024-10-05,0,1.0
INV-2022-0133,2022-06-06,6,2022-06-14,Net 8,8,USD,V060,Elite Parts Co,"6665 Commerce Blvd, Miami, TX 29096",billing@elite-parts.com,QA-4681262,Manufacturing,SmartInvoiceInc,"100 Commerce Blvd, Dallas, TX 75201",21,15938.03,7.5,1195.35,1.0,2022-07-12,1,1.0
INV-2023-0091,2022-02-05,2,2022-05-06,Net 90,90,USD,V001,Metro Legal Co,"5791 Enterprise Ave, Miami, FL 64021",billing@metro-legal.com,MT-6143901,Services,SmartInvoiceInc,"100 Commerce Blvd, Dallas, TX 75201",18,49588.96,6.25,3099.31,64666.41,2022-05-06,0,1.0
INV-2024-0269,2023-03-09,3,2023-03-10,Net 1,1,USD,V072,Elite Supplies LLC,"8170 Industrial Dr, Houston, TX 16783",billing@elite-supplies.com,KL-1996530,Technology,SmartInvoiceInc,"100 Commerce Blvd, Dallas, TX 75201",50,22914.28,8.5,1947.71,1.0,2023-03-19,1,1.0
INV-2024-0082,2023-08-30,8,2023-09-19,Net 20,20,USD,V016,Summit Freight Inc,"1465 Tech Park Way, Dallas, FL 26779",billing@summit-freight.com,IS-7197323,Technology,SmartInvoiceInc,"100 Commerce Blvd, Dallas, TX 75201",13,14011.02,9.0,1260.99,22474.91,2023-09-19,0,1.0
INV-2024-0223,2023-10-02,10,2023-11-02,Net 31,31,USD,V025,Acme Supplies Group,"7676 Innovation Rd, Dallas, OH 77641",billing@acme-supplies.com,LM-5848287,Healthcare,SmartInvoiceInc,"100 Commerce Blvd, Dallas, TX 75201",50,9874.97,8.5,839.37,1.0,2023-11-11,1,1.0
INV-2023-0232,2024-01-31,1,2024-02-08,Net 8,8,USD,V026,Titan Partners Co,"5010 Enterprise Ave, New York, IL 71642",billing@titan-partners.com,ED-1423570,Retail,SmartInvoiceInc,"100 Commerce Blvd, Dallas, TX 75201",1,29105.61,7.5,2182.92,1.0,2024-02-11,1,1.0
INV-2024-0243,2025-03-14,3,2025-03-15,Net 1,1,USD,V058,Alpha Parts Inc,"5515 Business Pkwy, Chicago, CO 68596",billing@alpha-parts.com,NC-1873172,Healthcare,SmartInvoiceInc,"100 Commerce Blvd, Dallas, TX 75201",19,39318.21,7.5,2948.87,42042.91,2025-04-28,1,1.0
INV-2023-0093,2022-12-20,12,2023-03-20,Net 90,90,USD,V026,Titan Partners Co,"5010 Enterprise Ave, New York, IL 71642",billing@titan-partners.com,ED-1423570,Retail,SmartInvoiceInc,"100 Commerce Blvd, Dallas, TX 75201",1,42878.56,7.0,3001.5,174669.29,2023-03-20,0,1.0
INV-2022-0178,2024-01-24,1,2024-03-26,Net 62,62,USD,V087,Bright Energy LLC,"5575 Trade Center Dr, New York, CA 49952",billing@bright-energy.com,EY-6888997,Manufacturing,SmartInvoiceInc,"100 Commerce Blvd, Dallas, TX 75201",32,34707.26,6.25,2169.2,22111.26,2024-03-26,0,1.0
INV-2023-0234,2025-12-31,12,2026-02-06,Net 37,37,USD,V066,Global Marketing Co,"5879 Venture Blvd, Chicago, OH 22999",billing@global-marketing.com,WO-9464685,Services,SmartInvoiceInc,"100 Commerce Blvd, Dallas, TX 75201",1,17434.33,6.25,1089.65,23803.23,2026-02-06,0,1.0
INV-2022-0157,2021-10-22,10,2021-11-25,Net 34,34,USD,V086,Swift Consulting Group,"6909 Venture Blvd, Houston, GA 84532",billing@swift-consulting.com,KF-2014929,Healthcare,SmartInvoiceInc,"100 Commerce Blvd, Dallas, TX 75201",1,6287.72,8.25,518.74,3484.64,2021-12-10,1,1.0
INV-2022-0090,2021-01-01,1,2021-01-19,Net 18,18,USD,V046,Titan Freight Co,"3445 Venture Blvd, New York, NY 44674",billing@titan-freight.com,OY-3319049,Technology,SmartInvoiceInc,"100 Commerce Blvd, Dallas, TX 75201",10,18079.02,7.5,1355.93,48350.72,2021-02-11,1,1.0
INV-2022-0145,2025-03-22,3,2025-06-05,Net 75,75,USD,V068,Nexus Energy Group,"3976 Innovation Rd, Seattle, TX 75310",billing@nexus-energy.com,ZI-9887324,Technology,SmartInvoiceInc,"100 Commerce Blvd, Dallas, TX 75201",1,5739.74,7.5,430.48,1.0,2025-06-05,0,1.0
INV-2024-0258,2024-04-27,4,2024-07-08,Net 72,72,USD,V023,Titan Marketing LLC,"6077 Tech Park Way, Miami, NY 96188",billing@titan-marketing.com,MR-5984445,Manufacturing,SmartInvoiceInc,"100 Commerce Blvd, Dallas, TX 75201",15,20837.43,7.0,1458.62,1.0,2024-07-16,1,1.0
INV-2023-0100,2021-10-22,10,2021-11-20,Net 29,29,USD,V075,Titan Energy Co,"6804 Corporate Ln, Dallas, GA 12482",billing@titan-energy.com,XS-8433533,Healthcare,SmartInvoiceInc,"100 Commerce Blvd, Dallas, TX 75201",6,5387.49,8.25,444.47,39802.58,2022-01-04,1,1.0
INV-2023-0049,2023-12-11,12,2024-01-28,Net 48,48,USD,V093,Delta Labs Corp,"7201 Industrial Dr, Atlanta, AZ 11524",billing@delta-labs.com,II-7984720,Technology,SmartInvoiceInc,"100 Commerce Blvd, Dallas, TX 75201",15,44837.05,7.0,3138.59,108576.15,2024-01-28,0,1.0
INV-2024-0143,2025-12-31,12,2026-03-12,Net 71,71,USD,V060,Elite Parts Co,"6665 Commerce Blvd, Miami, TX 29096",billing@elite-parts.com,QA-4681262,Manufacturing,SmartInvoiceInc,"100 Commerce Blvd, Dallas, TX 75201",47,26848.45,8.0,2147.88,1.0,2026-03-12,0,1.0
INV-2022-0109,2021-01-01,1,2021-01-19,Net 18,18,USD,V077,Pioneer Data LLC,"6745 Commerce Blvd, Houston, OH 35522",billing@pioneer-data.com,DA-6517366,Services,SmartInvoiceInc,"100 Commerce Blvd, Dallas, TX 75201",27,15169.7,8.25,1251.5,76213.85,2021-01-19,0,1.0
INV-2023-0014,2023-01-06,1,2023-02-02,Net 27,27,USD,V092,Pinnacle Capital Co,"7579 Commerce Blvd, Seattle, FL 84478",billing@pinnacle-capital.com,TS-6703394,Retail,SmartInvoiceInc,"100 Commerce Blvd, Dallas, TX 75201",8,2073.03,7.0,145.11,1.0,2023-02-02,0,1.0
INV-2022-0204,2022-09-04,9,2022-12-03,Net 90,90,USD,V034,Summit Ventures Co,"4909 Venture Blvd, Austin, TX 66397",billing@summit-ventures.com,IN-7195200,Services,SmartInvoiceInc,"100 Commerce Blvd, Dallas, TX 75201",20,1848.88,6.25,115.56,1.0,2022-12-03,0,1.0
INV-2024-0013,2025-12-31,12,2026-01-01,Net 1,1,USD,V040,Elite Tech Co,"6369 Tech Park Way, Atlanta, GA 90719",billing@elite-tech.com,KV-2072647,Retail,SmartInvoiceInc,"100 Commerce Blvd, Dallas, TX 75201",36,28934.62,6.25,1808.41,99156.56,2026-01-01,0,1.0
INV-2024-0118,2024-02-25,2,2024-04-20,Net 55,55,USD,V054,Swift Medical Group,"324 Market St, Dallas, TX 88477",billing@swift-medical.com,FE-9671370,Retail,SmartInvoiceInc,"100 Commerce Blvd, Dallas, TX 75201",1,41124.46,8.5,3495.58,49724.99,2024-04-20,0,1.0
INV-2023-0003,2024-01-22,1,2024-03-13,Net 51,51,USD,V080,Vanguard Legal Group,"3154 Innovation Rd, Houston, NY 44911",billing@vanguard-legal.com,XN-8021855,Services,SmartInvoiceInc,"100 Commerce Blvd, Dallas, TX 75201",9,3063.4,8.5,260.39,59613.85,2024-03-30,1,1.0
INV-2024-0239,2025-08-23,8,2025-08-24,Net 1,1,USD,V038,Horizon Freight Corp,"1431 Trade Center Dr, New York, TX 52318",billing@horizon-freight.com,WJ-2296516,Healthcare,SmartInvoiceInc,"100 Commerce Blvd, Dallas, TX 75201",6,24365.54,8.5,2071.07,6324.43,2025-09-07,1,1.0
INV-2022-0092,2021-01-05,1,2021-01-06,Net 1,1,USD,V072,Elite Supplies LLC,"8170 Industrial Dr, Houston, TX 16783",billing@elite-supplies.com,KL-1996530,Technology,SmartInvoiceInc,"100 Commerce Blvd, Dallas, TX 75201",1,41269.37,7.5,3095.2,59281.35,2021-01-06,0,1.0
INV-2024-0230,2024-10-24,10,2025-01-05,Net 73,73,USD,V031,Titan Capital LLC,"2971 Industrial Dr, San Francisco, GA 11015",billing@titan-capital.com,AV-9416320,Manufacturing,SmartInvoiceInc,"100 Commerce Blvd, Dallas, TX 75201",5,1329.44,8.25,109.68,1.0,2025-01-05,0,1.0
INV-2023-0213,2021-01-01,1,2021-02-03,Net 33,33,USD,V049,Global Freight Corp,"2572 Enterprise Ave, New York, FL 64553",billing@global-freight.com,BX-2314532,Technology,SmartInvoiceInc,"100 Commerce Blvd, Dallas, TX 75201",26,2116.62,8.25,174.62,22878.36,2021-02-03,0,1.0
INV-2023-0116,2025-02-03,2,2025-03-11,Net 36,36,USD,V006,Apex Solutions Co,"2241 Market St, San Francisco, AZ 45247",billing@apex-solutions.com,UG-6698848,Healthcare,SmartInvoiceInc,"100 Commerce Blvd, Dallas, TX 75201",11,48571.97,6.25,3035.75,54694.1,2025-03-11,0,1.0
INV-2022-0062,2021-01-01,1,2021-01-25,Net 24,24,USD,V078,Beacon Legal LLC,"1581 Tech Park Way, Houston, TX 91974",billing@beacon-legal.com,RG-8449607,Technology,SmartInvoiceInc,"100 Commerce Blvd, Dallas, TX 75201",14,21174.52,9.0,1905.71,35738.62,2021-01-25,0,1.0
INV-2022-0208,2023-10-03,10,2023-10-04,Net 1,1,USD,V063,Bright Capital Inc,"1050 Commerce Blvd, Los Angeles, OH 69201",billing@bright-capital.com,JE-8583354,Manufacturing,SmartInvoiceInc,"100 Commerce Blvd, Dallas, TX 75201",7,33258.0,6.25,2078.62,29488.79,2023-10-04,0,1.0
INV-2023-0050,2021-01-01,1,2021-02-24,Net 54,54,USD,V020,Titan Systems LLC,"2639 Commerce Blvd, New York, GA 31677",billing@titan-systems.com,MH-7646705,Services,SmartInvoiceInc,"100 Commerce Blvd, Dallas, TX 75201",6,20458.78,8.0,1636.7,47101.32,2021-02-24,0,1.0
INV-2022-0080,2022-07-08,7,2022-07-09,Net 1,1,USD,V061,Prime Solutions Co,"3787 Innovation Rd, Austin, GA 77506",billing@prime-solutions.com,FF-4369538,Services,SmartInvoiceInc,"100 Commerce Blvd, Dallas, TX 75201",34,45013.39,7.0,3150.94,131767.59,2022-08-10,1,1.0
INV-2022-0198,2022-11-10,11,2022-11-28,Net 18,18,USD,V036,Delta Partners Corp,"4463 Commerce Blvd, New York, IL 34285",billing@delta-partners.com,YQ-6165679,Healthcare,SmartInvoiceInc,"100 Commerce Blvd, Dallas, TX 75201",1,33953.23,8.5,2886.02,32936.07,2022-12-13,1,1.0
INV-2024-0010,2024-12-18,12,2025-03-06,Net 78,78,USD,V068,Nexus Energy Group,"3976 Innovation Rd, Seattle, TX 75310",billing@nexus-energy.com,ZI-9887324,Technology,SmartInvoiceInc,"100 Commerce Blvd, Dallas, TX 75201",12,41451.46,8.5,3523.37,25670.63,2025-04-01,1,1.0
INV-2023-0164,2023-01-12,1,2023-02-14,Net 33,33,USD,V028,Pioneer Systems LLC,"5163 Business Pkwy, Chicago, IL 39703",billing@pioneer-systems.com,ZD-7655623,Manufacturing,SmartInvoiceInc,"100 Commerce Blvd, Dallas, TX 75201",1,35650.68,7.5,2673.8,53489.17,2023-03-10,1,1.0
INV-2024-0203,2024-08-15,8,2024-11-06,Net 83,83,USD,V015,Prime Parts Group,"3540 Corporate Ln, Miami, CO 78450",billing@prime-parts.com,IQ-6781565,Retail,SmartInvoiceInc,"100 Commerce Blvd, Dallas, TX 75201",1,15995.98,7.0,1119.72,1.0,2024-11-06,0,1.0
INV-2022-0238,2025-05-12,5,2025-05-13,Net 1,1,USD,V057,Pioneer Consulting Inc,"1704 Industrial Dr, San Francisco, WA 80792",billing@pioneer-consulting.com,BL-2384418,Services,SmartInvoiceInc,"100 Commerce Blvd, Dallas, TX 75201",1,5023.02,8.5,426.96,1.0,2025-05-13,0,1.0
INV-2024-0066,2024-01-23,1,2024-01-24,Net 1,1,USD,V069,Titan Security Corp,"1892 Enterprise Ave, San Francisco, AZ 11645",billing@titan-security.com,DV-7671318,Technology,SmartInvoiceInc,"100 Commerce Blvd, Dallas, TX 75201",21,36709.07,7.5,2753.18,45526.44,2024-01-24,0,1.0
INV-2024-0059,2024-02-11,2,2024-02-12,Net 1,1,USD,V023,Titan Marketing LLC,"6077 Tech Park Way, Miami, NY 96188",billing@titan-marketing.com,MR-5984445,Manufacturing,SmartInvoiceInc,"100 Commerce Blvd, Dallas, TX 75201",12,47187.15,8.25,3892.94,94862.51,2024-02-16,1,1.0
INV-2024-0235,2024-10-03,10,2024-10-04,Net 1,1,USD,V093,Delta Labs Corp,"7201 Industrial Dr, Atlanta, AZ 11524",billing@delta-labs.com,II-7984720,Technology,SmartInvoiceInc,"100 Commerce Blvd, Dallas, TX 75201",9,12932.88,7.0,905.3,8020.74,2024-10-04,0,1.0
INV-2024-0266,2024-02-09,2,2024-02-26,Net 17,17,USD,V096,Sterling Security Corp,"5995 Enterprise Ave, Dallas, GA 64756",billing@sterling-security.com,VP-7611653,Technology,SmartInvoiceInc,"100 Commerce Blvd, Dallas, TX 75201",16,45128.36,8.5,3835.91,14592.29,2024-02-29,1,1.0
INV-2024-0278,2025-02-03,2,2025-02-04,Net 1,1,USD,V011,Acme Legal Group,"5826 Industrial Dr, Austin, CA 37350",billing@acme-legal.com,QZ-5833177,Manufacturing,SmartInvoiceInc,"100 Commerce Blvd, Dallas, TX 75201",5,34986.41,9.0,3148.78,47768.21,2025-03-17,1,1.0
INV-2022-0251,2023-09-15,9,2023-09-16,Net 1,1,USD,V083,Metro Freight Group,"3694 Venture Blvd, Houston, NY 86918",billing@metro-freight.com,LT-7193956,Technology,SmartInvoiceInc,"100 Commerce Blvd, Dallas, TX 75201",22,22308.39,6.25,1394.27,49767.86,2023-09-27,1,1.0
INV-2024-0224,2024-11-18,11,2025-02-16,Net 90,90,USD,V077,Pioneer Data LLC,"6745 Commerce Blvd, Houston, OH 35522",billing@pioneer-data.com,DA-6517366,Services,SmartInvoiceInc,"100 Commerce Blvd, Dallas, TX 75201",16,1775.6,8.0,142.05,1.0,2025-03-02,1,1.0
INV-2023-0244,2025-04-02,4,2025-04-03,Net 1,1,USD,V097,Beacon Logistics LLC,"5487 Venture Blvd, Atlanta, AZ 37935",billing@beacon-logistics.com,JP-4813270,Manufacturing,SmartInvoiceInc,"100 Commerce Blvd, Dallas, TX 75201",1,15572.38,6.25,973.27,6540.3,2025-04-22,1,1.0
INV-2023-0151,2023-02-12,2,2023-02-13,Net 1,1,USD,V047,Elite Energy Inc,"6329 Venture Blvd, Atlanta, TX 13596",billing@elite-energy.com,TY-1467010,Technology,SmartInvoiceInc,"100 Commerce Blvd, Dallas, TX 75201",8,25096.33,9.0,2258.67,1.0,2023-03-13,1,1.0
INV-2023-0228,2024-11-25,11,2024-11-26,Net 1,1,USD,V098,Titan Supplies Co,"3257 Venture Blvd, Miami, IL 34070",billing@titan-supplies.com,IS-9593223,Manufacturing,SmartInvoiceInc,"100 Commerce Blvd, Dallas, TX 75201",50,22391.49,7.0,1567.4,39167.5,2024-11-26,0,1.0
INV-2024-0041,2024-02-03,2,2024-02-26,Net 23,23,USD,V058,Alpha Parts Inc,"5515 Business Pkwy, Chicago, CO 68596",billing@alpha-parts.com,NC-1873172,Healthcare,SmartInvoiceInc,"100 Commerce Blvd, Dallas, TX 75201",1,3093.37,7.5,232.0,58703.11,2024-02-26,0,1.0
INV-2023-0161,2023-01-27,1,2023-04-18,Net 81,81,USD,V098,Titan Supplies Co,"3257 Venture Blvd, Miami, IL 34070",billing@titan-supplies.com,IS-9593223,Manufacturing,SmartInvoiceInc,"100 Commerce Blvd, Dallas, TX 75201",50,12132.22,8.25,1000.91,190826.18,2023-04-18,0,1.0
INV-2023-0167,2023-09-08,9,2023-09-10,Net 2,2,USD,V045,Apex Freight Co,"6909 Innovation Rd, Austin, GA 15122",billing@apex-freight.com,OW-4708654,Retail,SmartInvoiceInc,"100 Commerce Blvd, Dallas, TX 75201",18,11958.02,7.0,837.06,7653.93,2023-09-10,0,1.0
INV-2023-0092,2025-12-31,12,2026-01-01,Net 1,1,USD,V042,Summit Capital Co,"5685 Venture Blvd, New York, IL 49749",billing@summit-capital.com,AE-3245131,Manufacturing,SmartInvoiceInc,"100 Commerce Blvd, Dallas, TX 75201",1,21290.2,7.5,1596.77,24016.74,2026-01-27,1,1.0
INV-2024-0186,2023-08-02,8,2023-10-31,Net 90,90,USD,V016,Summit Freight Inc,"1465 Tech Park Way, Dallas, FL 26779",billing@summit-freight.com,IS-7197323,Technology,SmartInvoiceInc,"100 Commerce Blvd, Dallas, TX 75201",9,16028.47,9.0,1442.56,161005.04,2023-11-12,1,1.0
INV-2023-0098,2022-12-25,12,2022-12-26,Net 1,1,USD,V060,Elite Parts Co,"6665 Commerce Blvd, Miami, TX 29096",billing@elite-parts.com,QA-4681262,Manufacturing,SmartInvoiceInc,"100 Commerce Blvd, Dallas, TX 75201",4,48703.12,7.0,3409.22,52066.63,2023-01-22,1,1.0
INV-2022-0019,2022-08-17,8,2022-08-31,Net 14,14,USD,V027,Delta Security Inc,"6290 Trade Center Dr, Dallas, TX 78866",billing@delta-security.com,PW-6118922,Retail,SmartInvoiceInc,"100 Commerce Blvd, Dallas, TX 75201",30,45260.04,9.0,4073.4,1.0,2022-08-31,0,1.0
INV-2023-0024,2021-01-01,1,2021-03-20,Net 78,78,USD,V063,Bright Capital Inc,"1050 Commerce Blvd, Los Angeles, OH 69201",billing@bright-capital.com,JE-8583354,Manufacturing,SmartInvoiceInc,"100 Commerce Blvd, Dallas, TX 75201",42,20819.54,7.5,1561.47,28144.36,2021-03-20,0,1.0
INV-2024-0216,2024-09-29,9,2024-12-26,Net 88,88,USD,V081,Acme Consulting Group,"5719 Enterprise Ave, New York, IL 96925",billing@acme-consulting.com,WP-5241361,Manufacturing,SmartInvoiceInc,"100 Commerce Blvd, Dallas, TX 75201",2,40956.61,8.25,3378.92,57248.19,2025-01-31,1,1.0
INV-2024-0089,2022-07-07,7,2022-08-16,Net 40,40,USD,V028,Pioneer Systems LLC,"5163 Business Pkwy, Chicago, IL 39703",billing@pioneer-systems.com,ZD-7655623,Manufacturing,SmartInvoiceInc,"100 Commerce Blvd, Dallas, TX 75201",7,43599.08,8.5,3705.92,1.0,2022-08-30,1,1.0
INV-2024-0072,2023-06-10,6,2023-06-11,Net 1,1,USD,V074,Summit Systems LLC,"5688 Commerce Blvd, Miami, TX 56163",billing@summit-systems.com,IQ-3412149,Retail,SmartInvoiceInc,"100 Commerce Blvd, Dallas, TX 75201",15,43596.38,8.25,3596.7,33609.85,2023-06-11,0,1.0
INV-2023-0067,2023-10-11,10,2024-01-09,Net 90,90,USD,V067,Horizon Parts Group,"7883 Industrial Dr, Atlanta, TX 66942",billing@horizon-parts.com,HK-3792427,Retail,SmartInvoiceInc,"100 Commerce Blvd, Dallas, TX 75201",11,34843.38,8.0,2787.47,108743.15,2024-02-20,1,1.0
INV-2023-0258,2021-06-11,6,2021-06-12,Net 1,1,USD,V021,Swift Ventures LLC,"9509 Enterprise Ave, San Francisco, OH 36962",billing@swift-ventures.com,HP-7243669,Retail,SmartInvoiceInc,"100 Commerce Blvd, Dallas, TX 75201",11,38127.97,8.0,3050.24,139636.17,2021-06-12,0,1.0
INV-2024-0276,2024-05-26,5,2024-06-16,Net 21,21,USD,V025,Acme Supplies Group,"7676 Innovation Rd, Dallas, OH 77641",billing@acme-supplies.com,LM-5848287,Healthcare,SmartInvoiceInc,"100 Commerce Blvd, Dallas, TX 75201",1,20681.93,7.0,1447.74,22357.46,2024-07-22,1,1.0
INV-2023-0249,2022-06-12,6,2022-06-16,Net 4,4,USD,V030,Delta Solutions Group,"2879 Tech Park Way, New York, CA 66178",billing@delta-solutions.com,EO-6187480,Manufacturing,SmartInvoiceInc,"100 Commerce Blvd, Dallas, TX 75201",11,35009.6,8.25,2888.29,56852.48,2022-07-15,1,1.0
INV-2022-0102,2024-05-02,5,2024-05-03,Net 1,1,USD,V100,Swift Capital Corp,"2767 Industrial Dr, Austin, IL 12983",billing@swift-capital.com,ZW-2841648,Retail,SmartInvoiceInc,"100 Commerce Blvd, Dallas, TX 75201",4,44836.65,8.0,3586.93,68358.27,2024-05-22,1,1.0
INV-2024-0138,2022-09-20,9,2022-11-24,Net 65,65,USD,V038,Horizon Freight Corp,"1431 Trade Center Dr, New York, TX 52318",billing@horizon-freight.com,WJ-2296516,Healthcare,SmartInvoiceInc,"100 Commerce Blvd, Dallas, TX 75201",50,33783.0,6.25,2111.44,6523.08,2022-12-26,1,1.0
INV-2024-0077,2022-11-17,11,2023-02-13,Net 88,88,USD,V004,Metro Medical Inc,"7905 Business Pkwy, Atlanta, WA 66556",billing@metro-medical.com,UA-8474447,Healthcare,SmartInvoiceInc,"100 Commerce Blvd, Dallas, TX 75201",18,2742.08,9.0,246.79,1.0,2023-02-13,0,1.0
INV-2023-0177,2024-11-03,11,2024-12-28,Net 55,55,USD,V037,Delta Logistics Co,"4773 Tech Park Way, Miami, OH 75215",billing@delta-logistics.com,BF-1317537,Manufacturing,SmartInvoiceInc,"100 Commerce Blvd, Dallas, TX 75201",7,13896.88,7.0,972.78,26760.78,2025-01-06,1,1.0
INV-2022-0201,2024-04-18,4,2024-05-27,Net 39,39,USD,V095,Pacific Supplies Group,"2422 Enterprise Ave, Dallas, TX 59481",billing@pacific-supplies.com,YW-8599600,Retail,SmartInvoiceInc,"100 Commerce Blvd, Dallas, TX 75201",42,48875.36,8.5,4154.41,41518.61,2024-07-01,1,1.0
INV-2024-0004,2024-10-04,10,2025-01-02,Net 90,90,USD,V057,Pioneer Consulting Inc,"1704 Industrial Dr, San Francisco, WA 80792",billing@pioneer-consulting.com,BL-2384418,Services,SmartInvoiceInc,"100 Commerce Blvd, Dallas, TX 75201",26,49266.14,7.0,3448.63,53627.88,2025-01-12,1,1.0
INV-2022-0188,2021-03-06,3,2021-03-07,Net 1,1,USD,V002,Vanguard Supplies Group,"6899 Industrial Dr, Seattle, NY 96672",billing@vanguard-supplies.com,XS-7319707,Manufacturing,SmartInvoiceInc,"100 Commerce Blvd, Dallas, TX 75201",1,25285.19,8.5,2149.24,83239.61,2021-04-07,1,1.0
INV-2022-0075,2024-04-15,4,2024-04-16,Net 1,1,USD,V088,Sterling Tech Group,"1722 Enterprise Ave, Seattle, OH 71396",billing@sterling-tech.com,YF-8369434,Manufacturing,SmartInvoiceInc,"100 Commerce Blvd, Dallas, TX 75201",50,28031.44,8.0,2242.52,1.0,2024-04-16,0,1.0
INV-2024-0100,2024-07-27,7,2024-10-25,Net 90,90,USD,V050,Alpha Logistics Inc,"1560 Business Pkwy, San Francisco, OH 11605",billing@alpha-logistics.com,WP-3255363,Services,SmartInvoiceInc,"100 Commerce Blvd, Dallas, TX 75201",37,44550.71,8.0,3564.06,56147.57,2024-11-22,1,1.0
INV-2024-0181,2025-04-12,4,2025-06-01,Net 50,50,USD,V053,Pinnacle Labs LLC,"946 Innovation Rd, Seattle, NY 98236",billing@pinnacle-labs.com,LE-1064323,Services,SmartInvoiceInc,"100 Commerce Blvd, Dallas, TX 75201",1,13024.8,8.0,1041.98,43273.1,2025-06-27,1,1.0
INV-2024-0191,2024-07-10,7,2024-10-08,Net 90,90,USD,V075,Titan Energy Co,"6804 Corporate Ln, Dallas, GA 12482",billing@titan-energy.com,XS-8433533,Healthcare,SmartInvoiceInc,"100 Commerce Blvd, Dallas, TX 75201",50,33855.03,8.25,2793.04,53129.32,2024-10-11,1,1.0
INV-2024-0084,2024-06-18,6,2024-09-16,Net 90,90,USD,V027,Delta Security Inc,"6290 Trade Center Dr, Dallas, TX 78866",billing@delta-security.com,PW-6118922,Retail,SmartInvoiceInc,"100 Commerce Blvd, Dallas, TX 75201",2,38408.54,7.0,2688.6,1.0,2024-09-16,0,1.0
INV-2024-0177,2021-02-09,2,2021-04-04,Net 54,54,USD,V030,Delta Solutions Group,"2879 Tech Park Way, New York, CA 66178",billing@delta-solutions.com,EO-6187480,Manufacturing,SmartInvoiceInc,"100 Commerce Blvd, Dallas, TX 75201",8,7598.07,8.25,626.84,127474.05,2021-04-04,0,1.0
INV-2024-0157,2024-10-31,10,2025-01-26,Net 87,87,USD,V042,Summit Capital Co,"5685 Venture Blvd, New York, IL 49749",billing@summit-capital.com,AE-3245131,Manufacturing,SmartInvoiceInc,"100 Commerce Blvd, Dallas, TX 75201",1,31453.84,6.25,1965.87,108608.19,2025-01-26,0,1.0
INV-2024-0236,2022-11-10,11,2022-11-11,Net 1,1,USD,V047,Elite Energy Inc,"6329 Venture Blvd, Atlanta, TX 13596",billing@elite-energy.com,TY-1467010,Technology,SmartInvoiceInc,"100 Commerce Blvd, Dallas, TX 75201",10,11010.53,6.25,688.16,1.0,2022-11-11,0,1.0
INV-2022-0061,2021-06-30,6,2021-07-01,Net 1,1,USD,V027,Delta Security Inc,"6290 Trade Center Dr, Dallas, TX 78866",billing@delta-security.com,PW-6118922,Retail,SmartInvoiceInc,"100 Commerce Blvd, Dallas, TX 75201",19,17395.27,7.0,1217.67,4306.34,2021-07-01,0,1.0
INV-2022-0222,2021-01-01,1,2021-01-02,Net 1,1,USD,V012,Beacon Tech LLC,"517 Tech Park Way, Atlanta, GA 13267",billing@beacon-tech.com,ZU-3922097,Healthcare,SmartInvoiceInc,"100 Commerce Blvd, Dallas, TX 75201",1,23534.18,6.25,1470.89,1.0,2021-01-02,0,1.0
INV-2024-0068,2025-12-31,12,2026-03-31,Net 90,90,USD,V098,Titan Supplies Co,"3257 Venture Blvd, Miami, IL 34070",billing@titan-supplies.com,IS-9593223,Manufacturing,SmartInvoiceInc,"100 Commerce Blvd, Dallas, TX 75201",7,24394.32,7.0,1707.6,180239.7,2026-03-31,0,1.0
INV-2023-0065,2023-04-08,4,2023-06-12,Net 65,65,USD,V036,Delta Partners Corp,"4463 Commerce Blvd, New York, IL 34285",billing@delta-partners.com,YQ-6165679,Healthcare,SmartInvoiceInc,"100 Commerce Blvd, Dallas, TX 75201",1,33359.31,8.5,2835.54,15908.6,2023-06-12,0,1.0
INV-2023-0189,2023-05-16,5,2023-06-10,Net 25,25,USD,V015,Prime Parts Group,"3540 Corporate Ln, Miami, CO 78450",billing@prime-parts.com,IQ-6781565,Retail,SmartInvoiceInc,"100 Commerce Blvd, Dallas, TX 75201",1,29055.62,8.25,2397.09,43537.38,2023-07-01,1,1.0
INV-2023-0212,2023-12-14,12,2024-01-04,Net 21,21,USD,V010,Prime Cloud Group,"8102 Commerce Blvd, Dallas, WA 79449",billing@prime-cloud.com,KL-3248988,Healthcare,SmartInvoiceInc,"100 Commerce Blvd, Dallas, TX 75201",4,42071.11,8.5,3576.04,72482.13,2024-01-04,0,1.0
INV-2022-0012,2022-05-23,5,2022-06-28,Net 36,36,USD,V058,Alpha Parts Inc,"5515 Business Pkwy, Chicago, CO 68596",billing@alpha-parts.com,NC-1873172,Healthcare,SmartInvoiceInc,"100 Commerce Blvd, Dallas, TX 75201",1,35878.58,8.0,2870.29,1.0,2022-06-28,0,1.0
INV-2022-0199,2025-10-05,10,2025-11-20,Net 46,46,USD,V080,Vanguard Legal Group,"3154 Innovation Rd, Houston, NY 44911",billing@vanguard-legal.com,XN-8021855,Services,SmartInvoiceInc,"100 Commerce Blvd, Dallas, TX 75201",15,30471.32,6.25,1904.46,13828.14,2025-11-20,0,1.0
INV-2024-0193,2024-01-13,1,2024-02-08,Net 26,26,USD,V020,Titan Systems LLC,"2639 Commerce Blvd, New York, GA 31677",billing@titan-systems.com,MH-7646705,Services,SmartInvoiceInc,"100 Commerce Blvd, Dallas, TX 75201",3,15143.29,8.25,1249.32,1.0,2024-02-13,1,1.0
INV-2024-0042,2024-02-20,2,2024-03-07,Net 16,16,USD,V068,Nexus Energy Group,"3976 Innovation Rd, Seattle, TX 75310",billing@nexus-energy.com,ZI-9887324,Technology,SmartInvoiceInc,"100 Commerce Blvd, Dallas, TX 75201",1,6824.85,9.0,614.24,1.0,2024-03-13,1,1.0
INV-2022-0041,2022-06-19,6,2022-09-17,Net 90,90,USD,V012,Beacon Tech LLC,"517 Tech Park Way, Atlanta, GA 13267",billing@beacon-tech.com,ZU-3922097,Healthcare,SmartInvoiceInc,"100 Commerce Blvd, Dallas, TX 75201",50,33420.27,8.5,2840.72,54248.02,2022-10-19,1,1.0
INV-2024-0158,2024-11-18,11,2024-11-19,Net 1,1,USD,V015,Prime Parts Group,"3540 Corporate Ln, Miami, CO 78450",billing@prime-parts.com,IQ-6781565,Retail,SmartInvoiceInc,"100 Commerce Blvd, Dallas, TX 75201",30,41660.16,9.0,3749.41,1.0,2024-11-19,0,1.0
INV-2022-0237,2022-09-09,9,2022-09-15,Net 6,6,USD,V005,Apex Logistics Co,"7104 Corporate Ln, Austin, AZ 77215",billing@apex-logistics.com,SE-9744220,Retail,SmartInvoiceInc,"100 Commerce Blvd, Dallas, TX 75201",50,32422.69,7.5,2431.7,1.0,2022-10-28,1,1.0
INV-2023-0102,2025-08-21,8,2025-08-22,Net 1,1,USD,V097,Beacon Logistics LLC,"5487 Venture Blvd, Atlanta, AZ 37935",billing@beacon-logistics.com,JP-4813270,Manufacturing,SmartInvoiceInc,"100 Commerce Blvd, Dallas, TX 75201",1,18151.51,7.5,1361.36,123096.5,2025-09-14,1,1.0
INV-2022-0255,2022-08-20,8,2022-10-23,Net 64,64,USD,V032,Pacific Logistics Inc,"7549 Trade Center Dr, New York, TX 56540",billing@pacific-logistics.com,AB-8153768,Services,SmartInvoiceInc,"100 Commerce Blvd, Dallas, TX 75201",1,47902.77,7.5,3592.71,21359.88,2022-10-23,0,1.0
INV-2024-0116,2023-06-21,6,2023-08-24,Net 64,64,USD,V029,Nexus Freight Group,"639 Enterprise Ave, Atlanta, FL 30159",billing@nexus-freight.com,VQ-5010912,Healthcare,SmartInvoiceInc,"100 Commerce Blvd, Dallas, TX 75201",1,30553.2,8.0,2444.26,77524.44,2023-09-01,1,1.0
INV-2023-0051,2022-07-26,7,2022-10-24,Net 90,90,USD,V001,Metro Legal Co,"5791 Enterprise Ave, Miami, FL 64021",billing@metro-legal.com,MT-6143901,Services,SmartInvoiceInc,"100 Commerce Blvd, Dallas, TX 75201",10,5283.92,7.5,396.29,1.0,2022-10-24,0,1.0
INV-2024-0218,2024-12-02,12,2025-03-02,Net 90,90,USD,V054,Swift Medical Group,"324 Market St, Dallas, TX 88477",billing@swift-medical.com,FE-9671370,Retail,SmartInvoiceInc,"100 Commerce Blvd, Dallas, TX 75201",15,26827.65,7.0,1877.94,38246.85,2025-03-22,1,1.0
INV-2022-0022,2023-03-15,3,2023-06-13,Net 90,90,USD,V046,Titan Freight Co,"3445 Venture Blvd, New York, NY 44674",billing@titan-freight.com,OY-3319049,Technology,SmartInvoiceInc,"100 Commerce Blvd, Dallas, TX 75201",14,16341.35,8.25,1348.16,1.0,2023-06-13,0,1.0
INV-2023-0036,2023-07-30,7,2023-07-31,Net 1,1,USD,V081,Acme Consulting Group,"5719 Enterprise Ave, New York, IL 96925",billing@acme-consulting.com,WP-5241361,Manufacturing,SmartInvoiceInc,"100 Commerce Blvd, Dallas, TX 75201",12,34268.49,8.25,2827.15,45510.2,2023-07-31,0,1.0
INV-2023-0183,2022-06-03,6,2022-06-04,Net 1,1,USD,V033,Nexus Tech Inc,"504 Corporate Ln, New York, TX 70100",billing@nexus-tech.com,EF-4196340,Healthcare,SmartInvoiceInc,"100 Commerce Blvd, Dallas, TX 75201",1,33497.55,8.0,2679.8,4881.96,2022-06-04,0,1.0
INV-2024-0231,2022-10-30,10,2022-12-15,Net 46,46,USD,V020,Titan Systems LLC,"2639 Commerce Blvd, New York, GA 31677",billing@titan-systems.com,MH-7646705,Services,SmartInvoiceInc,"100 Commerce Blvd, Dallas, TX 75201",8,43706.54,8.5,3715.06,1.0,2022-12-15,0,1.0
INV-2022-0229,2022-05-22,5,2022-05-23,Net 1,1,USD,V091,Pioneer Logistics Co,"8440 Innovation Rd, Los Angeles, TX 34762",billing@pioneer-logistics.com,GH-1378165,Manufacturing,SmartInvoiceInc,"100 Commerce Blvd, Dallas, TX 75201",43,9738.68,8.0,779.09,2519.21,2022-05-23,0,1.0
INV-2023-0027,2023-06-19,6,2023-08-13,Net 55,55,USD,V092,Pinnacle Capital Co,"7579 Commerce Blvd, Seattle, FL 84478",billing@pinnacle-capital.com,TS-6703394,Retail,SmartInvoiceInc,"100 Commerce Blvd, Dallas, TX 75201",5,31046.74,8.5,2638.97,97696.94,2023-08-21,1,1.0
INV-2024-0050,2025-12-31,12,2026-01-30,Net 30,30,USD,V072,Elite Supplies LLC,"8170 Industrial Dr, Houston, TX 16783",billing@elite-supplies.com,KL-1996530,Technology,SmartInvoiceInc,"100 Commerce Blvd, Dallas, TX 75201",37,14471.99,9.0,1302.48,53130.32,2026-01-30,0,1.0
INV-2023-0251,2025-06-07,6,2025-06-11,Net 4,4,USD,V028,Pioneer Systems LLC,"5163 Business Pkwy, Chicago, IL 39703",billing@pioneer-systems.com,ZD-7655623,Manufacturing,SmartInvoiceInc,"100 Commerce Blvd, Dallas, TX 75201",28,32769.09,9.0,2949.22,33553.25,2025-06-11,0,1.0
INV-2022-0044,2023-12-05,12,2023-12-06,Net 1,1,USD,V079,Alpha Partners Inc,"6054 Innovation Rd, Miami, WA 66373",billing@alpha-partners.com,YO-4185714,Technology,SmartInvoiceInc,"100 Commerce Blvd, Dallas, TX 75201",34,2880.57,7.0,201.64,1.0,2023-12-06,0,1.0
INV-2022-0220,2021-12-16,12,2021-12-17,Net 1,1,USD,V038,Horizon Freight Corp,"1431 Trade Center Dr, New York, TX 52318",billing@horizon-freight.com,WJ-2296516,Healthcare,SmartInvoiceInc,"100 Commerce Blvd, Dallas, TX 75201",27,13953.43,8.5,1186.04,25689.21,2022-01-24,1,1.0
INV-2024-0046,2025-12-31,12,2026-01-01,Net 1,1,USD,V042,Summit Capital Co,"5685 Venture Blvd, New York, IL 49749",billing@summit-capital.com,AE-3245131,Manufacturing,SmartInvoiceInc,"100 Commerce Blvd, Dallas, TX 75201",2,48863.07,7.5,3664.73,97546.8,2026-01-08,1,1.0
INV-2022-0099,2021-11-14,11,2021-11-15,Net 1,1,USD,V011,Acme Legal Group,"5826 Industrial Dr, Austin, CA 37350",billing@acme-legal.com,QZ-5833177,Manufacturing,SmartInvoiceInc,"100 Commerce Blvd, Dallas, TX 75201",1,9901.84,7.0,693.13,35194.32,2021-11-15,0,1.0
INV-2023-0081,2023-05-20,5,2023-08-14,Net 86,86,USD,V012,Beacon Tech LLC,"517 Tech Park Way, Atlanta, GA 13267",billing@beacon-tech.com,ZU-3922097,Healthcare,SmartInvoiceInc,"100 Commerce Blvd, Dallas, TX 75201",17,45611.29,8.5,3876.96,120258.8,2023-08-14,0,1.0
INV-2024-0045,2023-08-16,8,2023-08-17,Net 1,1,USD,V080,Vanguard Legal Group,"3154 Innovation Rd, Houston, NY 44911",billing@vanguard-legal.com,XN-8021855,Services,SmartInvoiceInc,"100 Commerce Blvd, Dallas, TX 75201",18,38443.1,8.5,3267.66,210617.09,2023-08-21,1,1.0
INV-2024-0179,2025-05-14,5,2025-05-15,Net 1,1,USD,V075,Titan Energy Co,"6804 Corporate Ln, Dallas, GA 12482",billing@titan-energy.com,XS-8433533,Healthcare,SmartInvoiceInc,"100 Commerce Blvd, Dallas, TX 75201",50,33967.2,7.0,2377.7,1.0,2025-06-25,1,1.0
INV-2024-0221,2025-01-10,1,2025-01-14,Net 4,4,USD,V087,Bright Energy LLC,"5575 Trade Center Dr, New York, CA 49952",billing@bright-energy.com,EY-6888997,Manufacturing,SmartInvoiceInc,"100 Commerce Blvd, Dallas, TX 75201",32,29434.88,9.0,2649.14,100482.54,2025-02-08,1,1.0
INV-2023-0001,2021-11-29,11,2022-01-16,Net 48,48,USD,V054,Swift Medical Group,"324 Market St, Dallas, TX 88477",billing@swift-medical.com,FE-9671370,Retail,SmartInvoiceInc,"100 Commerce Blvd, Dallas, TX 75201",15,4297.78,8.5,365.31,11489.15,2022-02-15,1,1.0
INV-2023-0099,2022-09-27,9,2022-10-13,Net 16,16,USD,V092,Pinnacle Capital Co,"7579 Commerce Blvd, Seattle, FL 84478",billing@pinnacle-capital.com,TS-6703394,Retail,SmartInvoiceInc,"100 Commerce Blvd, Dallas, TX 75201",1,22861.1,8.5,1943.19,691.98,2022-10-13,0,1.0
INV-2024-0018,2024-03-20,3,2024-04-18,Net 29,29,USD,V045,Apex Freight Co,"6909 Innovation Rd, Austin, GA 15122",billing@apex-freight.com,OW-4708654,Retail,SmartInvoiceInc,"100 Commerce Blvd, Dallas, TX 75201",22,44222.04,7.5,3316.65,45285.26,2024-05-26,1,1.0
INV-2022-0189,2025-01-24,1,2025-04-24,Net 90,90,USD,V064,Swift Labs Inc,"6128 Market St, Chicago, FL 50631",billing@swift-labs.com,OH-7356228,Healthcare,SmartInvoiceInc,"100 Commerce Blvd, Dallas, TX 75201",25,36659.38,6.25,2291.21,1.0,2025-04-24,0,1.0
INV-2022-0078,2021-09-16,9,2021-10-28,Net 42,42,USD,V041,Titan Tech Group,"8572 Tech Park Way, Austin, CA 38732",billing@titan-tech.com,ZS-8757202,Healthcare,SmartInvoiceInc,"100 Commerce Blvd, Dallas, TX 75201",50,13492.29,8.25,1113.11,22206.31,2021-11-24,1,1.0
INV-2023-0214,2024-01-28,1,2024-01-29,Net 1,1,USD,V052,Pinnacle Tech Corp,"8295 Business Pkwy, New York, TX 94471",billing@pinnacle-tech.com,FS-3357821,Technology,SmartInvoiceInc,"100 Commerce Blvd, Dallas, TX 75201",9,8545.63,8.0,683.65,1.0,2024-02-15,1,1.0
INV-2022-0003,2021-02-27,2,2021-04-27,Net 59,59,USD,V004,Metro Medical Inc,"7905 Business Pkwy, Atlanta, WA 66556",billing@metro-medical.com,UA-8474447,Healthcare,SmartInvoiceInc,"100 Commerce Blvd, Dallas, TX 75201",1,27842.12,8.5,2366.58,1.0,2021-06-01,1,1.0
INV-2023-0168,2021-01-01,1,2021-01-02,Net 1,1,USD,V008,Apex Security LLC,"9923 Commerce Blvd, Chicago, IL 26364",billing@apex-security.com,DP-2100567,Manufacturing,SmartInvoiceInc,"100 Commerce Blvd, Dallas, TX 75201",17,15125.66,8.0,1210.05,33436.18,2021-01-29,1,1.0
INV-2023-0200,2023-09-05,9,2023-09-16,Net 11,11,USD,V032,Pacific Logistics Inc,"7549 Trade Center Dr, New York, TX 56540",billing@pacific-logistics.com,AB-8153768,Services,SmartInvoiceInc,"100 Commerce Blvd, Dallas, TX 75201",17,9018.26,8.25,744.01,28443.89,2023-10-17,1,1.0
INV-2022-0065,2023-05-22,5,2023-06-07,Net 16,16,USD,V004,Metro Medical Inc,"7905 Business Pkwy, Atlanta, WA 66556",billing@metro-medical.com,UA-8474447,Healthcare,SmartInvoiceInc,"100 Commerce Blvd, Dallas, TX 75201",32,26421.34,8.5,2245.81,1.0,2023-06-07,0,1.0
INV-2022-0243,2021-07-29,7,2021-07-30,Net 1,1,USD,V039,Elite Labs Group,"237 Innovation Rd, Dallas, AZ 29963",billing@elite-labs.com,TX-2849396,Manufacturing,SmartInvoiceInc,"100 Commerce Blvd, Dallas, TX 75201",32,10438.16,8.5,887.24,11660.57,2021-09-12,1,1.0
INV-2024-0259,2025-12-05,12,2025-12-10,Net 5,5,USD,V012,Beacon Tech LLC,"517 Tech Park Way, Atlanta, GA 13267",billing@beacon-tech.com,ZU-3922097,Healthcare,SmartInvoiceInc,"100 Commerce Blvd, Dallas, TX 75201",1,39281.74,8.25,3240.74,1.0,2025-12-11,1,1.0
INV-2024-0130,2024-09-23,9,2024-09-24,Net 1,1,USD,V058,Alpha Parts Inc,"5515 Business Pkwy, Chicago, CO 68596",billing@alpha-parts.com,NC-1873172,Healthcare,SmartInvoiceInc,"100 Commerce Blvd, Dallas, TX 75201",3,20009.73,8.0,1600.78,30646.87,2024-10-16,1,1.0
INV-2022-0116,2021-06-21,6,2021-06-22,Net 1,1,USD,V019,Pioneer Marketing Co,"5261 Venture Blvd, Miami, AZ 19348",billing@pioneer-marketing.com,CW-3276360,Manufacturing,SmartInvoiceInc,"100 Commerce Blvd, Dallas, TX 75201",22,29241.94,8.25,2412.46,44903.81,2021-08-03,1,1.0
INV-2024-0175,2022-08-08,8,2022-09-26,Net 49,49,USD,V033,Nexus Tech Inc,"504 Corporate Ln, New York, TX 70100",billing@nexus-tech.com,EF-4196340,Healthcare,SmartInvoiceInc,"100 Commerce Blvd, Dallas, TX 75201",1,39403.3,8.5,3349.28,40526.21,2022-10-05,1,1.0
INV-2022-0212,2023-01-23,1,2023-02-08,Net 16,16,USD,V021,Swift Ventures LLC,"9509 Enterprise Ave, San Francisco, OH 36962",billing@swift-ventures.com,HP-7243669,Retail,SmartInvoiceInc,"100 Commerce Blvd, Dallas, TX 75201",1,28561.19,8.25,2356.3,48631.31,2023-02-08,0,1.0
INV-2023-0058,2023-07-25,7,2023-10-23,Net 90,90,USD,V052,Pinnacle Tech Corp,"8295 Business Pkwy, New York, TX 94471",billing@pinnacle-tech.com,FS-3357821,Technology,SmartInvoiceInc,"100 Commerce Blvd, Dallas, TX 75201",50,3200.99,7.5,240.07,1.0,2023-11-10,1,1.0
INV-2022-0194,2021-07-29,7,2021-07-30,Net 1,1,USD,V038,Horizon Freight Corp,"1431 Trade Center Dr, New York, TX 52318",billing@horizon-freight.com,WJ-2296516,Healthcare,SmartInvoiceInc,"100 Commerce Blvd, Dallas, TX 75201",1,41850.94,9.0,3766.58,103645.57,2021-07-30,0,1.0
INV-2024-0166,2025-08-07,8,2025-11-05,Net 90,90,USD,V068,Nexus Energy Group,"3976 Innovation Rd, Seattle, TX 75310",billing@nexus-energy.com,ZI-9887324,Technology,SmartInvoiceInc,"100 Commerce Blvd, Dallas, TX 75201",33,13591.35,7.0,951.39,36439.45,2025-11-05,0,1.0
INV-2022-0032,2022-01-08,1,2022-04-08,Net 90,90,USD,V022,Acme Capital Inc,"8802 Corporate Ln, Atlanta, FL 45909",billing@acme-capital.com,SL-9415398,Services,SmartInvoiceInc,"100 Commerce Blvd, Dallas, TX 75201",50,46801.22,7.0,3276.09,50610.32,2022-04-08,0,1.0
INV-2023-0142,2025-12-31,12,2026-02-24,Net 55,55,USD,V057,Pioneer Consulting Inc,"1704 Industrial Dr, San Francisco, WA 80792",billing@pioneer-consulting.com,BL-2384418,Services,SmartInvoiceInc,"100 Commerce Blvd, Dallas, TX 75201",19,43381.48,9.0,3904.33,1.0,2026-03-24,1,1.0
INV-2024-0117,2025-05-17,5,2025-05-18,Net 1,1,USD,V051,Summit Cloud Inc,"8534 Innovation Rd, San Francisco, FL 19111",billing@summit-cloud.com,FB-8643603,Retail,SmartInvoiceInc,"100 Commerce Blvd, Dallas, TX 75201",8,28794.58,8.25,2375.55,1.0,2025-05-18,0,1.0
INV-2022-0100,2022-12-16,12,2022-12-17,Net 1,1,USD,V069,Titan Security Corp,"1892 Enterprise Ave, San Francisco, AZ 11645",billing@titan-security.com,DV-7671318,Technology,SmartInvoiceInc,"100 Commerce Blvd, Dallas, TX 75201",39,38302.77,7.5,2872.71,40208.36,2023-01-25,1,1.0
INV-2024-0113,2024-11-23,11,2025-01-22,Net 60,60,USD,V015,Prime Parts Group,"3540 Corporate Ln, Miami, CO 78450",billing@prime-parts.com,IQ-6781565,Retail,SmartInvoiceInc,"100 Commerce Blvd, Dallas, TX 75201",12,7576.56,7.0,530.36,117978.17,2025-02-06,1,1.0
INV-2023-0260,2025-12-31,12,2026-03-18,Net 77,77,USD,V035,Pioneer Parts Co,"816 Market St, Dallas, TX 55543",billing@pioneer-parts.com,BH-9896761,Manufacturing,SmartInvoiceInc,"100 Commerce Blvd, Dallas, TX 75201",5,20190.78,8.25,1665.74,28098.93,2026-03-18,0,1.0
INV-2024-0252,2024-03-26,3,2024-06-24,Net 90,90,USD,V067,Horizon Parts Group,"7883 Industrial Dr, Atlanta, TX 66942",billing@horizon-parts.com,HK-3792427,Retail,SmartInvoiceInc,"100 Commerce Blvd, Dallas, TX 75201",1,42037.76,8.0,3363.02,392215.59,2024-06-24,0,1.0
INV-2023-0122,2021-01-01,1,2021-01-02,Net 1,1,USD,V051,Summit Cloud Inc,"8534 Innovation Rd, San Francisco, FL 19111",billing@summit-cloud.com,FB-8643603,Retail,SmartInvoiceInc,"100 Commerce Blvd, Dallas, TX 75201",1,4022.21,9.0,362.0,41905.8,2021-01-02,0,1.0
INV-2022-0009,2021-08-04,8,2021-10-01,Net 58,58,USD,V067,Horizon Parts Group,"7883 Industrial Dr, Atlanta, TX 66942",billing@horizon-parts.com,HK-3792427,Retail,SmartInvoiceInc,"100 Commerce Blvd, Dallas, TX 75201",8,28114.75,8.25,2319.47,18764.36,2021-10-08,1,1.0
INV-2024-0201,2023-03-16,3,2023-03-17,Net 1,1,USD,V015,Prime Parts Group,"3540 Corporate Ln, Miami, CO 78450",billing@prime-parts.com,IQ-6781565,Retail,SmartInvoiceInc,"100 Commerce Blvd, Dallas, TX 75201",16,41205.79,8.5,3502.49,1.0,2023-03-17,0,1.0
INV-2023-0007,2023-11-23,11,2024-01-12,Net 50,50,USD,V044,Global Systems Inc,"1376 Market St, Chicago, OH 18717",billing@global-systems.com,ZW-1067661,Manufacturing,SmartInvoiceInc,"100 Commerce Blvd, Dallas, TX 75201",18,47325.56,8.5,4022.67,70309.39,2024-02-06,1,1.0
INV-2023-0223,2024-09-27,9,2024-12-10,Net 74,74,USD,V050,Alpha Logistics Inc,"1560 Business Pkwy, San Francisco, OH 11605",billing@alpha-logistics.com,WP-3255363,Services,SmartInvoiceInc,"100 Commerce Blvd, Dallas, TX 75201",34,39925.98,8.5,3393.71,57832.78,2024-12-10,0,1.0
INV-2023-0159,2024-03-26,3,2024-05-15,Net 50,50,USD,V041,Titan Tech Group,"8572 Tech Park Way, Austin, CA 38732",billing@titan-tech.com,ZS-8757202,Healthcare,SmartInvoiceInc,"100 Commerce Blvd, Dallas, TX 75201",24,34690.95,8.25,2862.0,163111.3,2024-05-15,0,1.0
INV-2022-0111,2022-11-15,11,2022-11-23,Net 8,8,USD,V018,Beacon Partners Group,"7292 Market St, San Francisco, FL 70566",billing@beacon-partners.com,PY-1787494,Healthcare,SmartInvoiceInc,"100 Commerce Blvd, Dallas, TX 75201",1,5011.46,8.0,400.92,17926.49,2022-12-21,1,1.0
INV-2023-0255,2025-07-22,7,2025-10-10,Net 80,80,USD,V051,Summit Cloud Inc,"8534 Innovation Rd, San Francisco, FL 19111",billing@summit-cloud.com,FB-8643603,Retail,SmartInvoiceInc,"100 Commerce Blvd, Dallas, TX 75201",34,20977.09,8.0,1678.17,1.0,2025-10-10,0,1.0
INV-2024-0265,2024-09-17,9,2024-12-16,Net 90,90,USD,V068,Nexus Energy Group,"3976 Innovation Rd, Seattle, TX 75310",billing@nexus-energy.com,ZI-9887324,Technology,SmartInvoiceInc,"100 Commerce Blvd, Dallas, TX 75201",1,2550.69,7.0,178.55,1.0,2024-12-16,0,1.0
INV-2024-0093,2023-01-22,1,2023-01-23,Net 1,1,USD,V080,Vanguard Legal Group,"3154 Innovation Rd, Houston, NY 44911",billing@vanguard-legal.com,XN-8021855,Services,SmartInvoiceInc,"100 Commerce Blvd, Dallas, TX 75201",6,6180.3,8.25,509.87,1.0,2023-02-17,1,1.0
INV-2022-0043,2021-06-16,6,2021-07-28,Net 42,42,USD,V020,Titan Systems LLC,"2639 Commerce Blvd, New York, GA 31677",billing@titan-systems.com,MH-7646705,Services,SmartInvoiceInc,"100 Commerce Blvd, Dallas, TX 75201",38,39976.95,7.0,2798.39,46630.11,2021-07-28,0,1.0
INV-2023-0211,2025-07-02,7,2025-07-09,Net 7,7,USD,V045,Apex Freight Co,"6909 Innovation Rd, Austin, GA 15122",billing@apex-freight.com,OW-4708654,Retail,SmartInvoiceInc,"100 Commerce Blvd, Dallas, TX 75201",18,46160.5,9.0,4154.44,16936.32,2025-07-20,1,1.0
INV-2023-0127,2021-01-01,1,2021-01-09,Net 8,8,USD,V019,Pioneer Marketing Co,"5261 Venture Blvd, Miami, AZ 19348",billing@pioneer-marketing.com,CW-3276360,Manufacturing,SmartInvoiceInc,"100 Commerce Blvd, Dallas, TX 75201",1,12413.19,8.5,1055.12,7562.7,2021-01-09,0,1.0
INV-2024-0271,2025-09-02,9,2025-10-08,Net 36,36,USD,V045,Apex Freight Co,"6909 Innovation Rd, Austin, GA 15122",billing@apex-freight.com,OW-4708654,Retail,SmartInvoiceInc,"100 Commerce Blvd, Dallas, TX 75201",1,31720.51,7.5,2379.04,37469.27,2025-10-08,0,1.0
INV-2024-0092,2024-03-15,3,2024-04-08,Net 24,24,USD,V023,Titan Marketing LLC,"6077 Tech Park Way, Miami, NY 96188",billing@titan-marketing.com,MR-5984445,Manufacturing,SmartInvoiceInc,"100 Commerce Blvd, Dallas, TX 75201",27,17042.54,9.0,1533.83,1.0,2024-05-11,1,1.0
INV-2022-0105,2022-05-25,5,2022-08-23,Net 90,90,USD,V019,Pioneer Marketing Co,"5261 Venture Blvd, Miami, AZ 19348",billing@pioneer-marketing.com,CW-3276360,Manufacturing,SmartInvoiceInc,"100 Commerce Blvd, Dallas, TX 75201",45,43387.95,6.25,2711.75,1.0,2022-08-23,0,1.0
INV-2024-0135,2025-07-29,7,2025-09-07,Net 40,40,USD,V099,Pioneer Works Corp,"1600 Industrial Dr, Los Angeles, GA 29426",billing@pioneer-works.com,RJ-1066150,Technology,SmartInvoiceInc,"100 Commerce Blvd, Dallas, TX 75201",7,23252.41,8.5,1976.45,105485.08,2025-09-07,0,1.0
INV-2024-0209,2024-11-29,11,2025-01-01,Net 33,33,USD,V087,Bright Energy LLC,"5575 Trade Center Dr, New York, CA 49952",billing@bright-energy.com,EY-6888997,Manufacturing,SmartInvoiceInc,"100 Commerce Blvd, Dallas, TX 75201",50,31823.73,7.5,2386.78,1.0,2025-01-09,1,1.0
INV-2022-0158,2024-12-10,12,2024-12-11,Net 1,1,USD,V055,Beacon Security Co,"2126 Tech Park Way, Dallas, OH 69383",billing@beacon-security.com,JE-4757974,Manufacturing,SmartInvoiceInc,"100 Commerce Blvd, Dallas, TX 75201",29,6814.72,6.25,425.92,133988.17,2025-01-03,1,1.0
INV-2023-0157,2024-01-08,1,2024-02-04,Net 27,27,USD,V064,Swift Labs Inc,"6128 Market St, Chicago, FL 50631",billing@swift-labs.com,OH-7356228,Healthcare,SmartInvoiceInc,"100 Commerce Blvd, Dallas, TX 75201",23,35185.91,8.5,2990.8,58587.29,2024-02-04,0,1.0
INV-2023-0227,2024-06-15,6,2024-06-30,Net 15,15,USD,V018,Beacon Partners Group,"7292 Market St, San Francisco, FL 70566",billing@beacon-partners.com,PY-1787494,Healthcare,SmartInvoiceInc,"100 Commerce Blvd, Dallas, TX 75201",8,8492.16,6.25,530.76,61316.72,2024-07-27,1,1.0
INV-2023-0087,2023-08-17,8,2023-10-10,Net 54,54,USD,V045,Apex Freight Co,"6909 Innovation Rd, Austin, GA 15122",billing@apex-freight.com,OW-4708654,Retail,SmartInvoiceInc,"100 Commerce Blvd, Dallas, TX 75201",33,3923.1,9.0,353.08,2793.83,2023-11-21,1,1.0
INV-2023-0220,2023-10-27,10,2023-10-28,Net 1,1,USD,V007,Pinnacle Legal LLC,"6765 Business Pkwy, San Francisco, FL 78385",billing@pinnacle-legal.com,TJ-4693305,Services,SmartInvoiceInc,"100 Commerce Blvd, Dallas, TX 75201",1,28412.7,8.5,2415.08,63958.99,2023-12-12,1,1.0
INV-2023-0193,2025-10-12,10,2025-11-09,Net 28,28,USD,V057,Pioneer Consulting Inc,"1704 Industrial Dr, San Francisco, WA 80792",billing@pioneer-consulting.com,BL-2384418,Services,SmartInvoiceInc,"100 Commerce Blvd, Dallas, TX 75201",48,30700.34,8.25,2532.78,36140.3,2025-11-09,0,1.0
INV-2023-0205,2023-11-29,11,2023-12-06,Net 7,7,USD,V020,Titan Systems LLC,"2639 Commerce Blvd, New York, GA 31677",billing@titan-systems.com,MH-7646705,Services,SmartInvoiceInc,"100 Commerce Blvd, Dallas, TX 75201",19,34853.86,7.0,2439.77,151339.95,2024-01-16,1,1.0
INV-2023-0208,2025-07-10,7,2025-08-10,Net 31,31,USD,V006,Apex Solutions Co,"2241 Market St, San Francisco, AZ 45247",billing@apex-solutions.com,UG-6698848,Healthcare,SmartInvoiceInc,"100 Commerce Blvd, Dallas, TX 75201",2,5019.79,7.5,376.48,46593.62,2025-08-10,0,1.0
INV-2024-0062,2024-03-12,3,2024-04-03,Net 22,22,USD,V040,Elite Tech Co,"6369 Tech Park Way, Atlanta, GA 90719",billing@elite-tech.com,KV-2072647,Retail,SmartInvoiceInc,"100 Commerce Blvd, Dallas, TX 75201",1,3514.65,7.5,263.6,1.0,2024-04-03,0,1.0
INV-2023-0041,2022-04-02,4,2022-06-11,Net 70,70,USD,V088,Sterling Tech Group,"1722 Enterprise Ave, Seattle, OH 71396",billing@sterling-tech.com,YF-8369434,Manufacturing,SmartInvoiceInc,"100 Commerce Blvd, Dallas, TX 75201",1,44880.45,8.0,3590.44,65463.28,2022-07-24,1,1.0
INV-2024-0205,2025-12-31,12,2026-02-13,Net 44,44,USD,V098,Titan Supplies Co,"3257 Venture Blvd, Miami, IL 34070",billing@titan-supplies.com,IS-9593223,Manufacturing,SmartInvoiceInc,"100 Commerce Blvd, Dallas, TX 75201",1,30048.79,7.5,2253.66,89088.32,2026-02-13,0,1.0
INV-2023-0202,2023-09-04,9,2023-10-24,Net 50,50,USD,V025,Acme Supplies Group,"7676 Innovation Rd, Dallas, OH 77641",billing@acme-supplies.com,LM-5848287,Healthcare,SmartInvoiceInc,"100 Commerce Blvd, Dallas, TX 75201",7,13159.31,7.0,921.15,1.0,2023-11-27,1,1.0
INV-2024-0183,2025-04-29,4,2025-06-28,Net 60,60,USD,V080,Vanguard Legal Group,"3154 Innovation Rd, Houston, NY 44911",billing@vanguard-legal.com,XN-8021855,Services,SmartInvoiceInc,"100 Commerce Blvd, Dallas, TX 75201",1,12719.42,7.0,890.36,15375.77,2025-06-28,0,1.0
INV-2023-0169,2021-12-01,12,2021-12-12,Net 11,11,USD,V045,Apex Freight Co,"6909 Innovation Rd, Austin, GA 15122",billing@apex-freight.com,OW-4708654,Retail,SmartInvoiceInc,"100 Commerce Blvd, Dallas, TX 75201",1,30963.33,7.5,2322.25,1.0,2022-01-23,1,1.0
INV-2023-0106,2023-03-24,3,2023-03-25,Net 1,1,USD,V010,Prime Cloud Group,"8102 Commerce Blvd, Dallas, WA 79449",billing@prime-cloud.com,KL-3248988,Healthcare,SmartInvoiceInc,"100 Commerce Blvd, Dallas, TX 75201",6,29159.39,8.0,2332.75,1.0,2023-04-25,1,1.0
INV-2023-0056,2023-06-04,6,2023-07-14,Net 40,40,USD,V015,Prime Parts Group,"3540 Corporate Ln, Miami, CO 78450",billing@prime-parts.com,IQ-6781565,Retail,SmartInvoiceInc,"100 Commerce Blvd, Dallas, TX 75201",45,33609.39,6.25,2100.59,89420.18,2023-07-31,1,1.0
INV-2024-0147,2025-03-10,3,2025-05-08,Net 59,59,USD,V016,Summit Freight Inc,"1465 Tech Park Way, Dallas, FL 26779",billing@summit-freight.com,IS-7197323,Technology,SmartInvoiceInc,"100 Commerce Blvd, Dallas, TX 75201",1,28091.55,8.25,2317.55,94472.16,2025-05-08,0,1.0
INV-2024-0030,2024-12-14,12,2025-01-21,Net 38,38,USD,V020,Titan Systems LLC,"2639 Commerce Blvd, New York, GA 31677",billing@titan-systems.com,MH-7646705,Services,SmartInvoiceInc,"100 Commerce Blvd, Dallas, TX 75201",22,44352.74,8.25,3659.1,57565.21,2025-01-21,0,1.0
INV-2022-0171,2022-09-15,9,2022-09-16,Net 1,1,USD,V042,Summit Capital Co,"5685 Venture Blvd, New York, IL 49749",billing@summit-capital.com,AE-3245131,Manufacturing,SmartInvoiceInc,"100 Commerce Blvd, Dallas, TX 75201",1,10815.78,6.25,675.99,1.0,2022-09-16,0,1.0
INV-2023-0198,2022-08-25,8,2022-11-13,Net 80,80,USD,V063,Bright Capital Inc,"1050 Commerce Blvd, Los Angeles, OH 69201",billing@bright-capital.com,JE-8583354,Manufacturing,SmartInvoiceInc,"100 Commerce Blvd, Dallas, TX 75201",24,7312.67,7.5,548.45,56559.89,2022-12-25,1,1.0
INV-2023-0073,2022-08-07,8,2022-10-11,Net 65,65,USD,V013,Summit Partners Corp,"512 Innovation Rd, Los Angeles, CO 70692",billing@summit-partners.com,YD-8122313,Healthcare,SmartInvoiceInc,"100 Commerce Blvd, Dallas, TX 75201",1,33907.21,7.0,2373.5,2952.36,2022-10-11,0,1.0
INV-2024-0214,2024-12-30,12,2025-01-18,Net 19,19,USD,V073,Acme Systems Group,"3672 Innovation Rd, Dallas, TX 47148",billing@acme-systems.com,KV-6786265,Retail,SmartInvoiceInc,"100 Commerce Blvd, Dallas, TX 75201",1,15973.6,8.0,1277.89,127416.02,2025-02-27,1,1.0
INV-2023-0240,2023-04-17,4,2023-06-21,Net 65,65,USD,V064,Swift Labs Inc,"6128 Market St, Chicago, FL 50631",billing@swift-labs.com,OH-7356228,Healthcare,SmartInvoiceInc,"100 Commerce Blvd, Dallas, TX 75201",14,19010.38,8.25,1568.36,1.0,2023-06-21,0,1.0
INV-2022-0196,2022-11-19,11,2022-11-20,Net 1,1,USD,V089,Delta Energy Group,"6236 Enterprise Ave, Miami, AZ 69052",billing@delta-energy.com,QZ-9752084,Retail,SmartInvoiceInc,"100 Commerce Blvd, Dallas, TX 75201",19,16763.63,9.0,1508.73,13695.89,2022-11-22,1,1.0
INV-2023-0137,2023-10-22,10,2023-12-03,Net 42,42,USD,V025,Acme Supplies Group,"7676 Innovation Rd, Dallas, OH 77641",billing@acme-supplies.com,LM-5848287,Healthcare,SmartInvoiceInc,"100 Commerce Blvd, Dallas, TX 75201",8,31784.95,9.0,2860.65,215916.9,2024-01-07,1,1.0
INV-2022-0187,2021-01-01,1,2021-03-30,Net 88,88,USD,V082,Acme Labs Inc,"2298 Enterprise Ave, Austin, NY 23859",billing@acme-labs.com,RB-3008960,Healthcare,SmartInvoiceInc,"100 Commerce Blvd, Dallas, TX 75201",9,37388.13,7.5,2804.11,52712.34,2021-04-18,1,1.0
INV-2023-0185,2023-10-10,10,2023-11-20,Net 41,41,USD,V062,Vanguard Security LLC,"5667 Market St, Dallas, FL 35053",billing@vanguard-security.com,GD-7867100,Technology,SmartInvoiceInc,"100 Commerce Blvd, Dallas, TX 75201",29,18826.49,6.25,1176.66,1.0,2023-11-20,0,1.0
INV-2024-0219,2024-05-17,5,2024-07-15,Net 59,59,USD,V035,Pioneer Parts Co,"816 Market St, Dallas, TX 55543",billing@pioneer-parts.com,BH-9896761,Manufacturing,SmartInvoiceInc,"100 Commerce Blvd, Dallas, TX 75201",12,9549.26,8.5,811.69,1.0,2024-07-15,0,1.0
INV-2022-0033,2021-10-24,10,2021-12-12,Net 49,49,USD,V030,Delta Solutions Group,"2879 Tech Park Way, New York, CA 66178",billing@delta-solutions.com,EO-6187480,Manufacturing,SmartInvoiceInc,"100 Commerce Blvd, Dallas, TX 75201",50,3590.35,9.0,323.13,56271.2,2021-12-20,1,1.0
INV-2024-0011,2022-01-06,1,2022-01-07,Net 1,1,USD,V082,Acme Labs Inc,"2298 Enterprise Ave, Austin, NY 23859",billing@acme-labs.com,RB-3008960,Healthcare,SmartInvoiceInc,"100 Commerce Blvd, Dallas, TX 75201",11,40536.9,7.0,2837.58,77492.35,2022-01-07,0,1.0
INV-2022-0246,2022-10-27,10,2022-10-28,Net 1,1,USD,V045,Apex Freight Co,"6909 Innovation Rd, Austin, GA 15122",billing@apex-freight.com,OW-4708654,Retail,SmartInvoiceInc,"100 Commerce Blvd, Dallas, TX 75201",16,42932.93,7.0,3005.31,45952.67,2022-11-03,1,1.0
INV-2022-0054,2021-05-23,5,2021-08-12,Net 81,81,USD,V024,Nexus Marketing Group,"6719 Innovation Rd, Atlanta, GA 62224",billing@nexus-marketing.com,CM-6304509,Technology,SmartInvoiceInc,"100 Commerce Blvd, Dallas, TX 75201",1,34285.75,6.25,2142.86,1.0,2021-09-05,1,1.0
INV-2023-0201,2023-03-19,3,2023-03-24,Net 5,5,USD,V075,Titan Energy Co,"6804 Corporate Ln, Dallas, GA 12482",billing@titan-energy.com,XS-8433533,Healthcare,SmartInvoiceInc,"100 Commerce Blvd, Dallas, TX 75201",5,15649.33,8.0,1251.95,38557.05,2023-03-24,0,1.0
INV-2024-0279,2024-10-01,10,2024-11-26,Net 56,56,USD,V038,Horizon Freight Corp,"1431 Trade Center Dr, New York, TX 52318",billing@horizon-freight.com,WJ-2296516,Healthcare,SmartInvoiceInc,"100 Commerce Blvd, Dallas, TX 75201",9,22547.77,8.25,1860.19,1.0,2024-11-26,0,1.0
INV-2023-0046,2022-11-22,11,2023-01-30,Net 69,69,USD,V094,Pioneer Supplies Inc,"160 Innovation Rd, Seattle, CO 23350",billing@pioneer-supplies.com,CC-6787749,Manufacturing,SmartInvoiceInc,"100 Commerce Blvd, Dallas, TX 75201",4,43626.96,8.5,3708.29,16861.99,2023-01-30,0,1.0
INV-2024-0215,2024-12-30,12,2024-12-31,Net 1,1,USD,V009,Nexus Cloud Inc,"9187 Market St, Chicago, CA 21938",billing@nexus-cloud.com,AA-2404330,Healthcare,SmartInvoiceInc,"100 Commerce Blvd, Dallas, TX 75201",7,30093.08,8.5,2557.91,84771.61,2025-01-03,1,1.0
INV-2023-0247,2024-09-11,9,2024-11-05,Net 55,55,USD,V007,Pinnacle Legal LLC,"6765 Business Pkwy, San Francisco, FL 78385",billing@pinnacle-legal.com,TJ-4693305,Services,SmartInvoiceInc,"100 Commerce Blvd, Dallas, TX 75201",1,24036.05,8.5,2043.06,1.0,2024-11-28,1,1.0
INV-2023-0143,2023-09-11,9,2023-11-06,Net 56,56,USD,V041,Titan Tech Group,"8572 Tech Park Way, Austin, CA 38732",billing@titan-tech.com,ZS-8757202,Healthcare,SmartInvoiceInc,"100 Commerce Blvd, Dallas, TX 75201",18,33993.91,6.25,2124.62,1.0,2023-12-12,1,1.0
INV-2024-0078,2024-03-07,3,2024-04-28,Net 52,52,USD,V037,Delta Logistics Co,"4773 Tech Park Way, Miami, OH 75215",billing@delta-logistics.com,BF-1317537,Manufacturing,SmartInvoiceInc,"100 Commerce Blvd, Dallas, TX 75201",22,23314.47,8.25,1923.44,26185.03,2024-04-28,0,1.0
INV-2024-0170,2024-08-05,8,2024-11-03,Net 90,90,USD,V003,Global Logistics LLC,"9032 Venture Blvd, San Francisco, GA 11150",billing@global-logistics.com,IL-7095929,Manufacturing,SmartInvoiceInc,"100 Commerce Blvd, Dallas, TX 75201",12,5717.37,8.0,457.39,1.0,2024-11-03,0,1.0
INV-2023-0117,2022-10-05,10,2022-11-04,Net 30,30,USD,V061,Prime Solutions Co,"3787 Innovation Rd, Austin, GA 77506",billing@prime-solutions.com,FF-4369538,Services,SmartInvoiceInc,"100 Commerce Blvd, Dallas, TX 75201",3,15559.97,8.0,1244.8,28268.28,2022-11-18,1,1.0
INV-2023-0053,2023-01-21,1,2023-02-14,Net 24,24,USD,V079,Alpha Partners Inc,"6054 Innovation Rd, Miami, WA 66373",billing@alpha-partners.com,YO-4185714,Technology,SmartInvoiceInc,"100 Commerce Blvd, Dallas, TX 75201",1,17814.91,7.0,1247.04,118160.58,2023-02-14,0,1.0
INV-2022-0118,2021-11-19,11,2021-12-10,Net 21,21,USD,V008,Apex Security LLC,"9923 Commerce Blvd, Chicago, IL 26364",billing@apex-security.com,DP-2100567,Manufacturing,SmartInvoiceInc,"100 Commerce Blvd, Dallas, TX 75201",6,31666.6,8.25,2612.49,65168.06,2022-01-03,1,1.0
INV-2022-0106,2025-11-22,11,2025-11-23,Net 1,1,USD,V096,Sterling Security Corp,"5995 Enterprise Ave, Dallas, GA 64756",billing@sterling-security.com,VP-7611653,Technology,SmartInvoiceInc,"100 Commerce Blvd, Dallas, TX 75201",39,27440.74,6.25,1715.05,12372.6,2025-12-08,1,1.0
INV-2024-0035,2022-07-25,7,2022-07-28,Net 3,3,USD,V078,Beacon Legal LLC,"1581 Tech Park Way, Houston, TX 91974",billing@beacon-legal.com,RG-8449607,Technology,SmartInvoiceInc,"100 Commerce Blvd, Dallas, TX 75201",1,8789.26,9.0,791.03,18756.02,2022-07-28,0,1.0
INV-2022-0052,2022-06-13,6,2022-09-11,Net 90,90,USD,V031,Titan Capital LLC,"2971 Industrial Dr, San Francisco, GA 11015",billing@titan-capital.com,AV-9416320,Manufacturing,SmartInvoiceInc,"100 Commerce Blvd, Dallas, TX 75201",1,3624.93,7.5,271.87,1.0,2022-09-28,1,1.0
INV-2024-0229,2024-03-07,3,2024-03-08,Net 1,1,USD,V078,Beacon Legal LLC,"1581 Tech Park Way, Houston, TX 91974",billing@beacon-legal.com,RG-8449607,Technology,SmartInvoiceInc,"100 Commerce Blvd, Dallas, TX 75201",29,21398.52,8.25,1765.38,1.0,2024-03-08,0,1.0
INV-2023-0010,2023-06-30,6,2023-07-01,Net 1,1,USD,V016,Summit Freight Inc,"1465 Tech Park Way, Dallas, FL 26779",billing@summit-freight.com,IS-7197323,Technology,SmartInvoiceInc,"100 Commerce Blvd, Dallas, TX 75201",22,7299.41,7.0,510.96,10865.67,2023-07-05,1,1.0
INV-2022-0047,2021-04-04,4,2021-07-03,Net 90,90,USD,V085,Nexus Security Inc,"3286 Commerce Blvd, Atlanta, WA 70774",billing@nexus-security.com,IV-3245909,Services,SmartInvoiceInc,"100 Commerce Blvd, Dallas, TX 75201",1,37444.96,6.25,2340.31,1.0,2021-07-03,0,1.0
INV-2022-0235,2022-09-07,9,2022-12-06,Net 90,90,USD,V069,Titan Security Corp,"1892 Enterprise Ave, San Francisco, AZ 11645",billing@titan-security.com,DV-7671318,Technology,SmartInvoiceInc,"100 Commerce Blvd, Dallas, TX 75201",17,581.37,7.5,43.6,1.0,2023-01-15,1,1.0
INV-2023-0263,2021-01-01,1,2021-01-02,Net 1,1,USD,V073,Acme Systems Group,"3672 Innovation Rd, Dallas, TX 47148",billing@acme-systems.com,KV-6786265,Retail,SmartInvoiceInc,"100 Commerce Blvd, Dallas, TX 75201",1,11371.93,6.25,710.75,56594.37,2021-01-02,0,1.0
INV-2024-0031,2024-03-08,3,2024-05-01,Net 54,54,USD,V086,Swift Consulting Group,"6909 Venture Blvd, Houston, GA 84532",billing@swift-consulting.com,KF-2014929,Healthcare,SmartInvoiceInc,"100 Commerce Blvd, Dallas, TX 75201",1,8806.82,8.5,748.58,1.0,2024-05-01,0,1.0
INV-2023-0181,2023-10-22,10,2023-11-08,Net 17,17,USD,V097,Beacon Logistics LLC,"5487 Venture Blvd, Atlanta, AZ 37935",billing@beacon-logistics.com,JP-4813270,Manufacturing,SmartInvoiceInc,"100 Commerce Blvd, Dallas, TX 75201",5,46475.99,6.25,2904.75,165078.94,2023-11-08,0,1.0
INV-2022-0247,2021-01-01,1,2021-01-28,Net 27,27,USD,V004,Metro Medical Inc,"7905 Business Pkwy, Atlanta, WA 66556",billing@metro-medical.com,UA-8474447,Healthcare,SmartInvoiceInc,"100 Commerce Blvd, Dallas, TX 75201",1,4113.68,7.5,308.53,1.0,2021-01-28,0,1.0
INV-2022-0084,2021-10-03,10,2022-01-01,Net 90,90,USD,V028,Pioneer Systems LLC,"5163 Business Pkwy, Chicago, IL 39703",billing@pioneer-systems.com,ZD-7655623,Manufacturing,SmartInvoiceInc,"100 Commerce Blvd, Dallas, TX 75201",6,37594.26,8.0,3007.54,163091.91,2022-01-01,0,1.0
INV-2023-0209,2025-01-07,1,2025-04-07,Net 90,90,USD,V080,Vanguard Legal Group,"3154 Innovation Rd, Houston, NY 44911",billing@vanguard-legal.com,XN-8021855,Services,SmartInvoiceInc,"100 Commerce Blvd, Dallas, TX 75201",30,9898.83,6.25,618.68,2754.93,2025-04-07,0,1.0
INV-2023-0063,2025-10-10,10,2025-11-20,Net 41,41,USD,V018,Beacon Partners Group,"7292 Market St, San Francisco, FL 70566",billing@beacon-partners.com,PY-1787494,Healthcare,SmartInvoiceInc,"100 Commerce Blvd, Dallas, TX 75201",30,37085.03,7.5,2781.38,1.0,2025-11-20,0,1.0
INV-2022-0184,2021-01-01,1,2021-02-07,Net 37,37,USD,V042,Summit Capital Co,"5685 Venture Blvd, New York, IL 49749",billing@summit-capital.com,AE-3245131,Manufacturing,SmartInvoiceInc,"100 Commerce Blvd, Dallas, TX 75201",7,38772.58,8.5,3295.67,150265.59,2021-03-13,1,1.0
INV-2024-0233,2025-12-31,12,2026-03-21,Net 80,80,USD,V058,Alpha Parts Inc,"5515 Business Pkwy, Chicago, CO 68596",billing@alpha-parts.com,NC-1873172,Healthcare,SmartInvoiceInc,"100 Commerce Blvd, Dallas, TX 75201",1,40499.36,7.0,2834.96,58625.12,2026-03-21,0,1.0
INV-2022-0209,2022-09-25,9,2022-09-26,Net 1,1,USD,V040,Elite Tech Co,"6369 Tech Park Way, Atlanta, GA 90719",billing@elite-tech.com,KV-2072647,Retail,SmartInvoiceInc,"100 Commerce Blvd, Dallas, TX 75201",1,44381.88,6.25,2773.87,45889.74,2022-09-26,0,1.0
INV-2022-0139,2025-08-31,8,2025-10-06,Net 36,36,USD,V029,Nexus Freight Group,"639 Enterprise Ave, Atlanta, FL 30159",billing@nexus-freight.com,VQ-5010912,Healthcare,SmartInvoiceInc,"100 Commerce Blvd, Dallas, TX 75201",50,43008.69,9.0,3870.78,51245.7,2025-10-12,1,1.0
INV-2023-0182,2023-07-28,7,2023-08-28,Net 31,31,USD,V020,Titan Systems LLC,"2639 Commerce Blvd, New York, GA 31677",billing@titan-systems.com,MH-7646705,Services,SmartInvoiceInc,"100 Commerce Blvd, Dallas, TX 75201",18,49598.52,8.5,4215.87,121099.27,2023-09-21,1,1.0
INV-2023-0059,2025-12-31,12,2026-03-31,Net 90,90,USD,V047,Elite Energy Inc,"6329 Venture Blvd, Atlanta, TX 13596",billing@elite-energy.com,TY-1467010,Technology,SmartInvoiceInc,"100 Commerce Blvd, Dallas, TX 75201",16,21693.68,6.25,1355.86,63695.93,2026-03-31,0,1.0
INV-2023-0215,2023-10-21,10,2023-12-25,Net 65,65,USD,V099,Pioneer Works Corp,"1600 Industrial Dr, Los Angeles, GA 29426",billing@pioneer-works.com,RJ-1066150,Technology,SmartInvoiceInc,"100 Commerce Blvd, Dallas, TX 75201",25,45312.3,8.25,3738.26,1.0,2023-12-25,0,1.0
INV-2023-0194,2025-12-31,12,2026-01-01,Net 1,1,USD,V042,Summit Capital Co,"5685 Venture Blvd, New York, IL 49749",billing@summit-capital.com,AE-3245131,Manufacturing,SmartInvoiceInc,"100 Commerce Blvd, Dallas, TX 75201",3,47693.44,7.0,3338.54,21432.99,2026-01-18,1,1.0
INV-2022-0046,2021-01-01,1,2021-03-16,Net 74,74,USD,V038,Horizon Freight Corp,"1431 Trade Center Dr, New York, TX 52318",billing@horizon-freight.com,WJ-2296516,Healthcare,SmartInvoiceInc,"100 Commerce Blvd, Dallas, TX 75201",7,39266.49,8.5,3337.65,1.0,2021-03-16,0,1.0
INV-2024-0132,2023-09-19,9,2023-10-25,Net 36,36,USD,V019,Pioneer Marketing Co,"5261 Venture Blvd, Miami, AZ 19348",billing@pioneer-marketing.com,CW-3276360,Manufacturing,SmartInvoiceInc,"100 Commerce Blvd, Dallas, TX 75201",16,1527.52,7.0,106.93,1.0,2023-11-15,1,1.0
INV-2024-0244,2025-10-21,10,2025-11-19,Net 29,29,USD,V093,Delta Labs Corp,"7201 Industrial Dr, Atlanta, AZ 11524",billing@delta-labs.com,II-7984720,Technology,SmartInvoiceInc,"100 Commerce Blvd, Dallas, TX 75201",1,9007.89,6.25,562.99,21508.89,2025-12-05,1,1.0
INV-2023-0204,2023-07-08,7,2023-10-01,Net 85,85,USD,V061,Prime Solutions Co,"3787 Innovation Rd, Austin, GA 77506",billing@prime-solutions.com,FF-4369538,Services,SmartInvoiceInc,"100 Commerce Blvd, Dallas, TX 75201",1,11008.14,8.0,880.65,1.0,2023-10-01,0,1.0
INV-2024-0196,2021-01-01,1,2021-01-02,Net 1,1,USD,V074,Summit Systems LLC,"5688 Commerce Blvd, Miami, TX 56163",billing@summit-systems.com,IQ-3412149,Retail,SmartInvoiceInc,"100 Commerce Blvd, Dallas, TX 75201",22,1211.87,7.5,90.89,1.0,2021-01-02,0,1.0
INV-2023-0113,2023-12-09,12,2024-02-08,Net 61,61,USD,V044,Global Systems Inc,"1376 Market St, Chicago, OH 18717",billing@global-systems.com,ZW-1067661,Manufacturing,SmartInvoiceInc,"100 Commerce Blvd, Dallas, TX 75201",1,25433.57,7.0,1780.35,16474.51,2024-02-12,1,1.0
INV-2022-0154,2021-01-01,1,2021-01-02,Net 1,1,USD,V078,Beacon Legal LLC,"1581 Tech Park Way, Houston, TX 91974",billing@beacon-legal.com,RG-8449607,Technology,SmartInvoiceInc,"100 Commerce Blvd, Dallas, TX 75201",50,8414.05,7.5,631.05,1.0,2021-01-02,0,1.0
INV-2022-0240,2022-01-18,1,2022-01-19,Net 1,1,USD,V050,Alpha Logistics Inc,"1560 Business Pkwy, San Francisco, OH 11605",billing@alpha-logistics.com,WP-3255363,Services,SmartInvoiceInc,"100 Commerce Blvd, Dallas, TX 75201",21,25415.58,8.5,2160.32,1.0,2022-01-19,0,1.0
INV-2023-0188,2023-08-03,8,2023-08-04,Net 1,1,USD,V084,Bright Medical LLC,"7183 Tech Park Way, Los Angeles, AZ 27771",billing@bright-medical.com,XQ-6499593,Services,SmartInvoiceInc,"100 Commerce Blvd, Dallas, TX 75201",9,27578.74,8.5,2344.19,59151.39,2023-08-04,0,1.0
INV-2023-0192,2021-10-07,10,2021-10-08,Net 1,1,USD,V006,Apex Solutions Co,"2241 Market St, San Francisco, AZ 45247",billing@apex-solutions.com,UG-6698848,Healthcare,SmartInvoiceInc,"100 Commerce Blvd, Dallas, TX 75201",1,2470.67,7.0,172.95,45695.05,2021-10-23,1,1.0
INV-2022-0256,2024-03-01,3,2024-03-12,Net 11,11,USD,V044,Global Systems Inc,"1376 Market St, Chicago, OH 18717",billing@global-systems.com,ZW-1067661,Manufacturing,SmartInvoiceInc,"100 Commerce Blvd, Dallas, TX 75201",23,2633.46,8.25,217.26,1.0,2024-03-12,0,1.0
INV-2022-0218,2023-05-28,5,2023-06-30,Net 33,33,USD,V091,Pioneer Logistics Co,"8440 Innovation Rd, Los Angeles, TX 34762",billing@pioneer-logistics.com,GH-1378165,Manufacturing,SmartInvoiceInc,"100 Commerce Blvd, Dallas, TX 75201",1,7489.35,9.0,674.04,1.0,2023-06-30,0,1.0
INV-2022-0182,2021-08-03,8,2021-09-11,Net 39,39,USD,V080,Vanguard Legal Group,"3154 Innovation Rd, Houston, NY 44911",billing@vanguard-legal.com,XN-8021855,Services,SmartInvoiceInc,"100 Commerce Blvd, Dallas, TX 75201",1,19390.02,8.5,1648.15,66581.52,2021-09-11,0,1.0
INV-2022-0107,2022-05-16,5,2022-08-14,Net 90,90,USD,V035,Pioneer Parts Co,"816 Market St, Dallas, TX 55543",billing@pioneer-parts.com,BH-9896761,Manufacturing,SmartInvoiceInc,"100 Commerce Blvd, Dallas, TX 75201",50,10004.8,7.0,700.34,1.0,2022-08-14,0,1.0
INV-2023-0034,2022-09-14,9,2022-09-15,Net 1,1,USD,V041,Titan Tech Group,"8572 Tech Park Way, Austin, CA 38732",billing@titan-tech.com,ZS-8757202,Healthcare,SmartInvoiceInc,"100 Commerce Blvd, Dallas, TX 75201",30,44429.71,9.0,3998.67,27508.28,2022-09-15,0,1.0
INV-2024-0195,2024-08-30,8,2024-09-18,Net 19,19,USD,V007,Pinnacle Legal LLC,"6765 Business Pkwy, San Francisco, FL 78385",billing@pinnacle-legal.com,TJ-4693305,Services,SmartInvoiceInc,"100 Commerce Blvd, Dallas, TX 75201",3,28312.26,8.0,2264.98,64709.61,2024-09-18,0,1.0
INV-2023-0069,2021-11-06,11,2021-12-07,Net 31,31,USD,V010,Prime Cloud Group,"8102 Commerce Blvd, Dallas, WA 79449",billing@prime-cloud.com,KL-3248988,Healthcare,SmartInvoiceInc,"100 Commerce Blvd, Dallas, TX 75201",1,34596.12,8.25,2854.18,94976.75,2021-12-07,0,1.0
INV-2024-0056,2024-12-30,12,2025-03-30,Net 90,90,USD,V081,Acme Consulting Group,"5719 Enterprise Ave, New York, IL 96925",billing@acme-consulting.com,WP-5241361,Manufacturing,SmartInvoiceInc,"100 Commerce Blvd, Dallas, TX 75201",1,48403.27,9.0,4356.29,64463.29,2025-04-11,1,1.0
INV-2024-0226,2025-12-31,12,2026-03-31,Net 90,90,USD,V056,Global Works Group,"7141 Innovation Rd, Houston, FL 18512",billing@global-works.com,EI-9112074,Services,SmartInvoiceInc,"100 Commerce Blvd, Dallas, TX 75201",17,26541.08,8.5,2255.99,1.0,2026-03-31,0,1.0
INV-2024-0043,2023-09-16,9,2023-09-17,Net 1,1,USD,V081,Acme Consulting Group,"5719 Enterprise Ave, New York, IL 96925",billing@acme-consulting.com,WP-5241361,Manufacturing,SmartInvoiceInc,"100 Commerce Blvd, Dallas, TX 75201",3,23829.76,7.0,1668.08,1.0,2023-10-23,1,1.0
INV-2023-0076,2022-02-16,2,2022-03-04,Net 16,16,USD,V071,Pinnacle Supplies Inc,"8493 Market St, Atlanta, IL 23224",billing@pinnacle-supplies.com,CT-2017433,Services,SmartInvoiceInc,"100 Commerce Blvd, Dallas, TX 75201",1,10367.6,8.0,829.41,1.0,2022-03-30,1,1.0
INV-2024-0007,2023-01-04,1,2023-04-04,Net 90,90,USD,V097,Beacon Logistics LLC,"5487 Venture Blvd, Atlanta, AZ 37935",billing@beacon-logistics.com,JP-4813270,Manufacturing,SmartInvoiceInc,"100 Commerce Blvd, Dallas, TX 75201",1,36401.71,7.5,2730.13,54908.97,2023-05-15,1,1.0
INV-2023-0107,2021-02-09,2,2021-05-07,Net 87,87,USD,V045,Apex Freight Co,"6909 Innovation Rd, Austin, GA 15122",billing@apex-freight.com,OW-4708654,Retail,SmartInvoiceInc,"100 Commerce Blvd, Dallas, TX 75201",1,10749.33,6.25,671.83,1.0,2021-06-13,1,1.0
INV-2023-0085,2023-12-22,12,2023-12-23,Net 1,1,USD,V057,Pioneer Consulting Inc,"1704 Industrial Dr, San Francisco, WA 80792",billing@pioneer-consulting.com,BL-2384418,Services,SmartInvoiceInc,"100 Commerce Blvd, Dallas, TX 75201",47,17470.53,6.25,1091.91,19424.68,2024-01-22,1,1.0
INV-2022-0081,2022-04-10,4,2022-04-11,Net 1,1,USD,V040,Elite Tech Co,"6369 Tech Park Way, Atlanta, GA 90719",billing@elite-tech.com,KV-2072647,Retail,SmartInvoiceInc,"100 Commerce Blvd, Dallas, TX 75201",6,12390.86,7.0,867.36,20307.9,2022-04-11,0,1.0
INV-2024-0016,2023-02-17,2,2023-05-18,Net 90,90,USD,V024,Nexus Marketing Group,"6719 Innovation Rd, Atlanta, GA 62224",billing@nexus-marketing.com,CM-6304509,Technology,SmartInvoiceInc,"100 Commerce Blvd, Dallas, TX 75201",23,43892.38,7.0,3072.47,98131.19,2023-06-24,1,1.0
INV-2022-0252,2024-09-22,9,2024-10-08,Net 16,16,USD,V045,Apex Freight Co,"6909 Innovation Rd, Austin, GA 15122",billing@apex-freight.com,OW-4708654,Retail,SmartInvoiceInc,"100 Commerce Blvd, Dallas, TX 75201",32,18918.07,6.25,1182.38,84551.73,2024-10-12,1,1.0
INV-2022-0234,2022-05-04,5,2022-05-17,Net 13,13,USD,V082,Acme Labs Inc,"2298 Enterprise Ave, Austin, NY 23859",billing@acme-labs.com,RB-3008960,Healthcare,SmartInvoiceInc,"100 Commerce Blvd, Dallas, TX 75201",14,29364.83,9.0,2642.83,12301.18,2022-05-17,0,1.0
INV-2024-0032,2024-08-10,8,2024-08-11,Net 1,1,USD,V009,Nexus Cloud Inc,"9187 Market St, Chicago, CA 21938",billing@nexus-cloud.com,AA-2404330,Healthcare,SmartInvoiceInc,"100 Commerce Blvd, Dallas, TX 75201",1,25210.35,8.0,2016.83,68164.03,2024-08-30,1,1.0
INV-2024-0026,2023-10-21,10,2024-01-18,Net 89,89,USD,V090,Apex Medical LLC,"3729 Industrial Dr, New York, TX 29250",billing@apex-medical.com,UD-7247794,Manufacturing,SmartInvoiceInc,"100 Commerce Blvd, Dallas, TX 75201",16,48096.76,7.0,3366.77,36786.45,2024-01-18,0,1.0
INV-2024-0184,2023-08-17,8,2023-08-18,Net 1,1,USD,V003,Global Logistics LLC,"9032 Venture Blvd, San Francisco, GA 11150",billing@global-logistics.com,IL-7095929,Manufacturing,SmartInvoiceInc,"100 Commerce Blvd, Dallas, TX 75201",1,45522.65,6.25,2845.17,209410.73,2023-08-30,1,1.0
INV-2023-0062,2024-11-02,11,2025-01-16,Net 75,75,USD,V049,Global Freight Corp,"2572 Enterprise Ave, New York, FL 64553",billing@global-freight.com,BX-2314532,Technology,SmartInvoiceInc,"100 Commerce Blvd, Dallas, TX 75201",24,21967.87,9.0,1977.11,64579.31,2025-01-16,0,1.0
INV-2024-0080,2025-12-31,12,2026-02-07,Net 38,38,USD,V072,Elite Supplies LLC,"8170 Industrial Dr, Houston, TX 16783",billing@elite-supplies.com,KL-1996530,Technology,SmartInvoiceInc,"100 Commerce Blvd, Dallas, TX 75201",28,47079.12,9.0,4237.12,130713.79,2026-02-07,0,1.0
INV-2022-0210,2025-01-28,1,2025-04-28,Net 90,90,USD,V100,Swift Capital Corp,"2767 Industrial Dr, Austin, IL 12983",billing@swift-capital.com,ZW-2841648,Retail,SmartInvoiceInc,"100 Commerce Blvd, Dallas, TX 75201",20,3037.54,7.0,212.63,55408.81,2025-05-14,1,1.0
INV-2022-0170,2021-01-01,1,2021-03-28,Net 86,86,USD,V058,Alpha Parts Inc,"5515 Business Pkwy, Chicago, CO 68596",billing@alpha-parts.com,NC-1873172,Healthcare,SmartInvoiceInc,"100 Commerce Blvd, Dallas, TX 75201",6,18170.63,8.0,1453.65,1.0,2021-05-08,1,1.0
INV-2023-0035,2024-07-03,7,2024-07-04,Net 1,1,USD,V078,Beacon Legal LLC,"1581 Tech Park Way, Houston, TX 91974",billing@beacon-legal.com,RG-8449607,Technology,SmartInvoiceInc,"100 Commerce Blvd, Dallas, TX 75201",1,14949.6,7.0,1046.47,1.0,2024-07-24,1,1.0
INV-2022-0103,2021-01-01,1,2021-02-25,Net 55,55,USD,V063,Bright Capital Inc,"1050 Commerce Blvd, Los Angeles, OH 69201",billing@bright-capital.com,JE-8583354,Manufacturing,SmartInvoiceInc,"100 Commerce Blvd, Dallas, TX 75201",31,26802.16,7.0,1876.15,1.0,2021-02-25,0,1.0
INV-2022-0236,2022-07-15,7,2022-10-13,Net 90,90,USD,V014,Swift Parts Inc,"3067 Tech Park Way, Dallas, NY 95999",billing@swift-parts.com,DR-1070640,Healthcare,SmartInvoiceInc,"100 Commerce Blvd, Dallas, TX 75201",24,44948.78,8.0,3595.9,16743.39,2022-10-27,1,1.0
INV-2022-0161,2023-01-10,1,2023-02-15,Net 36,36,USD,V088,Sterling Tech Group,"1722 Enterprise Ave, Seattle, OH 71396",billing@sterling-tech.com,YF-8369434,Manufacturing,SmartInvoiceInc,"100 Commerce Blvd, Dallas, TX 75201",6,33503.21,8.25,2764.01,143351.53,2023-03-23,1,1.0
INV-2023-0094,2023-07-21,7,2023-10-10,Net 81,81,USD,V040,Elite Tech Co,"6369 Tech Park Way, Atlanta, GA 90719",billing@elite-tech.com,KV-2072647,Retail,SmartInvoiceInc,"100 Commerce Blvd, Dallas, TX 75201",28,48875.55,9.0,4398.8,1.0,2023-10-27,1,1.0
INV-2022-0013,2022-03-09,3,2022-06-07,Net 90,90,USD,V048,Pacific Tech Co,"9461 Market St, New York, CA 22910",billing@pacific-tech.com,HH-9469872,Retail,SmartInvoiceInc,"100 Commerce Blvd, Dallas, TX 75201",1,8080.65,7.5,606.05,78465.92,2022-06-07,0,1.0
INV-2023-0144,2024-07-01,7,2024-09-29,Net 90,90,USD,V055,Beacon Security Co,"2126 Tech Park Way, Dallas, OH 69383",billing@beacon-security.com,JE-4757974,Manufacturing,SmartInvoiceInc,"100 Commerce Blvd, Dallas, TX 75201",13,38602.46,8.0,3088.2,32264.61,2024-09-29,0,1.0
INV-2022-0040,2022-01-08,1,2022-02-02,Net 25,25,USD,V083,Metro Freight Group,"3694 Venture Blvd, Houston, NY 86918",billing@metro-freight.com,LT-7193956,Technology,SmartInvoiceInc,"100 Commerce Blvd, Dallas, TX 75201",1,32599.0,8.5,2770.91,79923.12,2022-02-02,0,1.0
INV-2023-0222,2023-11-26,11,2024-02-10,Net 76,76,USD,V100,Swift Capital Corp,"2767 Industrial Dr, Austin, IL 12983",billing@swift-capital.com,ZW-2841648,Retail,SmartInvoiceInc,"100 Commerce Blvd, Dallas, TX 75201",29,16728.22,7.5,1254.62,146520.75,2024-02-10,0,1.0
INV-2023-0174,2024-01-09,1,2024-02-12,Net 34,34,USD,V051,Summit Cloud Inc,"8534 Innovation Rd, San Francisco, FL 19111",billing@summit-cloud.com,FB-8643603,Retail,SmartInvoiceInc,"100 Commerce Blvd, Dallas, TX 75201",1,27997.12,7.5,2099.78,5375.68,2024-02-12,0,1.0
INV-2022-0098,2021-10-29,10,2021-12-07,Net 39,39,USD,V027,Delta Security Inc,"6290 Trade Center Dr, Dallas, TX 78866",billing@delta-security.com,PW-6118922,Retail,SmartInvoiceInc,"100 Commerce Blvd, Dallas, TX 75201",1,4671.09,9.0,420.4,1.0,2021-12-07,0,1.0
INV-2024-0277,2023-02-26,2,2023-05-27,Net 90,90,USD,V011,Acme Legal Group,"5826 Industrial Dr, Austin, CA 37350",billing@acme-legal.com,QZ-5833177,Manufacturing,SmartInvoiceInc,"100 Commerce Blvd, Dallas, TX 75201",1,8692.24,9.0,782.3,26323.28,2023-05-27,0,1.0
INV-2024-0238,2025-09-27,9,2025-10-18,Net 21,21,USD,V009,Nexus Cloud Inc,"9187 Market St, Chicago, CA 21938",billing@nexus-cloud.com,AA-2404330,Healthcare,SmartInvoiceInc,"100 Commerce Blvd, Dallas, TX 75201",1,10226.1,6.25,639.13,24347.53,2025-10-18,0,1.0
INV-2024-0163,2023-09-15,9,2023-09-16,Net 1,1,USD,V072,Elite Supplies LLC,"8170 Industrial Dr, Houston, TX 16783",billing@elite-supplies.com,KL-1996530,Technology,SmartInvoiceInc,"100 Commerce Blvd, Dallas, TX 75201",1,35364.6,7.0,2475.52,8668.24,2023-09-16,0,1.0
INV-2022-0055,2022-05-06,5,2022-06-20,Net 45,45,USD,V035,Pioneer Parts Co,"816 Market St, Dallas, TX 55543",billing@pioneer-parts.com,BH-9896761,Manufacturing,SmartInvoiceInc,"100 Commerce Blvd, Dallas, TX 75201",28,13621.52,7.0,953.51,1.0,2022-06-20,0,1.0
INV-2023-0028,2025-03-08,3,2025-06-03,Net 87,87,USD,V034,Summit Ventures Co,"4909 Venture Blvd, Austin, TX 66397",billing@summit-ventures.com,IN-7195200,Services,SmartInvoiceInc,"100 Commerce Blvd, Dallas, TX 75201",1,36441.2,6.25,2277.57,21543.52,2025-06-03,0,1.0
INV-2023-0155,2022-11-03,11,2023-01-20,Net 78,78,USD,V095,Pacific Supplies Group,"2422 Enterprise Ave, Dallas, TX 59481",billing@pacific-supplies.com,YW-8599600,Retail,SmartInvoiceInc,"100 Commerce Blvd, Dallas, TX 75201",17,28438.62,8.0,2275.09,32083.79,2023-02-23,1,1.0
INV-2024-0094,2025-09-18,9,2025-11-17,Net 60,60,USD,V085,Nexus Security Inc,"3286 Commerce Blvd, Atlanta, WA 70774",billing@nexus-security.com,IV-3245909,Services,SmartInvoiceInc,"100 Commerce Blvd, Dallas, TX 75201",1,29342.96,7.5,2200.72,33333.03,2025-11-17,0,1.0
INV-2022-0095,2021-08-02,8,2021-09-10,Net 39,39,USD,V081,Acme Consulting Group,"5719 Enterprise Ave, New York, IL 96925",billing@acme-consulting.com,WP-5241361,Manufacturing,SmartInvoiceInc,"100 Commerce Blvd, Dallas, TX 75201",19,9597.34,8.25,791.78,1.0,2021-09-10,0,1.0
INV-2024-0150,2023-04-01,4,2023-05-26,Net 55,55,USD,V063,Bright Capital Inc,"1050 Commerce Blvd, Los Angeles, OH 69201",billing@bright-capital.com,JE-8583354,Manufacturing,SmartInvoiceInc,"100 Commerce Blvd, Dallas, TX 75201",34,24744.4,7.0,1732.11,1.0,2023-07-01,1,1.0
INV-2022-0174,2022-05-12,5,2022-08-10,Net 90,90,USD,V010,Prime Cloud Group,"8102 Commerce Blvd, Dallas, WA 79449",billing@prime-cloud.com,KL-3248988,Healthcare,SmartInvoiceInc,"100 Commerce Blvd, Dallas, TX 75201",1,13245.21,8.0,1059.62,1.0,2022-08-22,1,1.0
INV-2024-0051,2022-12-17,12,2022-12-18,Net 1,1,USD,V014,Swift Parts Inc,"3067 Tech Park Way, Dallas, NY 95999",billing@swift-parts.com,DR-1070640,Healthcare,SmartInvoiceInc,"100 Commerce Blvd, Dallas, TX 75201",50,14199.33,8.25,1171.44,95979.55,2023-01-17,1,1.0
INV-2022-0166,2022-11-03,11,2022-12-29,Net 56,56,USD,V039,Elite Labs Group,"237 Innovation Rd, Dallas, AZ 29963",billing@elite-labs.com,TX-2849396,Manufacturing,SmartInvoiceInc,"100 Commerce Blvd, Dallas, TX 75201",1,14750.04,7.0,1032.5,1.0,2022-12-29,0,1.0
INV-2024-0073,2023-03-09,3,2023-06-07,Net 90,90,USD,V061,Prime Solutions Co,"3787 Innovation Rd, Austin, GA 77506",billing@prime-solutions.com,FF-4369538,Services,SmartInvoiceInc,"100 Commerce Blvd, Dallas, TX 75201",3,42684.51,8.5,3628.18,37271.6,2023-06-24,1,1.0
INV-2022-0119,2021-01-13,1,2021-01-19,Net 6,6,USD,V051,Summit Cloud Inc,"8534 Innovation Rd, San Francisco, FL 19111",billing@summit-cloud.com,FB-8643603,Retail,SmartInvoiceInc,"100 Commerce Blvd, Dallas, TX 75201",1,24508.39,7.0,1715.59,14857.33,2021-01-19,0,1.0
INV-2022-0071,2024-03-12,3,2024-03-13,Net 1,1,USD,V021,Swift Ventures LLC,"9509 Enterprise Ave, San Francisco, OH 36962",billing@swift-ventures.com,HP-7243669,Retail,SmartInvoiceInc,"100 Commerce Blvd, Dallas, TX 75201",9,30902.22,8.5,2626.69,34869.36,2024-03-13,0,1.0
INV-2024-0079,2025-12-13,12,2026-03-13,Net 90,90,USD,V033,Nexus Tech Inc,"504 Corporate Ln, New York, TX 70100",billing@nexus-tech.com,EF-4196340,Healthcare,SmartInvoiceInc,"100 Commerce Blvd, Dallas, TX 75201",27,4207.34,6.25,262.96,1.0,2026-03-13,0,1.0
INV-2022-0230,2021-08-07,8,2021-09-20,Net 44,44,USD,V076,Bright Cloud Inc,"4624 Innovation Rd, Austin, CA 43536",billing@bright-cloud.com,NS-1703662,Manufacturing,SmartInvoiceInc,"100 Commerce Blvd, Dallas, TX 75201",1,10150.43,8.5,862.79,1752.54,2021-09-20,0,1.0
INV-2024-0074,2024-08-13,8,2024-11-11,Net 90,90,USD,V042,Summit Capital Co,"5685 Venture Blvd, New York, IL 49749",billing@summit-capital.com,AE-3245131,Manufacturing,SmartInvoiceInc,"100 Commerce Blvd, Dallas, TX 75201",21,29051.99,7.5,2178.9,1.0,2024-11-11,0,1.0
INV-2022-0155,2025-12-31,12,2026-03-10,Net 69,69,USD,V057,Pioneer Consulting Inc,"1704 Industrial Dr, San Francisco, WA 80792",billing@pioneer-consulting.com,BL-2384418,Services,SmartInvoiceInc,"100 Commerce Blvd, Dallas, TX 75201",6,41791.12,8.25,3447.77,1.0,2026-03-10,0,1.0
INV-2023-0011,2021-01-01,1,2021-03-05,Net 63,63,USD,V071,Pinnacle Supplies Inc,"8493 Market St, Atlanta, IL 23224",billing@pinnacle-supplies.com,CT-2017433,Services,SmartInvoiceInc,"100 Commerce Blvd, Dallas, TX 75201",4,42277.68,7.0,2959.44,1.0,2021-04-11,1,1.0
INV-2024-0123,2025-12-31,12,2026-03-20,Net 79,79,USD,V098,Titan Supplies Co,"3257 Venture Blvd, Miami, IL 34070",billing@titan-supplies.com,IS-9593223,Manufacturing,SmartInvoiceInc,"100 Commerce Blvd, Dallas, TX 75201",42,43109.55,8.25,3556.54,95475.82,2026-03-20,0,1.0
INV-2023-0088,2023-04-07,4,2023-07-06,Net 90,90,USD,V088,Sterling Tech Group,"1722 Enterprise Ave, Seattle, OH 71396",billing@sterling-tech.com,YF-8369434,Manufacturing,SmartInvoiceInc,"100 Commerce Blvd, Dallas, TX 75201",1,11952.2,9.0,1075.7,924.46,2023-07-06,0,1.0
INV-2024-0126,2024-03-25,3,2024-03-26,Net 1,1,USD,V011,Acme Legal Group,"5826 Industrial Dr, Austin, CA 37350",billing@acme-legal.com,QZ-5833177,Manufacturing,SmartInvoiceInc,"100 Commerce Blvd, Dallas, TX 75201",1,26073.07,8.25,2151.03,114833.8,2024-03-26,0,1.0
INV-2024-0251,2023-04-26,4,2023-05-25,Net 29,29,USD,V068,Nexus Energy Group,"3976 Innovation Rd, Seattle, TX 75310",billing@nexus-energy.com,ZI-9887324,Technology,SmartInvoiceInc,"100 Commerce Blvd, Dallas, TX 75201",4,34416.14,8.5,2925.37,1.0,2023-06-17,1,1.0
INV-2023-0086,2023-05-19,5,2023-08-17,Net 90,90,USD,V054,Swift Medical Group,"324 Market St, Dallas, TX 88477",billing@swift-medical.com,FE-9671370,Retail,SmartInvoiceInc,"100 Commerce Blvd, Dallas, TX 75201",1,5234.21,7.0,366.39,43842.45,2023-08-25,1,1.0
INV-2024-0139,2025-06-12,6,2025-06-13,Net 1,1,USD,V018,Beacon Partners Group,"7292 Market St, San Francisco, FL 70566",billing@beacon-partners.com,PY-1787494,Healthcare,SmartInvoiceInc,"100 Commerce Blvd, Dallas, TX 75201",15,30712.97,8.5,2610.6,1.0,2025-07-02,1,1.0
INV-2024-0212,2025-01-02,1,2025-03-09,Net 66,66,USD,V029,Nexus Freight Group,"639 Enterprise Ave, Atlanta, FL 30159",billing@nexus-freight.com,VQ-5010912,Healthcare,SmartInvoiceInc,"100 Commerce Blvd, Dallas, TX 75201",9,28181.3,7.0,1972.69,73854.98,2025-03-09,0,1.0
INV-2024-0180,2025-12-31,12,2026-01-01,Net 1,1,USD,V002,Vanguard Supplies Group,"6899 Industrial Dr, Seattle, NY 96672",billing@vanguard-supplies.com,XS-7319707,Manufacturing,SmartInvoiceInc,"100 Commerce Blvd, Dallas, TX 75201",17,48202.42,8.25,3976.7,84161.03,2026-01-01,0,1.0
INV-2023-0130,2022-12-20,12,2022-12-21,Net 1,1,USD,V076,Bright Cloud Inc,"4624 Innovation Rd, Austin, CA 43536",billing@bright-cloud.com,NS-1703662,Manufacturing,SmartInvoiceInc,"100 Commerce Blvd, Dallas, TX 75201",5,20007.46,7.0,1400.52,1.0,2022-12-21,0,1.0
INV-2024-0245,2022-02-04,2,2022-02-05,Net 1,1,USD,V016,Summit Freight Inc,"1465 Tech Park Way, Dallas, FL 26779",billing@summit-freight.com,IS-7197323,Technology,SmartInvoiceInc,"100 Commerce Blvd, Dallas, TX 75201",26,37435.89,6.25,2339.74,1.0,2022-02-05,0,1.0
INV-2022-0091,2023-01-23,1,2023-02-07,Net 15,15,USD,V013,Summit Partners Corp,"512 Innovation Rd, Los Angeles, CO 70692",billing@summit-partners.com,YD-8122313,Healthcare,SmartInvoiceInc,"100 Commerce Blvd, Dallas, TX 75201",13,45012.82,8.25,3713.56,51487.07,2023-02-22,1,1.0
INV-2022-0068,2021-08-03,8,2021-11-01,Net 90,90,USD,V007,Pinnacle Legal LLC,"6765 Business Pkwy, San Francisco, FL 78385",billing@pinnacle-legal.com,TJ-4693305,Services,SmartInvoiceInc,"100 Commerce Blvd, Dallas, TX 75201",50,15397.83,8.0,1231.83,29391.11,2021-11-01,0,1.0
INV-2023-0131,2025-05-01,5,2025-06-30,Net 60,60,USD,V065,Delta Tech Group,"2991 Industrial Dr, Austin, NY 85683",billing@delta-tech.com,DZ-8726890,Services,SmartInvoiceInc,"100 Commerce Blvd, Dallas, TX 75201",1,34941.85,8.25,2882.7,29178.2,2025-07-29,1,1.0
INV-2024-0086,2022-02-04,2,2022-04-17,Net 72,72,USD,V085,Nexus Security Inc,"3286 Commerce Blvd, Atlanta, WA 70774",billing@nexus-security.com,IV-3245909,Services,SmartInvoiceInc,"100 Commerce Blvd, Dallas, TX 75201",50,7823.94,7.5,586.8,11308.62,2022-04-17,0,1.0
INV-2024-0208,2024-11-14,11,2024-12-21,Net 37,37,USD,V077,Pioneer Data LLC,"6745 Commerce Blvd, Houston, OH 35522",billing@pioneer-data.com,DA-6517366,Services,SmartInvoiceInc,"100 Commerce Blvd, Dallas, TX 75201",20,17422.36,9.0,1568.01,1.0,2024-12-21,0,1.0
INV-2023-0060,2023-10-25,10,2023-10-26,Net 1,1,USD,V080,Vanguard Legal Group,"3154 Innovation Rd, Houston, NY 44911",billing@vanguard-legal.com,XN-8021855,Services,SmartInvoiceInc,"100 Commerce Blvd, Dallas, TX 75201",47,2204.35,8.0,176.35,7391.36,2023-10-26,0,1.0
INV-2023-0019,2023-04-15,4,2023-07-14,Net 90,90,USD,V097,Beacon Logistics LLC,"5487 Venture Blvd, Atlanta, AZ 37935",billing@beacon-logistics.com,JP-4813270,Manufacturing,SmartInvoiceInc,"100 Commerce Blvd, Dallas, TX 75201",14,27148.97,8.5,2307.66,1432.23,2023-07-14,0,1.0
INV-2023-0217,2023-11-03,11,2023-12-10,Net 37,37,USD,V028,Pioneer Systems LLC,"5163 Business Pkwy, Chicago, IL 39703",billing@pioneer-systems.com,ZD-7655623,Manufacturing,SmartInvoiceInc,"100 Commerce Blvd, Dallas, TX 75201",22,7117.93,8.5,605.02,1.0,2024-01-18,1,1.0
INV-2022-0042,2021-01-01,1,2021-02-06,Net 36,36,USD,V058,Alpha Parts Inc,"5515 Business Pkwy, Chicago, CO 68596",billing@alpha-parts.com,NC-1873172,Healthcare,SmartInvoiceInc,"100 Commerce Blvd, Dallas, TX 75201",32,46939.97,8.0,3755.2,154935.6,2021-02-06,0,1.0
INV-2022-0167,2022-11-11,11,2022-12-28,Net 47,47,USD,V071,Pinnacle Supplies Inc,"8493 Market St, Atlanta, IL 23224",billing@pinnacle-supplies.com,CT-2017433,Services,SmartInvoiceInc,"100 Commerce Blvd, Dallas, TX 75201",11,38383.16,7.5,2878.74,14227.71,2023-01-12,1,1.0
INV-2024-0272,2025-03-16,3,2025-05-05,Net 50,50,USD,V038,Horizon Freight Corp,"1431 Trade Center Dr, New York, TX 52318",billing@horizon-freight.com,WJ-2296516,Healthcare,SmartInvoiceInc,"100 Commerce Blvd, Dallas, TX 75201",40,20256.74,8.5,1721.82,8682.6,2025-05-17,1,1.0
INV-2023-0210,2023-12-20,12,2024-03-01,Net 72,72,USD,V004,Metro Medical Inc,"7905 Business Pkwy, Atlanta, WA 66556",billing@metro-medical.com,UA-8474447,Healthcare,SmartInvoiceInc,"100 Commerce Blvd, Dallas, TX 75201",6,2826.13,8.0,226.09,34106.53,2024-03-01,0,1.0
INV-2023-0079,2021-09-05,9,2021-10-16,Net 41,41,USD,V076,Bright Cloud Inc,"4624 Innovation Rd, Austin, CA 43536",billing@bright-cloud.com,NS-1703662,Manufacturing,SmartInvoiceInc,"100 Commerce Blvd, Dallas, TX 75201",33,31629.21,6.25,1976.83,15122.82,2021-10-16,0,1.0
INV-2022-0185,2023-03-14,3,2023-05-16,Net 63,63,USD,V018,Beacon Partners Group,"7292 Market St, San Francisco, FL 70566",billing@beacon-partners.com,PY-1787494,Healthcare,SmartInvoiceInc,"100 Commerce Blvd, Dallas, TX 75201",1,27357.38,6.25,1709.84,31875.72,2023-06-26,1,1.0
INV-2024-0225,2025-12-31,12,2026-03-01,Net 60,60,USD,V078,Beacon Legal LLC,"1581 Tech Park Way, Houston, TX 91974",billing@beacon-legal.com,RG-8449607,Technology,SmartInvoiceInc,"100 Commerce Blvd, Dallas, TX 75201",6,7100.55,7.0,497.04,1.0,2026-03-01,0,1.0
INV-2024-0037,2024-07-18,7,2024-09-25,Net 69,69,USD,V042,Summit Capital Co,"5685 Venture Blvd, New York, IL 49749",billing@summit-capital.com,AE-3245131,Manufacturing,SmartInvoiceInc,"100 Commerce Blvd, Dallas, TX 75201",48,11904.14,7.0,833.29,1.0,2024-09-25,0,1.0
INV-2022-0239,2023-10-05,10,2023-11-20,Net 46,46,USD,V039,Elite Labs Group,"237 Innovation Rd, Dallas, AZ 29963",billing@elite-labs.com,TX-2849396,Manufacturing,SmartInvoiceInc,"100 Commerce Blvd, Dallas, TX 75201",1,20299.16,7.5,1522.44,32370.37,2023-11-20,0,1.0
INV-2023-0199,2024-01-11,1,2024-03-13,Net 62,62,USD,V046,Titan Freight Co,"3445 Venture Blvd, New York, NY 44674",billing@titan-freight.com,OY-3319049,Technology,SmartInvoiceInc,"100 Commerce Blvd, Dallas, TX 75201",36,1324.69,8.5,112.6,1.0,2024-03-13,0,1.0
INV-2023-0012,2023-04-12,4,2023-06-18,Net 67,67,USD,V022,Acme Capital Inc,"8802 Corporate Ln, Atlanta, FL 45909",billing@acme-capital.com,SL-9415398,Services,SmartInvoiceInc,"100 Commerce Blvd, Dallas, TX 75201",38,14474.53,8.0,1157.96,1.0,2023-06-18,0,1.0
INV-2023-0231,2024-01-24,1,2024-04-20,Net 87,87,USD,V002,Vanguard Supplies Group,"6899 Industrial Dr, Seattle, NY 96672",billing@vanguard-supplies.com,XS-7319707,Manufacturing,SmartInvoiceInc,"100 Commerce Blvd, Dallas, TX 75201",3,33236.46,9.0,2991.28,53236.64,2024-05-30,1,1.0
INV-2024-0267,2025-11-11,11,2026-01-27,Net 77,77,USD,V048,Pacific Tech Co,"9461 Market St, New York, CA 22910",billing@pacific-tech.com,HH-9469872,Retail,SmartInvoiceInc,"100 Commerce Blvd, Dallas, TX 75201",1,25346.3,6.25,1584.14,52448.49,2026-01-27,0,1.0
INV-2023-0070,2023-11-01,11,2023-11-02,Net 1,1,USD,V080,Vanguard Legal Group,"3154 Innovation Rd, Houston, NY 44911",billing@vanguard-legal.com,XN-8021855,Services,SmartInvoiceInc,"100 Commerce Blvd, Dallas, TX 75201",18,36009.46,7.5,2700.71,32019.19,2023-12-02,1,1.0
INV-2024-0199,2022-04-17,4,2022-06-02,Net 46,46,USD,V030,Delta Solutions Group,"2879 Tech Park Way, New York, CA 66178",billing@delta-solutions.com,EO-6187480,Manufacturing,SmartInvoiceInc,"100 Commerce Blvd, Dallas, TX 75201",15,35009.73,8.5,2975.83,1.0,2022-06-02,0,1.0
INV-2022-0059,2021-05-26,5,2021-08-24,Net 90,90,USD,V049,Global Freight Corp,"2572 Enterprise Ave, New York, FL 64553",billing@global-freight.com,BX-2314532,Technology,SmartInvoiceInc,"100 Commerce Blvd, Dallas, TX 75201",20,43948.6,9.0,3955.37,22907.04,2021-09-13,1,1.0
INV-2022-0108,2021-07-23,7,2021-09-06,Net 45,45,USD,V079,Alpha Partners Inc,"6054 Innovation Rd, Miami, WA 66373",billing@alpha-partners.com,YO-4185714,Technology,SmartInvoiceInc,"100 Commerce Blvd, Dallas, TX 75201",1,25874.45,9.0,2328.7,1.0,2021-09-06,0,1.0
INV-2022-0128,2021-01-01,1,2021-01-02,Net 1,1,USD,V037,Delta Logistics Co,"4773 Tech Park Way, Miami, OH 75215",billing@delta-logistics.com,BF-1317537,Manufacturing,SmartInvoiceInc,"100 Commerce Blvd, Dallas, TX 75201",26,15592.7,7.0,1091.49,58820.65,2021-02-07,1,1.0
INV-2024-0106,2023-04-19,4,2023-05-27,Net 38,38,USD,V100,Swift Capital Corp,"2767 Industrial Dr, Austin, IL 12983",billing@swift-capital.com,ZW-2841648,Retail,SmartInvoiceInc,"100 Commerce Blvd, Dallas, TX 75201",1,48676.41,8.0,3894.11,9884.31,2023-07-10,1,1.0
INV-2022-0172,2021-07-10,7,2021-08-29,Net 50,50,USD,V068,Nexus Energy Group,"3976 Innovation Rd, Seattle, TX 75310",billing@nexus-energy.com,ZI-9887324,Technology,SmartInvoiceInc,"100 Commerce Blvd, Dallas, TX 75201",1,41116.96,9.0,3700.53,56002.13,2021-08-29,0,1.0
INV-2023-0029,2023-04-02,4,2023-04-03,Net 1,1,USD,V042,Summit Capital Co,"5685 Venture Blvd, New York, IL 49749",billing@summit-capital.com,AE-3245131,Manufacturing,SmartInvoiceInc,"100 Commerce Blvd, Dallas, TX 75201",18,3097.84,7.0,216.85,24609.44,2023-05-11,1,1.0
INV-2024-0028,2025-02-13,2,2025-03-19,Net 34,34,USD,V091,Pioneer Logistics Co,"8440 Innovation Rd, Los Angeles, TX 34762",billing@pioneer-logistics.com,GH-1378165,Manufacturing,SmartInvoiceInc,"100 Commerce Blvd, Dallas, TX 75201",18,26316.77,6.25,1644.8,484.66,2025-03-19,0,1.0
INV-2023-0180,2025-03-29,3,2025-03-30,Net 1,1,USD,V078,Beacon Legal LLC,"1581 Tech Park Way, Houston, TX 91974",billing@beacon-legal.com,RG-8449607,Technology,SmartInvoiceInc,"100 Commerce Blvd, Dallas, TX 75201",1,1581.41,8.25,130.47,1.0,2025-04-30,1,1.0
INV-2024-0044,2024-09-25,9,2024-09-26,Net 1,1,USD,V052,Pinnacle Tech Corp,"8295 Business Pkwy, New York, TX 94471",billing@pinnacle-tech.com,FS-3357821,Technology,SmartInvoiceInc,"100 Commerce Blvd, Dallas, TX 75201",9,21703.41,9.0,1953.31,29799.56,2024-10-29,1,1.0
INV-2022-0073,2022-02-24,2,2022-03-29,Net 33,33,USD,V013,Summit Partners Corp,"512 Innovation Rd, Los Angeles, CO 70692",billing@summit-partners.com,YD-8122313,Healthcare,SmartInvoiceInc,"100 Commerce Blvd, Dallas, TX 75201",7,28637.38,7.5,2147.8,107261.66,2022-03-29,0,1.0
INV-2024-0070,2024-05-24,5,2024-08-02,Net 70,70,USD,V010,Prime Cloud Group,"8102 Commerce Blvd, Dallas, WA 79449",billing@prime-cloud.com,KL-3248988,Healthcare,SmartInvoiceInc,"100 Commerce Blvd, Dallas, TX 75201",1,45488.84,9.0,4094.0,96756.0,2024-08-23,1,1.0
INV-2024-0071,2023-08-12,8,2023-09-21,Net 40,40,USD,V092,Pinnacle Capital Co,"7579 Commerce Blvd, Seattle, FL 84478",billing@pinnacle-capital.com,TS-6703394,Retail,SmartInvoiceInc,"100 Commerce Blvd, Dallas, TX 75201",32,48121.9,9.0,4330.97,19137.7,2023-10-29,1,1.0
INV-2023-0043,2023-07-22,7,2023-10-20,Net 90,90,USD,V054,Swift Medical Group,"324 Market St, Dallas, TX 88477",billing@swift-medical.com,FE-9671370,Retail,SmartInvoiceInc,"100 Commerce Blvd, Dallas, TX 75201",1,7569.31,7.0,529.85,34085.08,2023-11-18,1,1.0
INV-2022-0089,2022-12-26,12,2023-03-16,Net 80,80,USD,V019,Pioneer Marketing Co,"5261 Venture Blvd, Miami, AZ 19348",billing@pioneer-marketing.com,CW-3276360,Manufacturing,SmartInvoiceInc,"100 Commerce Blvd, Dallas, TX 75201",1,49940.25,7.5,3745.52,147591.3,2023-03-16,0,1.0
INV-2023-0045,2022-09-28,9,2022-09-29,Net 1,1,USD,V099,Pioneer Works Corp,"1600 Industrial Dr, Los Angeles, GA 29426",billing@pioneer-works.com,RJ-1066150,Technology,SmartInvoiceInc,"100 Commerce Blvd, Dallas, TX 75201",1,8148.78,9.0,733.39,36727.66,2022-09-29,0,1.0
INV-2024-0274,2024-09-20,9,2024-12-07,Net 78,78,USD,V055,Beacon Security Co,"2126 Tech Park Way, Dallas, OH 69383",billing@beacon-security.com,JE-4757974,Manufacturing,SmartInvoiceInc,"100 Commerce Blvd, Dallas, TX 75201",1,6210.46,7.0,434.73,1.0,2024-12-30,1,1.0
INV-2024-0029,2021-12-22,12,2022-02-28,Net 68,68,USD,V070,Swift Logistics Inc,"1954 Business Pkwy, Miami, NY 73374",billing@swift-logistics.com,UO-1318408,Healthcare,SmartInvoiceInc,"100 Commerce Blvd, Dallas, TX 75201",13,17686.01,6.25,1105.38,81482.73,2022-03-02,1,1.0
INV-2023-0089,2025-05-21,5,2025-08-19,Net 90,90,USD,V019,Pioneer Marketing Co,"5261 Venture Blvd, Miami, AZ 19348",billing@pioneer-marketing.com,CW-3276360,Manufacturing,SmartInvoiceInc,"100 Commerce Blvd, Dallas, TX 75201",1,28723.99,7.0,2010.68,28097.17,2025-08-19,0,1.0
INV-2023-0118,2024-03-30,3,2024-03-31,Net 1,1,USD,V020,Titan Systems LLC,"2639 Commerce Blvd, New York, GA 31677",billing@titan-systems.com,MH-7646705,Services,SmartInvoiceInc,"100 Commerce Blvd, Dallas, TX 75201",27,1690.04,7.0,118.3,47397.44,2024-05-06,1,1.0
INV-2022-0112,2021-01-01,1,2021-01-27,Net 26,26,USD,V019,Pioneer Marketing Co,"5261 Venture Blvd, Miami, AZ 19348",billing@pioneer-marketing.com,CW-3276360,Manufacturing,SmartInvoiceInc,"100 Commerce Blvd, Dallas, TX 75201",4,49773.36,8.25,4106.3,20663.44,2021-01-27,0,1.0
INV-2022-0069,2021-10-18,10,2021-10-19,Net 1,1,USD,V071,Pinnacle Supplies Inc,"8493 Market St, Atlanta, IL 23224",billing@pinnacle-supplies.com,CT-2017433,Services,SmartInvoiceInc,"100 Commerce Blvd, Dallas, TX 75201",12,20579.44,8.25,1697.8,19679.49,2021-11-13,1,1.0
INV-2024-0198,2024-10-27,10,2024-11-25,Net 29,29,USD,V069,Titan Security Corp,"1892 Enterprise Ave, San Francisco, AZ 11645",billing@titan-security.com,DV-7671318,Technology,SmartInvoiceInc,"100 Commerce Blvd, Dallas, TX 75201",1,42328.11,8.25,3492.07,1.0,2024-12-19,1,1.0
INV-2023-0068,2022-06-11,6,2022-09-02,Net 83,83,USD,V014,Swift Parts Inc,"3067 Tech Park Way, Dallas, NY 95999",billing@swift-parts.com,DR-1070640,Healthcare,SmartInvoiceInc,"100 Commerce Blvd, Dallas, TX 75201",1,4982.69,7.5,373.7,1.0,2022-09-02,0,1.0
INV-2023-0176,2023-09-01,9,2023-09-22,Net 21,21,USD,V017,Nexus Labs Group,"817 Market St, Austin, AZ 15486",billing@nexus-labs.com,PU-8990340,Services,SmartInvoiceInc,"100 Commerce Blvd, Dallas, TX 75201",40,8937.89,6.25,558.62,220200.84,2023-09-22,0,1.0
INV-2023-0108,2023-10-27,10,2024-01-25,Net 90,90,USD,V032,Pacific Logistics Inc,"7549 Trade Center Dr, New York, TX 56540",billing@pacific-logistics.com,AB-8153768,Services,SmartInvoiceInc,"100 Commerce Blvd, Dallas, TX 75201",1,39198.1,8.0,3135.85,77318.85,2024-01-25,0,1.0
INV-2023-0016,2024-03-24,3,2024-03-28,Net 4,4,USD,V086,Swift Consulting Group,"6909 Venture Blvd, Houston, GA 84532",billing@swift-consulting.com,KF-2014929,Healthcare,SmartInvoiceInc,"100 Commerce Blvd, Dallas, TX 75201",37,17230.09,8.0,1378.41,1.0,2024-05-12,1,1.0
INV-2023-0033,2022-03-15,3,2022-03-26,Net 11,11,USD,V001,Metro Legal Co,"5791 Enterprise Ave, Miami, FL 64021",billing@metro-legal.com,MT-6143901,Services,SmartInvoiceInc,"100 Commerce Blvd, Dallas, TX 75201",14,7605.47,8.5,646.46,136619.58,2022-04-17,1,1.0
INV-2022-0163,2021-01-01,1,2021-03-11,Net 69,69,USD,V018,Beacon Partners Group,"7292 Market St, San Francisco, FL 70566",billing@beacon-partners.com,PY-1787494,Healthcare,SmartInvoiceInc,"100 Commerce Blvd, Dallas, TX 75201",23,4440.45,8.0,355.24,35418.88,2021-03-11,0,1.0
INV-2024-0009,2024-08-17,8,2024-08-18,Net 1,1,USD,V039,Elite Labs Group,"237 Innovation Rd, Dallas, AZ 29963",billing@elite-labs.com,TX-2849396,Manufacturing,SmartInvoiceInc,"100 Commerce Blvd, Dallas, TX 75201",14,43464.99,8.5,3694.52,112065.3,2024-08-18,0,1.0
INV-2023-0206,2022-04-25,4,2022-07-24,Net 90,90,USD,V034,Summit Ventures Co,"4909 Venture Blvd, Austin, TX 66397",billing@summit-ventures.com,IN-7195200,Services,SmartInvoiceInc,"100 Commerce Blvd, Dallas, TX 75201",1,5076.25,8.5,431.48,1.0,2022-07-24,0,1.0
INV-2023-0203,2024-08-28,8,2024-11-03,Net 67,67,USD,V009,Nexus Cloud Inc,"9187 Market St, Chicago, CA 21938",billing@nexus-cloud.com,AA-2404330,Healthcare,SmartInvoiceInc,"100 Commerce Blvd, Dallas, TX 75201",14,12577.77,9.0,1132.0,1665.63,2024-11-03,0,1.0
INV-2024-0125,2025-11-09,11,2026-02-07,Net 90,90,USD,V082,Acme Labs Inc,"2298 Enterprise Ave, Austin, NY 23859",billing@acme-labs.com,RB-3008960,Healthcare,SmartInvoiceInc,"100 Commerce Blvd, Dallas, TX 75201",1,17728.57,8.0,1418.29,167336.48,2026-02-07,0,1.0
INV-2022-0050,2021-11-04,11,2021-11-21,Net 17,17,USD,V064,Swift Labs Inc,"6128 Market St, Chicago, FL 50631",billing@swift-labs.com,OH-7356228,Healthcare,SmartInvoiceInc,"100 Commerce Blvd, Dallas, TX 75201",4,8451.36,8.5,718.37,45864.28,2021-11-21,0,1.0
INV-2024-0246,2025-12-31,12,2026-02-08,Net 39,39,USD,V023,Titan Marketing LLC,"6077 Tech Park Way, Miami, NY 96188",billing@titan-marketing.com,MR-5984445,Manufacturing,SmartInvoiceInc,"100 Commerce Blvd, Dallas, TX 75201",12,11900.8,9.0,1071.07,62577.13,2026-03-04,1,1.0
INV-2022-0141,2021-01-24,1,2021-03-04,Net 39,39,USD,V089,Delta Energy Group,"6236 Enterprise Ave, Miami, AZ 69052",billing@delta-energy.com,QZ-9752084,Retail,SmartInvoiceInc,"100 Commerce Blvd, Dallas, TX 75201",21,16123.84,8.0,1289.91,67050.81,2021-03-04,0,1.0
INV-2022-0159,2021-01-01,1,2021-01-02,Net 1,1,USD,V050,Alpha Logistics Inc,"1560 Business Pkwy, San Francisco, OH 11605",billing@alpha-logistics.com,WP-3255363,Services,SmartInvoiceInc,"100 Commerce Blvd, Dallas, TX 75201",1,38310.9,9.0,3447.98,59433.76,2021-01-12,1,1.0
INV-2023-0097,2021-03-04,3,2021-03-05,Net 1,1,USD,V079,Alpha Partners Inc,"6054 Innovation Rd, Miami, WA 66373",billing@alpha-partners.com,YO-4185714,Technology,SmartInvoiceInc,"100 Commerce Blvd, Dallas, TX 75201",1,49175.37,8.0,3934.03,46984.26,2021-04-15,1,1.0
INV-2022-0232,2022-02-03,2,2022-02-04,Net 1,1,USD,V095,Pacific Supplies Group,"2422 Enterprise Ave, Dallas, TX 59481",billing@pacific-supplies.com,YW-8599600,Retail,SmartInvoiceInc,"100 Commerce Blvd, Dallas, TX 75201",21,34005.18,8.5,2890.44,1.0,2022-02-04,0,1.0
INV-2022-0124,2022-12-01,12,2022-12-02,Net 1,1,USD,V045,Apex Freight Co,"6909 Innovation Rd, Austin, GA 15122",billing@apex-freight.com,OW-4708654,Retail,SmartInvoiceInc,"100 Commerce Blvd, Dallas, TX 75201",1,10943.01,8.0,875.44,45378.11,2022-12-02,0,1.0
INV-2023-0218,2023-07-14,7,2023-07-15,Net 1,1,USD,V070,Swift Logistics Inc,"1954 Business Pkwy, Miami, NY 73374",billing@swift-logistics.com,UO-1318408,Healthcare,SmartInvoiceInc,"100 Commerce Blvd, Dallas, TX 75201",27,23286.29,7.5,1746.47,55566.85,2023-07-15,0,1.0
INV-2022-0120,2021-01-01,1,2021-01-02,Net 1,1,USD,V086,Swift Consulting Group,"6909 Venture Blvd, Houston, GA 84532",billing@swift-consulting.com,KF-2014929,Healthcare,SmartInvoiceInc,"100 Commerce Blvd, Dallas, TX 75201",1,4096.95,8.0,327.76,1.0,2021-01-02,0,1.0
INV-2023-0077,2023-06-09,6,2023-06-10,Net 1,1,USD,V017,Nexus Labs Group,"817 Market St, Austin, AZ 15486",billing@nexus-labs.com,PU-8990340,Services,SmartInvoiceInc,"100 Commerce Blvd, Dallas, TX 75201",4,27467.65,8.0,2197.41,56746.75,2023-07-04,1,1.0
INV-2024-0213,2023-11-16,11,2023-11-17,Net 1,1,USD,V017,Nexus Labs Group,"817 Market St, Austin, AZ 15486",billing@nexus-labs.com,PU-8990340,Services,SmartInvoiceInc,"100 Commerce Blvd, Dallas, TX 75201",1,38136.25,7.0,2669.54,83473.25,2023-11-30,1,1.0
INV-2023-0101,2021-07-15,7,2021-09-06,Net 53,53,USD,V083,Metro Freight Group,"3694 Venture Blvd, Houston, NY 86918",billing@metro-freight.com,LT-7193956,Technology,SmartInvoiceInc,"100 Commerce Blvd, Dallas, TX 75201",18,48834.6,7.5,3662.59,96770.61,2021-09-10,1,1.0
INV-2023-0241,2023-10-18,10,2023-12-18,Net 61,61,USD,V040,Elite Tech Co,"6369 Tech Park Way, Atlanta, GA 90719",billing@elite-tech.com,KV-2072647,Retail,SmartInvoiceInc,"100 Commerce Blvd, Dallas, TX 75201",1,13706.33,8.0,1096.51,74176.86,2023-12-18,0,1.0
INV-2023-0022,2023-02-05,2,2023-05-06,Net 90,90,USD,V077,Pioneer Data LLC,"6745 Commerce Blvd, Houston, OH 35522",billing@pioneer-data.com,DA-6517366,Services,SmartInvoiceInc,"100 Commerce Blvd, Dallas, TX 75201",26,42320.77,7.5,3174.06,1.0,2023-05-06,0,1.0
INV-2023-0242,2025-02-10,2,2025-05-08,Net 87,87,USD,V036,Delta Partners Corp,"4463 Commerce Blvd, New York, IL 34285",billing@delta-partners.com,YQ-6165679,Healthcare,SmartInvoiceInc,"100 Commerce Blvd, Dallas, TX 75201",12,3514.82,6.25,219.68,110587.68,2025-05-08,0,1.0
INV-2022-0205,2023-08-19,8,2023-08-20,Net 1,1,USD,V077,Pioneer Data LLC,"6745 Commerce Blvd, Houston, OH 35522",billing@pioneer-data.com,DA-6517366,Services,SmartInvoiceInc,"100 Commerce Blvd, Dallas, TX 75201",17,16804.27,7.5,1260.32,45129.86,2023-08-20,0,1.0
INV-2022-0125,2022-05-08,5,2022-07-23,Net 76,76,USD,V022,Acme Capital Inc,"8802 Corporate Ln, Atlanta, FL 45909",billing@acme-capital.com,SL-9415398,Services,SmartInvoiceInc,"100 Commerce Blvd, Dallas, TX 75201",45,40675.54,7.5,3050.67,139735.22,2022-07-23,0,1.0
INV-2023-0190,2024-07-30,7,2024-09-29,Net 61,61,USD,V012,Beacon Tech LLC,"517 Tech Park Way, Atlanta, GA 13267",billing@beacon-tech.com,ZU-3922097,Healthcare,SmartInvoiceInc,"100 Commerce Blvd, Dallas, TX 75201",1,34799.55,9.0,3131.96,58887.13,2024-11-13,1,1.0
INV-2023-0109,2023-12-01,12,2024-01-26,Net 56,56,USD,V012,Beacon Tech LLC,"517 Tech Park Way, Atlanta, GA 13267",billing@beacon-tech.com,ZU-3922097,Healthcare,SmartInvoiceInc,"100 Commerce Blvd, Dallas, TX 75201",1,8239.93,8.5,700.39,1.0,2024-01-26,0,1.0
INV-2023-0133,2024-11-07,11,2024-12-27,Net 50,50,USD,V045,Apex Freight Co,"6909 Innovation Rd, Austin, GA 15122",billing@apex-freight.com,OW-4708654,Retail,SmartInvoiceInc,"100 Commerce Blvd, Dallas, TX 75201",12,13405.08,7.0,938.36,1.0,2024-12-27,0,1.0
INV-2023-0186,2025-05-26,5,2025-05-29,Net 3,3,USD,V071,Pinnacle Supplies Inc,"8493 Market St, Atlanta, IL 23224",billing@pinnacle-supplies.com,CT-2017433,Services,SmartInvoiceInc,"100 Commerce Blvd, Dallas, TX 75201",14,31770.26,7.0,2223.92,1.0,2025-06-29,1,1.0
INV-2023-0175,2022-07-04,7,2022-09-10,Net 68,68,USD,V075,Titan Energy Co,"6804 Corporate Ln, Dallas, GA 12482",billing@titan-energy.com,XS-8433533,Healthcare,SmartInvoiceInc,"100 Commerce Blvd, Dallas, TX 75201",1,15174.02,8.5,1289.79,1.0,2022-10-12,1,1.0
INV-2024-0012,2024-01-28,1,2024-03-25,Net 57,57,USD,V020,Titan Systems LLC,"2639 Commerce Blvd, New York, GA 31677",billing@titan-systems.com,MH-7646705,Services,SmartInvoiceInc,"100 Commerce Blvd, Dallas, TX 75201",1,13276.33,6.25,829.77,15629.62,2024-03-25,0,1.0
INV-2023-0138,2021-01-01,1,2021-02-14,Net 44,44,USD,V039,Elite Labs Group,"237 Innovation Rd, Dallas, AZ 29963",billing@elite-labs.com,TX-2849396,Manufacturing,SmartInvoiceInc,"100 Commerce Blvd, Dallas, TX 75201",25,43451.25,8.25,3584.73,79017.62,2021-02-20,1,1.0
INV-2022-0023,2021-04-26,4,2021-05-24,Net 28,28,USD,V038,Horizon Freight Corp,"1431 Trade Center Dr, New York, TX 52318",billing@horizon-freight.com,WJ-2296516,Healthcare,SmartInvoiceInc,"100 Commerce Blvd, Dallas, TX 75201",1,6141.31,8.0,491.3,124028.52,2021-06-01,1,1.0
INV-2023-0139,2025-10-12,10,2025-10-13,Net 1,1,USD,V037,Delta Logistics Co,"4773 Tech Park Way, Miami, OH 75215",billing@delta-logistics.com,BF-1317537,Manufacturing,SmartInvoiceInc,"100 Commerce Blvd, Dallas, TX 75201",1,13645.1,7.0,955.16,1.0,2025-11-21,1,1.0
INV-2023-0025,2024-11-27,11,2025-02-25,Net 90,90,USD,V018,Beacon Partners Group,"7292 Market St, San Francisco, FL 70566",billing@beacon-partners.com,PY-1787494,Healthcare,SmartInvoiceInc,"100 Commerce Blvd, Dallas, TX 75201",1,22033.22,9.0,1982.99,23175.32,2025-03-12,1,1.0
INV-2023-0187,2023-06-23,6,2023-09-07,Net 76,76,USD,V042,Summit Capital Co,"5685 Venture Blvd, New York, IL 49749",billing@summit-capital.com,AE-3245131,Manufacturing,SmartInvoiceInc,"100 Commerce Blvd, Dallas, TX 75201",27,49952.95,9.0,4495.77,7739.67,2023-10-15,1,1.0
INV-2022-0076,2023-12-18,12,2024-02-17,Net 61,61,USD,V035,Pioneer Parts Co,"816 Market St, Dallas, TX 55543",billing@pioneer-parts.com,BH-9896761,Manufacturing,SmartInvoiceInc,"100 Commerce Blvd, Dallas, TX 75201",4,26645.37,6.25,1665.34,48830.15,2024-02-22,1,1.0
INV-2022-0131,2021-04-26,4,2021-05-27,Net 31,31,USD,V092,Pinnacle Capital Co,"7579 Commerce Blvd, Seattle, FL 84478",billing@pinnacle-capital.com,TS-6703394,Retail,SmartInvoiceInc,"100 Commerce Blvd, Dallas, TX 75201",4,41495.2,8.25,3423.35,78839.24,2021-07-11,1,1.0
INV-2022-0018,2021-01-01,1,2021-01-02,Net 1,1,USD,V027,Delta Security Inc,"6290 Trade Center Dr, Dallas, TX 78866",billing@delta-security.com,PW-6118922,Retail,SmartInvoiceInc,"100 Commerce Blvd, Dallas, TX 75201",32,7215.24,8.25,595.26,1.0,2021-01-07,1,1.0
INV-2023-0020,2025-02-08,2,2025-03-13,Net 33,33,USD,V087,Bright Energy LLC,"5575 Trade Center Dr, New York, CA 49952",billing@bright-energy.com,EY-6888997,Manufacturing,SmartInvoiceInc,"100 Commerce Blvd, Dallas, TX 75201",29,48489.8,7.0,3394.29,79027.27,2025-03-13,0,1.0
INV-2023-0047,2022-10-24,10,2022-10-25,Net 1,1,USD,V019,Pioneer Marketing Co,"5261 Venture Blvd, Miami, AZ 19348",billing@pioneer-marketing.com,CW-3276360,Manufacturing,SmartInvoiceInc,"100 Commerce Blvd, Dallas, TX 75201",7,22119.51,8.5,1880.16,9622.02,2022-11-23,1,1.0
INV-2022-0093,2022-05-23,5,2022-06-21,Net 29,29,USD,V011,Acme Legal Group,"5826 Industrial Dr, Austin, CA 37350",billing@acme-legal.com,QZ-5833177,Manufacturing,SmartInvoiceInc,"100 Commerce Blvd, Dallas, TX 75201",50,34986.1,7.5,2623.96,1.0,2022-07-30,1,1.0
INV-2023-0150,2023-10-30,10,2023-12-06,Net 37,37,USD,V095,Pacific Supplies Group,"2422 Enterprise Ave, Dallas, TX 59481",billing@pacific-supplies.com,YW-8599600,Retail,SmartInvoiceInc,"100 Commerce Blvd, Dallas, TX 75201",32,1571.46,8.0,125.72,1.0,2023-12-06,0,1.0
INV-2022-0030,2024-06-12,6,2024-06-13,Net 1,1,USD,V082,Acme Labs Inc,"2298 Enterprise Ave, Austin, NY 23859",billing@acme-labs.com,RB-3008960,Healthcare,SmartInvoiceInc,"100 Commerce Blvd, Dallas, TX 75201",1,25954.24,7.5,1946.57,70645.74,2024-06-13,0,1.0
INV-2024-0241,2024-09-17,9,2024-10-18,Net 31,31,USD,V001,Metro Legal Co,"5791 Enterprise Ave, Miami, FL 64021",billing@metro-legal.com,MT-6143901,Services,SmartInvoiceInc,"100 Commerce Blvd, Dallas, TX 75201",25,22236.97,7.5,1667.77,48834.44,2024-10-20,1,1.0
INV-2022-0160,2023-05-21,5,2023-08-08,Net 79,79,USD,V082,Acme Labs Inc,"2298 Enterprise Ave, Austin, NY 23859",billing@acme-labs.com,RB-3008960,Healthcare,SmartInvoiceInc,"100 Commerce Blvd, Dallas, TX 75201",3,29838.46,7.0,2088.69,1.0,2023-08-10,1,1.0
INV-2022-0153,2022-08-18,8,2022-11-16,Net 90,90,USD,V034,Summit Ventures Co,"4909 Venture Blvd, Austin, TX 66397",billing@summit-ventures.com,IN-7195200,Services,SmartInvoiceInc,"100 Commerce Blvd, Dallas, TX 75201",1,46463.5,7.0,3252.45,114529.82,2022-12-22,1,1.0
INV-2024-0047,2024-09-07,9,2024-09-08,Net 1,1,USD,V085,Nexus Security Inc,"3286 Commerce Blvd, Atlanta, WA 70774",billing@nexus-security.com,IV-3245909,Services,SmartInvoiceInc,"100 Commerce Blvd, Dallas, TX 75201",26,48642.13,6.25,3040.13,63910.35,2024-09-08,0,1.0
INV-2023-0252,2024-09-26,9,2024-12-25,Net 90,90,USD,V005,Apex Logistics Co,"7104 Corporate Ln, Austin, AZ 77215",billing@apex-logistics.com,SE-9744220,Retail,SmartInvoiceInc,"100 Commerce Blvd, Dallas, TX 75201",50,35126.95,9.0,3161.43,8104.71,2025-01-02,1,1.0
INV-2024-0024,2023-06-13,6,2023-07-13,Net 30,30,USD,V005,Apex Logistics Co,"7104 Corporate Ln, Austin, AZ 77215",billing@apex-logistics.com,SE-9744220,Retail,SmartInvoiceInc,"100 Commerce Blvd, Dallas, TX 75201",50,32947.74,6.25,2059.23,1.0,2023-07-16,1,1.0
INV-2024-0060,2024-09-07,9,2024-09-08,Net 1,1,USD,V052,Pinnacle Tech Corp,"8295 Business Pkwy, New York, TX 94471",billing@pinnacle-tech.com,FS-3357821,Technology,SmartInvoiceInc,"100 Commerce Blvd, Dallas, TX 75201",1,22727.37,9.0,2045.46,86833.05,2024-09-08,0,1.0
INV-2024-0036,2025-07-15,7,2025-09-05,Net 52,52,USD,V066,Global Marketing Co,"5879 Venture Blvd, Chicago, OH 22999",billing@global-marketing.com,WO-9464685,Services,SmartInvoiceInc,"100 Commerce Blvd, Dallas, TX 75201",13,25301.49,8.5,2150.63,31840.99,2025-09-05,0,1.0
INV-2023-0261,2025-02-24,2,2025-02-25,Net 1,1,USD,V046,Titan Freight Co,"3445 Venture Blvd, New York, NY 44674",billing@titan-freight.com,OY-3319049,Technology,SmartInvoiceInc,"100 Commerce Blvd, Dallas, TX 75201",15,17920.52,6.25,1120.03,20719.14,2025-02-25,0,1.0
INV-2022-0135,2025-12-11,12,2025-12-29,Net 18,18,USD,V064,Swift Labs Inc,"6128 Market St, Chicago, FL 50631",billing@swift-labs.com,OH-7356228,Healthcare,SmartInvoiceInc,"100 Commerce Blvd, Dallas, TX 75201",1,45600.46,9.0,4104.04,62347.63,2026-01-18,1,1.0
INV-2024-0159,2023-11-03,11,2023-11-04,Net 1,1,USD,V008,Apex Security LLC,"9923 Commerce Blvd, Chicago, IL 26364",billing@apex-security.com,DP-2100567,Manufacturing,SmartInvoiceInc,"100 Commerce Blvd, Dallas, TX 75201",19,22183.18,6.25,1386.45,22661.05,2023-11-04,0,1.0
INV-2022-0057,2021-01-01,1,2021-02-03,Net 33,33,USD,V009,Nexus Cloud Inc,"9187 Market St, Chicago, CA 21938",billing@nexus-cloud.com,AA-2404330,Healthcare,SmartInvoiceInc,"100 Commerce Blvd, Dallas, TX 75201",1,29330.54,8.0,2346.44,64945.44,2021-03-12,1,1.0
INV-2024-0171,2025-01-12,1,2025-01-13,Net 1,1,USD,V086,Swift Consulting Group,"6909 Venture Blvd, Houston, GA 84532",billing@swift-consulting.com,KF-2014929,Healthcare,SmartInvoiceInc,"100 Commerce Blvd, Dallas, TX 75201",14,42097.23,8.5,3578.26,7265.13,2025-02-20,1,1.0
INV-2024-0091,2023-07-18,7,2023-07-19,Net 1,1,USD,V031,Titan Capital LLC,"2971 Industrial Dr, San Francisco, GA 11015",billing@titan-capital.com,AV-9416320,Manufacturing,SmartInvoiceInc,"100 Commerce Blvd, Dallas, TX 75201",4,27297.45,6.25,1706.09,13562.66,2023-07-19,0,1.0
INV-2023-0080,2023-03-27,3,2023-03-31,Net 4,4,USD,V088,Sterling Tech Group,"1722 Enterprise Ave, Seattle, OH 71396",billing@sterling-tech.com,YF-8369434,Manufacturing,SmartInvoiceInc,"100 Commerce Blvd, Dallas, TX 75201",9,13389.95,8.0,1071.2,21851.98,2023-03-31,0,1.0
