invoice_number,invoice_date,invoice_month,due_date,net_terms,payment_due_days,currency,vendor_id,vendor_name,vendor_address,vendor_email,tax_id,vendor_category,buyer_company,buyer_address,num_line_items,subtotal,tax_rate,tax_amount,amount_due,payment_received_date,is_late
INV-2024-0197,2024-09-08,9,2024-11-07,Net 60,60,USD,V069,Titan Security Corp,"1892 Enterprise Ave, San Francisco, AZ 11645",billing@titan-security.com,DV-7671318,Technology,SmartInvoiceInc,"100 Commerce Blvd, Dallas, TX 75201",12,25854.99,8.25,2133.04,27988.03,2024-11-15,1
INV-2024-0144,2024-07-09,7,2024-08-23,Net 45,45,USD,V087,Bright Energy LLC,"5575 Trade Center Dr, New York, CA 49952",billing@bright-energy.com,EY-6888997,Manufacturing,SmartInvoiceInc,"100 Commerce Blvd, Dallas, TX 75201",1,4068.17,7.5,305.11,4373.28,2024-08-28,1
INV-2023-0257,2023-12-23,12,2024-01-07,Net 15,15,USD,V020,Titan Systems LLC,"2639 Commerce Blvd, New York, GA 31677",billing@titan-systems.com,MH-7646705,Services,SmartInvoiceInc,"100 Commerce Blvd, Dallas, TX 75201",8,17985.94,8.5,1528.8,19514.74,2024-01-07,0
INV-2022-0016,2022-01-16,1,2022-03-02,Net 45,45,USD,V052,Pinnacle Tech Corp,"8295 Business Pkwy, New York, TX 94471",billing@pinnacle-tech.com,FS-3357821,Technology,SmartInvoiceInc,"100 Commerce Blvd, Dallas, TX 75201",19,33237.85,8.0,2659.03,35896.88,2022-03-02,0
INV-2023-0096,2023-05-08,5,2023-05-23,Net 15,15,USD,V058,Alpha Parts Inc,"5515 Business Pkwy, Chicago, CO 68596",billing@alpha-parts.com,NC-1873172,Healthcare,SmartInvoiceInc,"100 Commerce Blvd, Dallas, TX 75201",5,33184.98,7.0,2322.95,35507.93,2023-06-24,1
INV-2024-0120,2024-06-12,6,2024-06-27,Net 15,15,USD,V092,Pinnacle Capital Co,"7579 Commerce Blvd, Seattle, FL 84478",billing@pinnacle-capital.com,TS-6703394,Retail,SmartInvoiceInc,"100 Commerce Blvd, Dallas, TX 75201",8,38576.55,6.25,2411.03,40987.58,2024-06-27,0
INV-2022-0207,2022-11-07,11,2022-12-07,Net 30,30,USD,V079,Alpha Partners Inc,"6054 Innovation Rd, Miami, WA 66373",billing@alpha-partners.com,YO-4185714,Technology,SmartInvoiceInc,"100 Commerce Blvd, Dallas, TX 75201",3,6508.63,8.5,553.23,7061.86,2023-01-17,1
INV-2024-0008,2024-01-09,1,2024-01-24,Net 15,15,USD,V041,Titan Tech Group,"8572 Tech Park Way, Austin, CA 38732",billing@titan-tech.com,ZS-8757202,Healthcare,SmartInvoiceInc,"100 Commerce Blvd, Dallas, TX 75201",18,16449.67,8.0,1315.97,17765.64,2024-03-04,1
INV-2023-0132,2023-06-30,6,2023-07-30,Net 30,30,USD,V002,Vanguard Supplies Group,"6899 Industrial Dr, Seattle, NY 96672",billing@vanguard-supplies.com,XS-7319707,Manufacturing,SmartInvoiceInc,"100 Commerce Blvd, Dallas, TX 75201",13,29329.92,9.0,2639.69,31969.61,2023-07-30,0
INV-2023-0038,2023-02-18,2,2023-04-19,Net 60,60,USD,V032,Pacific Logistics Inc,"7549 Trade Center Dr, New York, TX 56540",billing@pacific-logistics.com,AB-8153768,Services,SmartInvoiceInc,"100 Commerce Blvd, Dallas, TX 75201",2,6840.74,9.0,615.67,7456.41,2023-05-07,1
INV-2022-0164,2022-09-08,9,2022-09-23,Net 15,15,USD,V055,Beacon Security Co,"2126 Tech Park Way, Dallas, OH 69383",billing@beacon-security.com,JE-4757974,Manufacturing,SmartInvoiceInc,"100 Commerce Blvd, Dallas, TX 75201",8,21887.81,8.0,1751.02,23638.83,2022-10-15,1
INV-2024-0023,2024-01-29,1,2024-03-29,Net 60,60,USD,V030,Delta Solutions Group,"2879 Tech Park Way, New York, CA 66178",billing@delta-solutions.com,EO-6187480,Manufacturing,SmartInvoiceInc,"100 Commerce Blvd, Dallas, TX 75201",12,10274.79,8.5,873.36,11148.15,2024-04-19,1
INV-2024-0257,2024-11-28,11,2024-12-28,Net 30,30,USD,V099,Pioneer Works Corp,"1600 Industrial Dr, Los Angeles, GA 29426",billing@pioneer-works.com,RJ-1066150,Technology,SmartInvoiceInc,"100 Commerce Blvd, Dallas, TX 75201",7,42402.46,6.25,2650.15,45052.61,2024-12-28,0
INV-2024-0065,2024-03-24,3,2024-04-08,Net 15,15,USD,V021,Swift Ventures LLC,"9509 Enterprise Ave, San Francisco, OH 36962",billing@swift-ventures.com,HP-7243669,Retail,SmartInvoiceInc,"100 Commerce Blvd, Dallas, TX 75201",8,37535.5,8.5,3190.52,40726.02,2024-04-08,0
INV-2022-0028,2022-01-29,1,2022-03-15,Net 45,45,USD,V096,Sterling Security Corp,"5995 Enterprise Ave, Dallas, GA 64756",billing@sterling-security.com,VP-7611653,Technology,SmartInvoiceInc,"100 Commerce Blvd, Dallas, TX 75201",11,13831.9,8.0,1106.55,14938.45,2022-04-02,1
INV-2024-0174,2024-08-15,8,2024-08-30,Net 15,15,USD,V002,Vanguard Supplies Group,"6899 Industrial Dr, Seattle, NY 96672",billing@vanguard-supplies.com,XS-7319707,Manufacturing,SmartInvoiceInc,"100 Commerce Blvd, Dallas, TX 75201",15,5047.61,7.0,353.33,5400.94,2024-09-22,1
INV-2023-0083,2023-04-22,4,2023-06-21,Net 60,60,USD,V088,Sterling Tech Group,"1722 Enterprise Ave, Seattle, OH 71396",billing@sterling-tech.com,YF-8369434,Manufacturing,SmartInvoiceInc,"100 Commerce Blvd, Dallas, TX 75201",13,20964.11,8.25,1729.54,22693.65,2023-06-21,0
INV-2022-0215,2022-11-14,11,2022-12-29,Net 45,45,USD,V056,Global Works Group,"7141 Innovation Rd, Houston, FL 18512",billing@global-works.com,EI-9112074,Services,SmartInvoiceInc,"100 Commerce Blvd, Dallas, TX 75201",19,8002.68,8.5,680.23,8682.91,2022-12-29,0
INV-2022-0162,2022-09-02,9,2022-11-01,Net 60,60,USD,V025,Acme Supplies Group,"7676 Innovation Rd, Dallas, OH 77641",billing@acme-supplies.com,LM-5848287,Healthcare,SmartInvoiceInc,"100 Commerce Blvd, Dallas, TX 75201",5,8423.55,7.0,589.65,9013.2,2022-11-01,0
INV-2024-0014,2024-01-18,1,2024-02-02,Net 15,15,USD,V072,Elite Supplies LLC,"8170 Industrial Dr, Houston, TX 16783",billing@elite-supplies.com,KL-1996530,Technology,SmartInvoiceInc,"100 Commerce Blvd, Dallas, TX 75201",12,36459.85,6.25,2278.74,38738.59,2024-03-08,1
INV-2023-0236,2023-11-28,11,2024-01-27,Net 60,60,USD,V096,Sterling Security Corp,"5995 Enterprise Ave, Dallas, GA 64756",billing@sterling-security.com,VP-7611653,Technology,SmartInvoiceInc,"100 Commerce Blvd, Dallas, TX 75201",10,33049.24,6.25,2065.58,35114.82,2024-01-27,0
INV-2022-0176,2022-09-29,9,2022-11-13,Net 45,45,USD,V046,Titan Freight Co,"3445 Venture Blvd, New York, NY 44674",billing@titan-freight.com,OY-3319049,Technology,SmartInvoiceInc,"100 Commerce Blvd, Dallas, TX 75201",2,18091.54,8.25,1492.55,19584.09,2022-11-13,0
INV-2023-0005,2023-01-12,1,2023-02-11,Net 30,30,USD,V036,Delta Partners Corp,"4463 Commerce Blvd, New York, IL 34285",billing@delta-partners.com,YQ-6165679,Healthcare,SmartInvoiceInc,"100 Commerce Blvd, Dallas, TX 75201",10,38169.04,8.5,3244.37,41413.41,2023-02-11,0
INV-2022-0173,2022-09-23,9,2022-10-23,Net 30,30,USD,V078,Beacon Legal LLC,"1581 Tech Park Way, Houston, TX 91974",billing@beacon-legal.com,RG-8449607,Technology,SmartInvoiceInc,"100 Commerce Blvd, Dallas, TX 75201",2,38054.48,8.0,3044.36,41098.84,2022-11-23,1
INV-2024-0149,2024-07-14,7,2024-09-12,Net 60,60,USD,V070,Swift Logistics Inc,"1954 Business Pkwy, Miami, NY 73374",billing@swift-logistics.com,UO-1318408,Healthcare,SmartInvoiceInc,"100 Commerce Blvd, Dallas, TX 75201",19,49818.55,8.0,3985.48,53804.03,2024-09-16,1
INV-2024-0145,2024-07-09,7,2024-08-08,Net 30,30,USD,V020,Titan Systems LLC,"2639 Commerce Blvd, New York, GA 31677",billing@titan-systems.com,MH-7646705,Services,SmartInvoiceInc,"100 Commerce Blvd, Dallas, TX 75201",3,7322.23,8.5,622.39,7944.62,2024-08-08,0
INV-2022-0233,2022-12-06,12,2023-01-05,Net 30,30,USD,V021,Swift Ventures LLC,"9509 Enterprise Ave, San Francisco, OH 36962",billing@swift-ventures.com,HP-7243669,Retail,SmartInvoiceInc,"100 Commerce Blvd, Dallas, TX 75201",6,8760.81,8.0,700.86,9461.67,2023-01-05,0
INV-2023-0018,2023-01-24,1,2023-02-08,Net 15,15,USD,V020,Titan Systems LLC,"2639 Commerce Blvd, New York, GA 31677",billing@titan-systems.com,MH-7646705,Services,SmartInvoiceInc,"100 Commerce Blvd, Dallas, TX 75201",7,24308.16,8.5,2066.19,26374.35,2023-02-08,0
INV-2023-0153,2023-07-31,7,2023-08-30,Net 30,30,USD,V080,Vanguard Legal Group,"3154 Innovation Rd, Houston, NY 44911",billing@vanguard-legal.com,XN-8021855,Services,SmartInvoiceInc,"100 Commerce Blvd, Dallas, TX 75201",20,28252.67,8.5,2401.48,30654.15,2023-08-30,0
INV-2022-0004,2022-01-03,1,2022-02-02,Net 30,30,USD,V030,Delta Solutions Group,"2879 Tech Park Way, New York, CA 66178",billing@delta-solutions.com,EO-6187480,Manufacturing,SmartInvoiceInc,"100 Commerce Blvd, Dallas, TX 75201",19,13856.13,8.0,1108.49,14964.62,2022-02-21,1
INV-2023-0004,2023-01-11,1,2023-03-12,Net 60,60,USD,V022,Acme Capital Inc,"8802 Corporate Ln, Atlanta, FL 45909",billing@acme-capital.com,SL-9415398,Services,SmartInvoiceInc,"100 Commerce Blvd, Dallas, TX 75201",13,37423.3,7.0,2619.63,40042.93,2023-03-12,0
INV-2022-0219,2022-11-20,11,2023-01-19,Net 60,60,USD,V031,Titan Capital LLC,"2971 Industrial Dr, San Francisco, GA 11015",billing@titan-capital.com,AV-9416320,Manufacturing,SmartInvoiceInc,"100 Commerce Blvd, Dallas, TX 75201",19,22289.85,8.0,1783.19,24073.04,2023-02-21,1
INV-2022-0104,2022-05-26,5,2022-07-10,Net 45,45,USD,V018,Beacon Partners Group,"7292 Market St, San Francisco, FL 70566",billing@beacon-partners.com,PY-1787494,Healthcare,SmartInvoiceInc,"100 Commerce Blvd, Dallas, TX 75201",20,3595.84,8.0,287.67,3883.51,2022-07-10,0
INV-2022-0190,2022-10-20,10,2022-11-04,Net 15,15,USD,V075,Titan Energy Co,"6804 Corporate Ln, Dallas, GA 12482",billing@titan-energy.com,XS-8433533,Healthcare,SmartInvoiceInc,"100 Commerce Blvd, Dallas, TX 75201",13,9087.26,8.5,772.42,9859.68,2022-11-04,0
INV-2023-0055,2023-03-08,3,2023-04-22,Net 45,45,USD,V047,Elite Energy Inc,"6329 Venture Blvd, Atlanta, TX 13596",billing@elite-energy.com,TY-1467010,Technology,SmartInvoiceInc,"100 Commerce Blvd, Dallas, TX 75201",15,20790.29,8.5,1767.17,22557.46,2023-04-22,0
INV-2023-0245,2023-12-06,12,2024-01-05,Net 30,30,USD,V009,Nexus Cloud Inc,"9187 Market St, Chicago, CA 21938",billing@nexus-cloud.com,AA-2404330,Healthcare,SmartInvoiceInc,"100 Commerce Blvd, Dallas, TX 75201",16,10545.35,8.0,843.63,11388.98,2024-01-08,1
INV-2024-0164,2024-08-06,8,2024-09-20,Net 45,45,USD,V077,Pioneer Data LLC,"6745 Commerce Blvd, Houston, OH 35522",billing@pioneer-data.com,DA-6517366,Services,SmartInvoiceInc,"100 Commerce Blvd, Dallas, TX 75201",17,29497.6,8.5,2507.3,32004.9,2024-10-07,1
INV-2023-0160,2023-08-08,8,2023-08-23,Net 15,15,USD,V051,Summit Cloud Inc,"8534 Innovation Rd, San Francisco, FL 19111",billing@summit-cloud.com,FB-8643603,Retail,SmartInvoiceInc,"100 Commerce Blvd, Dallas, TX 75201",19,13335.19,8.5,1133.49,14468.68,2023-08-28,1
INV-2023-0026,2023-02-03,2,2023-04-04,Net 60,60,USD,V093,Delta Labs Corp,"7201 Industrial Dr, Atlanta, AZ 11524",billing@delta-labs.com,II-7984720,Technology,SmartInvoiceInc,"100 Commerce Blvd, Dallas, TX 75201",5,24304.85,8.25,2005.15,26310.0,2023-04-04,0
INV-2024-0069,2024-03-27,3,2024-05-26,Net 60,60,USD,V005,Apex Logistics Co,"7104 Corporate Ln, Austin, AZ 77215",billing@apex-logistics.com,SE-9744220,Retail,SmartInvoiceInc,"100 Commerce Blvd, Dallas, TX 75201",6,31742.95,8.5,2698.15,34441.1,2024-05-26,0
INV-2024-0178,2024-08-21,8,2024-09-05,Net 15,15,USD,V035,Pioneer Parts Co,"816 Market St, Dallas, TX 55543",billing@pioneer-parts.com,BH-9896761,Manufacturing,SmartInvoiceInc,"100 Commerce Blvd, Dallas, TX 75201",4,38392.89,8.5,3263.4,41656.29,2024-10-19,1
INV-2022-0127,2022-07-06,7,2022-07-21,Net 15,15,USD,V060,Elite Parts Co,"6665 Commerce Blvd, Miami, TX 29096",billing@elite-parts.com,QA-4681262,Manufacturing,SmartInvoiceInc,"100 Commerce Blvd, Dallas, TX 75201",20,33019.28,8.0,2641.54,35660.82,2022-08-14,1
INV-2022-0048,2022-03-02,3,2022-04-01,Net 30,30,USD,V030,Delta Solutions Group,"2879 Tech Park Way, New York, CA 66178",billing@delta-solutions.com,EO-6187480,Manufacturing,SmartInvoiceInc,"100 Commerce Blvd, Dallas, TX 75201",7,12725.45,8.0,1018.04,13743.49,2022-04-01,0
INV-2024-0155,2024-07-27,7,2024-09-25,Net 60,60,USD,V010,Prime Cloud Group,"8102 Commerce Blvd, Dallas, WA 79449",billing@prime-cloud.com,KL-3248988,Healthcare,SmartInvoiceInc,"100 Commerce Blvd, Dallas, TX 75201",16,38090.21,7.0,2666.31,40756.52,2024-09-25,0
INV-2023-0248,2023-12-11,12,2024-02-09,Net 60,60,USD,V070,Swift Logistics Inc,"1954 Business Pkwy, Miami, NY 73374",billing@swift-logistics.com,UO-1318408,Healthcare,SmartInvoiceInc,"100 Commerce Blvd, Dallas, TX 75201",9,24634.77,7.5,1847.61,26482.38,2024-03-23,1
INV-2024-0063,2024-03-17,3,2024-04-01,Net 15,15,USD,V057,Pioneer Consulting Inc,"1704 Industrial Dr, San Francisco, WA 80792",billing@pioneer-consulting.com,BL-2384418,Services,SmartInvoiceInc,"100 Commerce Blvd, Dallas, TX 75201",4,16101.88,7.5,1207.64,17309.52,2024-04-16,1
INV-2022-0010,2022-01-11,1,2022-03-12,Net 60,60,USD,V082,Acme Labs Inc,"2298 Enterprise Ave, Austin, NY 23859",billing@acme-labs.com,RB-3008960,Healthcare,SmartInvoiceInc,"100 Commerce Blvd, Dallas, TX 75201",11,48188.02,9.0,4336.92,52524.94,2022-03-12,0
INV-2024-0273,2024-12-21,12,2025-01-20,Net 30,30,USD,V021,Swift Ventures LLC,"9509 Enterprise Ave, San Francisco, OH 36962",billing@swift-ventures.com,HP-7243669,Retail,SmartInvoiceInc,"100 Commerce Blvd, Dallas, TX 75201",12,39491.79,8.5,3356.8,42848.59,2025-01-20,0
INV-2022-0150,2022-08-14,8,2022-08-29,Net 15,15,USD,V058,Alpha Parts Inc,"5515 Business Pkwy, Chicago, CO 68596",billing@alpha-parts.com,NC-1873172,Healthcare,SmartInvoiceInc,"100 Commerce Blvd, Dallas, TX 75201",18,7675.77,9.0,690.82,8366.59,2022-09-22,1
INV-2023-0145,2023-07-18,7,2023-09-01,Net 45,45,USD,V049,Global Freight Corp,"2572 Enterprise Ave, New York, FL 64553",billing@global-freight.com,BX-2314532,Technology,SmartInvoiceInc,"100 Commerce Blvd, Dallas, TX 75201",19,48614.26,8.0,3889.14,52503.4,2023-10-12,1
INV-2024-0033,2024-02-11,2,2024-03-12,Net 30,30,USD,V033,Nexus Tech Inc,"504 Corporate Ln, New York, TX 70100",billing@nexus-tech.com,EF-4196340,Healthcare,SmartInvoiceInc,"100 Commerce Blvd, Dallas, TX 75201",4,21190.5,6.25,1324.41,22514.91,2024-03-12,0
INV-2024-0108,2024-06-03,6,2024-06-18,Net 15,15,USD,V033,Nexus Tech Inc,"504 Corporate Ln, New York, TX 70100",billing@nexus-tech.com,EF-4196340,Healthcare,SmartInvoiceInc,"100 Commerce Blvd, Dallas, TX 75201",2,20496.9,7.5,1537.27,22034.17,2024-07-10,1
INV-2022-0151,2022-08-14,8,2022-08-29,Net 15,15,USD,V049,Global Freight Corp,"2572 Enterprise Ave, New York, FL 64553",billing@global-freight.com,BX-2314532,Technology,SmartInvoiceInc,"100 Commerce Blvd, Dallas, TX 75201",2,4545.4,8.5,386.36,4931.76,2022-08-29,0
INV-2024-0075,2024-04-04,4,2024-04-19,Net 15,15,USD,V074,Summit Systems LLC,"5688 Commerce Blvd, Miami, TX 56163",billing@summit-systems.com,IQ-3412149,Retail,SmartInvoiceInc,"100 Commerce Blvd, Dallas, TX 75201",5,47312.06,6.25,2957.0,50269.06,2024-04-19,0
INV-2022-0146,2022-08-06,8,2022-10-05,Net 60,60,USD,V098,Titan Supplies Co,"3257 Venture Blvd, Miami, IL 34070",billing@titan-supplies.com,IS-9593223,Manufacturing,SmartInvoiceInc,"100 Commerce Blvd, Dallas, TX 75201",16,23278.03,9.0,2095.02,25373.05,2022-10-05,0
INV-2024-0154,2024-07-25,7,2024-09-08,Net 45,45,USD,V088,Sterling Tech Group,"1722 Enterprise Ave, Seattle, OH 71396",billing@sterling-tech.com,YF-8369434,Manufacturing,SmartInvoiceInc,"100 Commerce Blvd, Dallas, TX 75201",8,6040.83,7.5,453.06,6493.89,2024-09-08,0
INV-2024-0020,2024-01-23,1,2024-03-08,Net 45,45,USD,V064,Swift Labs Inc,"6128 Market St, Chicago, FL 50631",billing@swift-labs.com,OH-7356228,Healthcare,SmartInvoiceInc,"100 Commerce Blvd, Dallas, TX 75201",17,10467.51,9.0,942.08,11409.59,2024-03-08,0
INV-2023-0105,2023-05-21,5,2023-07-05,Net 45,45,USD,V026,Titan Partners Co,"5010 Enterprise Ave, New York, IL 71642",billing@titan-partners.com,ED-1423570,Retail,SmartInvoiceInc,"100 Commerce Blvd, Dallas, TX 75201",4,37959.2,8.5,3226.53,41185.73,2023-08-14,1
INV-2022-0168,2022-09-16,9,2022-10-31,Net 45,45,USD,V085,Nexus Security Inc,"3286 Commerce Blvd, Atlanta, WA 70774",billing@nexus-security.com,IV-3245909,Services,SmartInvoiceInc,"100 Commerce Blvd, Dallas, TX 75201",20,43593.63,7.5,3269.52,46863.15,2022-10-31,0
INV-2022-0045,2022-02-23,2,2022-03-25,Net 30,30,USD,V040,Elite Tech Co,"6369 Tech Park Way, Atlanta, GA 90719",billing@elite-tech.com,KV-2072647,Retail,SmartInvoiceInc,"100 Commerce Blvd, Dallas, TX 75201",17,1844.79,6.25,115.3,1960.09,2022-03-28,1
INV-2024-0264,2024-12-06,12,2025-02-04,Net 60,60,USD,V072,Elite Supplies LLC,"8170 Industrial Dr, Houston, TX 16783",billing@elite-supplies.com,KL-1996530,Technology,SmartInvoiceInc,"100 Commerce Blvd, Dallas, TX 75201",1,19841.05,7.5,1488.08,21329.13,2025-02-27,1
INV-2023-0262,2023-12-28,12,2024-02-11,Net 45,45,USD,V089,Delta Energy Group,"6236 Enterprise Ave, Miami, AZ 69052",billing@delta-energy.com,QZ-9752084,Retail,SmartInvoiceInc,"100 Commerce Blvd, Dallas, TX 75201",18,5123.69,8.25,422.7,5546.39,2024-02-11,0
INV-2023-0229,2023-11-20,11,2023-12-20,Net 30,30,USD,V012,Beacon Tech LLC,"517 Tech Park Way, Atlanta, GA 13267",billing@beacon-tech.com,ZU-3922097,Healthcare,SmartInvoiceInc,"100 Commerce Blvd, Dallas, TX 75201",8,14713.33,8.0,1177.07,15890.4,2023-12-20,0
INV-2024-0248,2024-11-09,11,2025-01-08,Net 60,60,USD,V085,Nexus Security Inc,"3286 Commerce Blvd, Atlanta, WA 70774",billing@nexus-security.com,IV-3245909,Services,SmartInvoiceInc,"100 Commerce Blvd, Dallas, TX 75201",9,20100.54,8.5,1708.55,21809.09,2025-01-08,0
INV-2023-0040,2023-02-23,2,2023-04-24,Net 60,60,USD,V042,Summit Capital Co,"5685 Venture Blvd, New York, IL 49749",billing@summit-capital.com,AE-3245131,Manufacturing,SmartInvoiceInc,"100 Commerce Blvd, Dallas, TX 75201",20,28112.1,7.0,1967.85,30079.95,2023-04-27,1
INV-2023-0230,2023-11-21,11,2024-01-05,Net 45,45,USD,V003,Global Logistics LLC,"9032 Venture Blvd, San Francisco, GA 11150",billing@global-logistics.com,IL-7095929,Manufacturing,SmartInvoiceInc,"100 Commerce Blvd, Dallas, TX 75201",18,8858.28,8.5,752.95,9611.23,2024-01-06,1
INV-2024-0088,2024-04-29,4,2024-05-14,Net 15,15,USD,V008,Apex Security LLC,"9923 Commerce Blvd, Chicago, IL 26364",billing@apex-security.com,DP-2100567,Manufacturing,SmartInvoiceInc,"100 Commerce Blvd, Dallas, TX 75201",16,8029.16,8.0,642.33,8671.49,2024-05-14,0
INV-2022-0049,2022-03-03,3,2022-05-02,Net 60,60,USD,V019,Pioneer Marketing Co,"5261 Venture Blvd, Miami, AZ 19348",billing@pioneer-marketing.com,CW-3276360,Manufacturing,SmartInvoiceInc,"100 Commerce Blvd, Dallas, TX 75201",9,40278.38,8.5,3423.66,43702.04,2022-05-03,1
INV-2022-0143,2022-08-04,8,2022-08-19,Net 15,15,USD,V063,Bright Capital Inc,"1050 Commerce Blvd, Los Angeles, OH 69201",billing@bright-capital.com,JE-8583354,Manufacturing,SmartInvoiceInc,"100 Commerce Blvd, Dallas, TX 75201",13,16489.05,8.0,1319.12,17808.17,2022-08-19,0
INV-2022-0005,2022-01-03,1,2022-02-17,Net 45,45,USD,V095,Pacific Supplies Group,"2422 Enterprise Ave, Dallas, TX 59481",billing@pacific-supplies.com,YW-8599600,Retail,SmartInvoiceInc,"100 Commerce Blvd, Dallas, TX 75201",5,28207.91,6.25,1762.99,29970.9,2022-03-09,1
INV-2022-0117,2022-06-09,6,2022-07-09,Net 30,30,USD,V034,Summit Ventures Co,"4909 Venture Blvd, Austin, TX 66397",billing@summit-ventures.com,IN-7195200,Services,SmartInvoiceInc,"100 Commerce Blvd, Dallas, TX 75201",5,48686.14,8.0,3894.89,52581.03,2022-07-09,0
INV-2024-0039,2024-02-20,2,2024-03-21,Net 30,30,USD,V050,Alpha Logistics Inc,"1560 Business Pkwy, San Francisco, OH 11605",billing@alpha-logistics.com,WP-3255363,Services,SmartInvoiceInc,"100 Commerce Blvd, Dallas, TX 75201",19,38099.33,6.25,2381.21,40480.54,2024-05-04,1
INV-2024-0119,2024-06-11,6,2024-06-26,Net 15,15,USD,V073,Acme Systems Group,"3672 Innovation Rd, Dallas, TX 47148",billing@acme-systems.com,KV-6786265,Retail,SmartInvoiceInc,"100 Commerce Blvd, Dallas, TX 75201",2,41053.13,8.0,3284.25,44337.38,2024-07-22,1
INV-2022-0223,2022-11-25,11,2023-01-24,Net 60,60,USD,V021,Swift Ventures LLC,"9509 Enterprise Ave, San Francisco, OH 36962",billing@swift-ventures.com,HP-7243669,Retail,SmartInvoiceInc,"100 Commerce Blvd, Dallas, TX 75201",1,12373.77,8.0,989.9,13363.67,2023-01-24,0
INV-2023-0156,2023-08-03,8,2023-09-17,Net 45,45,USD,V051,Summit Cloud Inc,"8534 Innovation Rd, San Francisco, FL 19111",billing@summit-cloud.com,FB-8643603,Retail,SmartInvoiceInc,"100 Commerce Blvd, Dallas, TX 75201",18,37566.9,6.25,2347.93,39914.83,2023-09-17,0
INV-2024-0165,2024-08-09,8,2024-08-24,Net 15,15,USD,V022,Acme Capital Inc,"8802 Corporate Ln, Atlanta, FL 45909",billing@acme-capital.com,SL-9415398,Services,SmartInvoiceInc,"100 Commerce Blvd, Dallas, TX 75201",5,40406.7,8.5,3434.57,43841.27,2024-08-24,0
INV-2023-0195,2023-09-27,9,2023-10-12,Net 15,15,USD,V035,Pioneer Parts Co,"816 Market St, Dallas, TX 55543",billing@pioneer-parts.com,BH-9896761,Manufacturing,SmartInvoiceInc,"100 Commerce Blvd, Dallas, TX 75201",20,37095.09,7.0,2596.66,39691.75,2023-11-21,1
INV-2024-0204,2024-09-14,9,2024-10-29,Net 45,45,USD,V028,Pioneer Systems LLC,"5163 Business Pkwy, Chicago, IL 39703",billing@pioneer-systems.com,ZD-7655623,Manufacturing,SmartInvoiceInc,"100 Commerce Blvd, Dallas, TX 75201",7,8773.03,8.0,701.84,9474.87,2024-11-06,1
INV-2024-0146,2024-07-09,7,2024-09-07,Net 60,60,USD,V087,Bright Energy LLC,"5575 Trade Center Dr, New York, CA 49952",billing@bright-energy.com,EY-6888997,Manufacturing,SmartInvoiceInc,"100 Commerce Blvd, Dallas, TX 75201",3,34860.45,6.25,2178.78,37039.23,2024-09-22,1
INV-2024-0005,2024-01-08,1,2024-01-23,Net 15,15,USD,V063,Bright Capital Inc,"1050 Commerce Blvd, Los Angeles, OH 69201",billing@bright-capital.com,JE-8583354,Manufacturing,SmartInvoiceInc,"100 Commerce Blvd, Dallas, TX 75201",3,38276.19,8.25,3157.79,41433.98,2024-01-23,0
INV-2022-0123,2022-06-19,6,2022-08-18,Net 60,60,USD,V014,Swift Parts Inc,"3067 Tech Park Way, Dallas, NY 95999",billing@swift-parts.com,DR-1070640,Healthcare,SmartInvoiceInc,"100 Commerce Blvd, Dallas, TX 75201",12,12021.78,6.25,751.36,12773.14,2022-08-18,0
INV-2023-0120,2023-06-05,6,2023-07-20,Net 45,45,USD,V077,Pioneer Data LLC,"6745 Commerce Blvd, Houston, OH 35522",billing@pioneer-data.com,DA-6517366,Services,SmartInvoiceInc,"100 Commerce Blvd, Dallas, TX 75201",18,32713.04,8.5,2780.61,35493.65,2023-07-20,0
INV-2022-0038,2022-02-09,2,2022-03-26,Net 45,45,USD,V023,Titan Marketing LLC,"6077 Tech Park Way, Miami, NY 96188",billing@titan-marketing.com,MR-5984445,Manufacturing,SmartInvoiceInc,"100 Commerce Blvd, Dallas, TX 75201",2,22629.25,8.5,1923.49,24552.74,2022-04-03,1
INV-2024-0167,2024-08-12,8,2024-09-26,Net 45,45,USD,V062,Vanguard Security LLC,"5667 Market St, Dallas, FL 35053",billing@vanguard-security.com,GD-7867100,Technology,SmartInvoiceInc,"100 Commerce Blvd, Dallas, TX 75201",19,48851.62,8.5,4152.39,53004.01,2024-09-26,0
INV-2024-0200,2024-09-10,9,2024-11-09,Net 60,60,USD,V025,Acme Supplies Group,"7676 Innovation Rd, Dallas, OH 77641",billing@acme-supplies.com,LM-5848287,Healthcare,SmartInvoiceInc,"100 Commerce Blvd, Dallas, TX 75201",14,45944.79,9.0,4135.03,50079.82,2024-11-28,1
INV-2024-0192,2024-09-01,9,2024-10-16,Net 45,45,USD,V051,Summit Cloud Inc,"8534 Innovation Rd, San Francisco, FL 19111",billing@summit-cloud.com,FB-8643603,Retail,SmartInvoiceInc,"100 Commerce Blvd, Dallas, TX 75201",10,35116.11,8.0,2809.29,37925.4,2024-10-23,1
INV-2022-0036,2022-02-07,2,2022-03-24,Net 45,45,USD,V078,Beacon Legal LLC,"1581 Tech Park Way, Houston, TX 91974",billing@beacon-legal.com,RG-8449607,Technology,SmartInvoiceInc,"100 Commerce Blvd, Dallas, TX 75201",9,15585.18,9.0,1402.67,16987.85,2022-03-24,0
INV-2022-0221,2022-11-24,11,2023-01-08,Net 45,45,USD,V019,Pioneer Marketing Co,"5261 Venture Blvd, Miami, AZ 19348",billing@pioneer-marketing.com,CW-3276360,Manufacturing,SmartInvoiceInc,"100 Commerce Blvd, Dallas, TX 75201",20,6072.73,8.5,516.18,6588.91,2023-02-13,1
INV-2024-0133,2024-07-02,7,2024-07-17,Net 15,15,USD,V040,Elite Tech Co,"6369 Tech Park Way, Atlanta, GA 90719",billing@elite-tech.com,KV-2072647,Retail,SmartInvoiceInc,"100 Commerce Blvd, Dallas, TX 75201",9,1114.0,8.0,89.12,1203.12,2024-07-28,1
INV-2023-0064,2023-03-30,3,2023-05-14,Net 45,45,USD,V053,Pinnacle Labs LLC,"946 Innovation Rd, Seattle, NY 98236",billing@pinnacle-labs.com,LE-1064323,Services,SmartInvoiceInc,"100 Commerce Blvd, Dallas, TX 75201",9,15346.0,8.5,1304.41,16650.41,2023-05-14,0
INV-2022-0034,2022-02-06,2,2022-04-07,Net 60,60,USD,V068,Nexus Energy Group,"3976 Innovation Rd, Seattle, TX 75310",billing@nexus-energy.com,ZI-9887324,Technology,SmartInvoiceInc,"100 Commerce Blvd, Dallas, TX 75201",8,43924.46,8.25,3623.77,47548.23,2022-04-07,0
INV-2024-0188,2024-08-30,8,2024-10-29,Net 60,60,USD,V041,Titan Tech Group,"8572 Tech Park Way, Austin, CA 38732",billing@titan-tech.com,ZS-8757202,Healthcare,SmartInvoiceInc,"100 Commerce Blvd, Dallas, TX 75201",16,12355.75,6.25,772.23,13127.98,2024-11-10,1
INV-2024-0053,2024-03-06,3,2024-04-20,Net 45,45,USD,V035,Pioneer Parts Co,"816 Market St, Dallas, TX 55543",billing@pioneer-parts.com,BH-9896761,Manufacturing,SmartInvoiceInc,"100 Commerce Blvd, Dallas, TX 75201",14,42856.96,9.0,3857.13,46714.09,2024-04-20,0
INV-2024-0189,2024-08-30,8,2024-10-29,Net 60,60,USD,V048,Pacific Tech Co,"9461 Market St, New York, CA 22910",billing@pacific-tech.com,HH-9469872,Retail,SmartInvoiceInc,"100 Commerce Blvd, Dallas, TX 75201",5,30149.44,6.25,1884.34,32033.78,2024-10-29,0
INV-2023-0173,2023-08-16,8,2023-08-31,Net 15,15,USD,V073,Acme Systems Group,"3672 Innovation Rd, Dallas, TX 47148",billing@acme-systems.com,KV-6786265,Retail,SmartInvoiceInc,"100 Commerce Blvd, Dallas, TX 75201",9,33625.41,6.25,2101.59,35727.0,2023-10-02,1
INV-2024-0260,2024-11-29,11,2025-01-28,Net 60,60,USD,V065,Delta Tech Group,"2991 Industrial Dr, Austin, NY 85683",billing@delta-tech.com,DZ-8726890,Services,SmartInvoiceInc,"100 Commerce Blvd, Dallas, TX 75201",13,34875.3,8.0,2790.02,37665.32,2025-01-28,0
INV-2022-0148,2022-08-12,8,2022-09-26,Net 45,45,USD,V046,Titan Freight Co,"3445 Venture Blvd, New York, NY 44674",billing@titan-freight.com,OY-3319049,Technology,SmartInvoiceInc,"100 Commerce Blvd, Dallas, TX 75201",15,30295.21,7.0,2120.66,32415.87,2022-10-18,1
INV-2022-0216,2022-11-14,11,2022-12-29,Net 45,45,USD,V021,Swift Ventures LLC,"9509 Enterprise Ave, San Francisco, OH 36962",billing@swift-ventures.com,HP-7243669,Retail,SmartInvoiceInc,"100 Commerce Blvd, Dallas, TX 75201",6,29789.01,8.25,2457.59,32246.6,2022-12-29,0
INV-2022-0241,2022-12-15,12,2023-01-29,Net 45,45,USD,V055,Beacon Security Co,"2126 Tech Park Way, Dallas, OH 69383",billing@beacon-security.com,JE-4757974,Manufacturing,SmartInvoiceInc,"100 Commerce Blvd, Dallas, TX 75201",4,19533.31,8.25,1611.5,21144.81,2023-01-29,0
INV-2022-0082,2022-04-25,4,2022-06-24,Net 60,60,USD,V066,Global Marketing Co,"5879 Venture Blvd, Chicago, OH 22999",billing@global-marketing.com,WO-9464685,Services,SmartInvoiceInc,"100 Commerce Blvd, Dallas, TX 75201",2,23908.41,6.25,1494.28,25402.69,2022-06-24,0
INV-2023-0237,2023-11-29,11,2023-12-29,Net 30,30,USD,V087,Bright Energy LLC,"5575 Trade Center Dr, New York, CA 49952",billing@bright-energy.com,EY-6888997,Manufacturing,SmartInvoiceInc,"100 Commerce Blvd, Dallas, TX 75201",6,44628.26,7.0,3123.98,47752.24,2024-01-10,1
INV-2024-0261,2024-11-29,11,2024-12-29,Net 30,30,USD,V006,Apex Solutions Co,"2241 Market St, San Francisco, AZ 45247",billing@apex-solutions.com,UG-6698848,Healthcare,SmartInvoiceInc,"100 Commerce Blvd, Dallas, TX 75201",8,12323.4,7.0,862.64,13186.04,2024-12-29,0
INV-2022-0039,2022-02-09,2,2022-02-24,Net 15,15,USD,V093,Delta Labs Corp,"7201 Industrial Dr, Atlanta, AZ 11524",billing@delta-labs.com,II-7984720,Technology,SmartInvoiceInc,"100 Commerce Blvd, Dallas, TX 75201",17,31314.72,8.5,2661.75,33976.47,2022-02-24,0
INV-2022-0144,2022-08-04,8,2022-10-03,Net 60,60,USD,V084,Bright Medical LLC,"7183 Tech Park Way, Los Angeles, AZ 27771",billing@bright-medical.com,XQ-6499593,Services,SmartInvoiceInc,"100 Commerce Blvd, Dallas, TX 75201",17,26070.35,8.5,2215.98,28286.33,2022-10-03,0
INV-2022-0228,2022-12-02,12,2023-01-31,Net 60,60,USD,V062,Vanguard Security LLC,"5667 Market St, Dallas, FL 35053",billing@vanguard-security.com,GD-7867100,Technology,SmartInvoiceInc,"100 Commerce Blvd, Dallas, TX 75201",11,42274.27,6.25,2642.14,44916.41,2023-02-21,1
INV-2022-0066,2022-04-02,4,2022-06-01,Net 60,60,USD,V049,Global Freight Corp,"2572 Enterprise Ave, New York, FL 64553",billing@global-freight.com,BX-2314532,Technology,SmartInvoiceInc,"100 Commerce Blvd, Dallas, TX 75201",10,15027.7,8.5,1277.35,16305.05,2022-06-01,0
INV-2022-0244,2022-12-19,12,2023-01-03,Net 15,15,USD,V088,Sterling Tech Group,"1722 Enterprise Ave, Seattle, OH 71396",billing@sterling-tech.com,YF-8369434,Manufacturing,SmartInvoiceInc,"100 Commerce Blvd, Dallas, TX 75201",17,31044.79,8.25,2561.2,33605.99,2023-02-11,1
INV-2023-0148,2023-07-25,7,2023-08-09,Net 15,15,USD,V055,Beacon Security Co,"2126 Tech Park Way, Dallas, OH 69383",billing@beacon-security.com,JE-4757974,Manufacturing,SmartInvoiceInc,"100 Commerce Blvd, Dallas, TX 75201",7,24930.56,7.5,1869.79,26800.35,2023-08-20,1
INV-2024-0067,2024-03-26,3,2024-05-10,Net 45,45,USD,V077,Pioneer Data LLC,"6745 Commerce Blvd, Houston, OH 35522",billing@pioneer-data.com,DA-6517366,Services,SmartInvoiceInc,"100 Commerce Blvd, Dallas, TX 75201",14,8677.59,8.0,694.21,9371.8,2024-05-10,0
INV-2024-0040,2024-02-20,2,2024-04-20,Net 60,60,USD,V072,Elite Supplies LLC,"8170 Industrial Dr, Houston, TX 16783",billing@elite-supplies.com,KL-1996530,Technology,SmartInvoiceInc,"100 Commerce Blvd, Dallas, TX 75201",13,30591.31,6.25,1911.96,32503.27,2024-04-20,0
INV-2022-0253,2022-12-29,12,2023-01-28,Net 30,30,USD,V092,Pinnacle Capital Co,"7579 Commerce Blvd, Seattle, FL 84478",billing@pinnacle-capital.com,TS-6703394,Retail,SmartInvoiceInc,"100 Commerce Blvd, Dallas, TX 75201",5,577.47,7.5,43.31,620.78,2023-02-27,1
INV-2023-0140,2023-07-11,7,2023-08-25,Net 45,45,USD,V047,Elite Energy Inc,"6329 Venture Blvd, Atlanta, TX 13596",billing@elite-energy.com,TY-1467010,Technology,SmartInvoiceInc,"100 Commerce Blvd, Dallas, TX 75201",17,30387.87,7.0,2127.15,32515.02,2023-08-29,1
INV-2022-0248,2022-12-22,12,2023-01-06,Net 15,15,USD,V094,Pioneer Supplies Inc,"160 Innovation Rd, Seattle, CO 23350",billing@pioneer-supplies.com,CC-6787749,Manufacturing,SmartInvoiceInc,"100 Commerce Blvd, Dallas, TX 75201",4,18768.12,7.5,1407.61,20175.73,2023-01-06,0
INV-2022-0129,2022-07-10,7,2022-09-08,Net 60,60,USD,V040,Elite Tech Co,"6369 Tech Park Way, Atlanta, GA 90719",billing@elite-tech.com,KV-2072647,Retail,SmartInvoiceInc,"100 Commerce Blvd, Dallas, TX 75201",17,4014.88,7.0,281.04,4295.92,2022-09-08,0
INV-2023-0044,2023-02-26,2,2023-04-12,Net 45,45,USD,V041,Titan Tech Group,"8572 Tech Park Way, Austin, CA 38732",billing@titan-tech.com,ZS-8757202,Healthcare,SmartInvoiceInc,"100 Commerce Blvd, Dallas, TX 75201",2,33594.35,6.25,2099.65,35694.0,2023-04-12,0
INV-2023-0238,2023-12-01,12,2024-01-15,Net 45,45,USD,V051,Summit Cloud Inc,"8534 Innovation Rd, San Francisco, FL 19111",billing@summit-cloud.com,FB-8643603,Retail,SmartInvoiceInc,"100 Commerce Blvd, Dallas, TX 75201",13,1001.49,7.0,70.1,1071.59,2024-01-24,1
INV-2022-0006,2022-01-07,1,2022-03-08,Net 60,60,USD,V039,Elite Labs Group,"237 Innovation Rd, Dallas, AZ 29963",billing@elite-labs.com,TX-2849396,Manufacturing,SmartInvoiceInc,"100 Commerce Blvd, Dallas, TX 75201",3,36336.67,7.5,2725.25,39061.92,2022-03-08,0
INV-2022-0096,2022-05-13,5,2022-06-12,Net 30,30,USD,V093,Delta Labs Corp,"7201 Industrial Dr, Atlanta, AZ 11524",billing@delta-labs.com,II-7984720,Technology,SmartInvoiceInc,"100 Commerce Blvd, Dallas, TX 75201",3,26931.39,7.0,1885.2,28816.59,2022-06-24,1
INV-2023-0141,2023-07-11,7,2023-08-25,Net 45,45,USD,V035,Pioneer Parts Co,"816 Market St, Dallas, TX 55543",billing@pioneer-parts.com,BH-9896761,Manufacturing,SmartInvoiceInc,"100 Commerce Blvd, Dallas, TX 75201",1,4677.42,9.0,420.97,5098.39,2023-09-15,1
INV-2024-0076,2024-04-05,4,2024-04-20,Net 15,15,USD,V062,Vanguard Security LLC,"5667 Market St, Dallas, FL 35053",billing@vanguard-security.com,GD-7867100,Technology,SmartInvoiceInc,"100 Commerce Blvd, Dallas, TX 75201",6,42357.42,8.5,3600.38,45957.8,2024-04-20,0
INV-2024-0025,2024-01-31,1,2024-03-16,Net 45,45,USD,V036,Delta Partners Corp,"4463 Commerce Blvd, New York, IL 34285",billing@delta-partners.com,YQ-6165679,Healthcare,SmartInvoiceInc,"100 Commerce Blvd, Dallas, TX 75201",13,14131.37,8.25,1165.84,15297.21,2024-03-16,0
INV-2024-0254,2024-11-20,11,2025-01-19,Net 60,60,USD,V030,Delta Solutions Group,"2879 Tech Park Way, New York, CA 66178",billing@delta-solutions.com,EO-6187480,Manufacturing,SmartInvoiceInc,"100 Commerce Blvd, Dallas, TX 75201",12,40019.83,7.5,3001.49,43021.32,2025-03-04,1
INV-2023-0129,2023-06-19,6,2023-07-04,Net 15,15,USD,V079,Alpha Partners Inc,"6054 Innovation Rd, Miami, WA 66373",billing@alpha-partners.com,YO-4185714,Technology,SmartInvoiceInc,"100 Commerce Blvd, Dallas, TX 75201",8,44537.78,7.0,3117.64,47655.42,2023-08-09,1
INV-2023-0048,2023-03-02,3,2023-05-01,Net 60,60,USD,V033,Nexus Tech Inc,"504 Corporate Ln, New York, TX 70100",billing@nexus-tech.com,EF-4196340,Healthcare,SmartInvoiceInc,"100 Commerce Blvd, Dallas, TX 75201",7,25828.23,8.0,2066.26,27894.49,2023-05-01,0
INV-2023-0216,2023-11-03,11,2023-11-18,Net 15,15,USD,V068,Nexus Energy Group,"3976 Innovation Rd, Seattle, TX 75310",billing@nexus-energy.com,ZI-9887324,Technology,SmartInvoiceInc,"100 Commerce Blvd, Dallas, TX 75201",1,17620.93,8.0,1409.67,19030.6,2023-11-28,1
INV-2022-0254,2022-12-29,12,2023-01-28,Net 30,30,USD,V060,Elite Parts Co,"6665 Commerce Blvd, Miami, TX 29096",billing@elite-parts.com,QA-4681262,Manufacturing,SmartInvoiceInc,"100 Commerce Blvd, Dallas, TX 75201",3,17359.91,9.0,1562.39,18922.3,2023-01-28,0
INV-2022-0058,2022-03-23,3,2022-04-07,Net 15,15,USD,V011,Acme Legal Group,"5826 Industrial Dr, Austin, CA 37350",billing@acme-legal.com,QZ-5833177,Manufacturing,SmartInvoiceInc,"100 Commerce Blvd, Dallas, TX 75201",17,34017.47,8.25,2806.44,36823.91,2022-04-19,1
INV-2022-0249,2022-12-22,12,2023-02-05,Net 45,45,USD,V065,Delta Tech Group,"2991 Industrial Dr, Austin, NY 85683",billing@delta-tech.com,DZ-8726890,Services,SmartInvoiceInc,"100 Commerce Blvd, Dallas, TX 75201",4,8784.31,7.0,614.9,9399.21,2023-02-05,0
INV-2023-0165,2023-08-12,8,2023-09-26,Net 45,45,USD,V088,Sterling Tech Group,"1722 Enterprise Ave, Seattle, OH 71396",billing@sterling-tech.com,YF-8369434,Manufacturing,SmartInvoiceInc,"100 Commerce Blvd, Dallas, TX 75201",3,48218.86,8.0,3857.51,52076.37,2023-11-08,1
INV-2022-0192,2022-10-22,10,2022-12-06,Net 45,45,USD,V064,Swift Labs Inc,"6128 Market St, Chicago, FL 50631",billing@swift-labs.com,OH-7356228,Healthcare,SmartInvoiceInc,"100 Commerce Blvd, Dallas, TX 75201",10,20074.0,8.5,1706.29,21780.29,2022-12-06,0
INV-2024-0262,2024-12-05,12,2024-12-20,Net 15,15,USD,V015,Prime Parts Group,"3540 Corporate Ln, Miami, CO 78450",billing@prime-parts.com,IQ-6781565,Retail,SmartInvoiceInc,"100 Commerce Blvd, Dallas, TX 75201",10,45054.12,8.25,3716.96,48771.08,2025-01-26,1
INV-2022-0017,2022-01-17,1,2022-03-03,Net 45,45,USD,V035,Pioneer Parts Co,"816 Market St, Dallas, TX 55543",billing@pioneer-parts.com,BH-9896761,Manufacturing,SmartInvoiceInc,"100 Commerce Blvd, Dallas, TX 75201",6,30345.67,8.0,2427.65,32773.32,2022-03-03,0
INV-2022-0250,2022-12-26,12,2023-01-10,Net 15,15,USD,V029,Nexus Freight Group,"639 Enterprise Ave, Atlanta, FL 30159",billing@nexus-freight.com,VQ-5010912,Healthcare,SmartInvoiceInc,"100 Commerce Blvd, Dallas, TX 75201",15,8003.42,6.25,500.21,8503.63,2023-02-01,1
INV-2024-0097,2024-05-15,5,2024-05-30,Net 15,15,USD,V068,Nexus Energy Group,"3976 Innovation Rd, Seattle, TX 75310",billing@nexus-energy.com,ZI-9887324,Technology,SmartInvoiceInc,"100 Commerce Blvd, Dallas, TX 75201",5,24154.98,8.25,1992.79,26147.77,2024-05-30,0
INV-2023-0239,2023-12-01,12,2023-12-16,Net 15,15,USD,V086,Swift Consulting Group,"6909 Venture Blvd, Houston, GA 84532",billing@swift-consulting.com,KF-2014929,Healthcare,SmartInvoiceInc,"100 Commerce Blvd, Dallas, TX 75201",19,18131.19,7.0,1269.18,19400.37,2024-01-06,1
INV-2023-0061,2023-03-24,3,2023-05-08,Net 45,45,USD,V046,Titan Freight Co,"3445 Venture Blvd, New York, NY 44674",billing@titan-freight.com,OY-3319049,Technology,SmartInvoiceInc,"100 Commerce Blvd, Dallas, TX 75201",12,12134.34,7.5,910.08,13044.42,2023-05-08,0
INV-2024-0090,2024-05-05,5,2024-07-04,Net 60,60,USD,V001,Metro Legal Co,"5791 Enterprise Ave, Miami, FL 64021",billing@metro-legal.com,MT-6143901,Services,SmartInvoiceInc,"100 Commerce Blvd, Dallas, TX 75201",3,7950.81,7.0,556.56,8507.37,2024-07-04,0
INV-2022-0257,2022-12-31,12,2023-01-15,Net 15,15,USD,V051,Summit Cloud Inc,"8534 Innovation Rd, San Francisco, FL 19111",billing@summit-cloud.com,FB-8643603,Retail,SmartInvoiceInc,"100 Commerce Blvd, Dallas, TX 75201",17,36861.61,7.0,2580.31,39441.92,2023-02-08,1
INV-2023-0221,2023-11-06,11,2023-11-21,Net 15,15,USD,V019,Pioneer Marketing Co,"5261 Venture Blvd, Miami, AZ 19348",billing@pioneer-marketing.com,CW-3276360,Manufacturing,SmartInvoiceInc,"100 Commerce Blvd, Dallas, TX 75201",7,20059.32,8.0,1604.75,21664.07,2023-11-21,0
INV-2024-0220,2024-10-04,10,2024-11-03,Net 30,30,USD,V036,Delta Partners Corp,"4463 Commerce Blvd, New York, IL 34285",billing@delta-partners.com,YQ-6165679,Healthcare,SmartInvoiceInc,"100 Commerce Blvd, Dallas, TX 75201",19,7052.43,7.5,528.93,7581.36,2024-11-03,0
INV-2023-0078,2023-04-12,4,2023-05-12,Net 30,30,USD,V011,Acme Legal Group,"5826 Industrial Dr, Austin, CA 37350",billing@acme-legal.com,QZ-5833177,Manufacturing,SmartInvoiceInc,"100 Commerce Blvd, Dallas, TX 75201",13,23194.09,8.5,1971.5,25165.59,2023-05-23,1
INV-2023-0039,2023-02-18,2,2023-03-05,Net 15,15,USD,V092,Pinnacle Capital Co,"7579 Commerce Blvd, Seattle, FL 84478",billing@pinnacle-capital.com,TS-6703394,Retail,SmartInvoiceInc,"100 Commerce Blvd, Dallas, TX 75201",17,34197.42,6.25,2137.34,36334.76,2023-03-05,0
INV-2023-0162,2023-08-09,8,2023-09-08,Net 30,30,USD,V012,Beacon Tech LLC,"517 Tech Park Way, Atlanta, GA 13267",billing@beacon-tech.com,ZU-3922097,Healthcare,SmartInvoiceInc,"100 Commerce Blvd, Dallas, TX 75201",17,47481.05,7.0,3323.67,50804.72,2023-09-08,0
INV-2024-0210,2024-09-20,9,2024-11-19,Net 60,60,USD,V052,Pinnacle Tech Corp,"8295 Business Pkwy, New York, TX 94471",billing@pinnacle-tech.com,FS-3357821,Technology,SmartInvoiceInc,"100 Commerce Blvd, Dallas, TX 75201",6,29642.21,7.0,2074.95,31717.16,2024-11-19,0
INV-2023-0149,2023-07-26,7,2023-08-10,Net 15,15,USD,V075,Titan Energy Co,"6804 Corporate Ln, Dallas, GA 12482",billing@titan-energy.com,XS-8433533,Healthcare,SmartInvoiceInc,"100 Commerce Blvd, Dallas, TX 75201",15,30484.89,6.25,1905.31,32390.2,2023-08-27,1
INV-2022-0226,2022-12-01,12,2022-12-16,Net 15,15,USD,V051,Summit Cloud Inc,"8534 Innovation Rd, San Francisco, FL 19111",billing@summit-cloud.com,FB-8643603,Retail,SmartInvoiceInc,"100 Commerce Blvd, Dallas, TX 75201",14,23070.97,8.0,1845.68,24916.65,2022-12-16,0
INV-2022-0035,2022-02-06,2,2022-03-23,Net 45,45,USD,V004,Metro Medical Inc,"7905 Business Pkwy, Atlanta, WA 66556",billing@metro-medical.com,UA-8474447,Healthcare,SmartInvoiceInc,"100 Commerce Blvd, Dallas, TX 75201",13,24085.93,9.0,2167.73,26253.66,2022-05-07,1
INV-2024-0206,2024-09-15,9,2024-09-30,Net 15,15,USD,V081,Acme Consulting Group,"5719 Enterprise Ave, New York, IL 96925",billing@acme-consulting.com,WP-5241361,Manufacturing,SmartInvoiceInc,"100 Commerce Blvd, Dallas, TX 75201",17,15272.53,7.5,1145.44,16417.97,2024-10-03,1
INV-2022-0179,2022-10-05,10,2022-10-20,Net 15,15,USD,V059,Global Medical Co,"2998 Venture Blvd, Los Angeles, CO 24060",billing@global-medical.com,JY-1829735,Services,SmartInvoiceInc,"100 Commerce Blvd, Dallas, TX 75201",13,48590.89,8.25,4008.75,52599.64,2022-10-20,0
INV-2024-0136,2024-07-04,7,2024-08-03,Net 30,30,USD,V080,Vanguard Legal Group,"3154 Innovation Rd, Houston, NY 44911",billing@vanguard-legal.com,XN-8021855,Services,SmartInvoiceInc,"100 Commerce Blvd, Dallas, TX 75201",11,43666.39,7.0,3056.65,46723.04,2024-08-24,1
INV-2023-0090,2023-04-29,4,2023-06-28,Net 60,60,USD,V080,Vanguard Legal Group,"3154 Innovation Rd, Houston, NY 44911",billing@vanguard-legal.com,XN-8021855,Services,SmartInvoiceInc,"100 Commerce Blvd, Dallas, TX 75201",2,17003.66,7.5,1275.27,18278.93,2023-06-28,0
INV-2024-0001,2024-01-01,1,2024-01-31,Net 30,30,USD,V057,Pioneer Consulting Inc,"1704 Industrial Dr, San Francisco, WA 80792",billing@pioneer-consulting.com,BL-2384418,Services,SmartInvoiceInc,"100 Commerce Blvd, Dallas, TX 75201",15,49532.03,7.0,3467.24,52999.27,2024-01-31,0
INV-2022-0130,2022-07-11,7,2022-08-10,Net 30,30,USD,V071,Pinnacle Supplies Inc,"8493 Market St, Atlanta, IL 23224",billing@pinnacle-supplies.com,CT-2017433,Services,SmartInvoiceInc,"100 Commerce Blvd, Dallas, TX 75201",7,2686.02,8.0,214.88,2900.9,2022-08-10,0
INV-2024-0247,2024-11-06,11,2024-12-21,Net 45,45,USD,V001,Metro Legal Co,"5791 Enterprise Ave, Miami, FL 64021",billing@metro-legal.com,MT-6143901,Services,SmartInvoiceInc,"100 Commerce Blvd, Dallas, TX 75201",5,780.46,8.25,64.39,844.85,2024-12-21,0
INV-2023-0123,2023-06-08,6,2023-07-23,Net 45,45,USD,V073,Acme Systems Group,"3672 Innovation Rd, Dallas, TX 47148",billing@acme-systems.com,KV-6786265,Retail,SmartInvoiceInc,"100 Commerce Blvd, Dallas, TX 75201",1,42373.11,7.0,2966.12,45339.23,2023-08-15,1
INV-2024-0140,2024-07-06,7,2024-08-05,Net 30,30,USD,V009,Nexus Cloud Inc,"9187 Market St, Chicago, CA 21938",billing@nexus-cloud.com,AA-2404330,Healthcare,SmartInvoiceInc,"100 Commerce Blvd, Dallas, TX 75201",14,14376.56,8.0,1150.12,15526.68,2024-09-12,1
INV-2023-0030,2023-02-05,2,2023-03-22,Net 45,45,USD,V075,Titan Energy Co,"6804 Corporate Ln, Dallas, GA 12482",billing@titan-energy.com,XS-8433533,Healthcare,SmartInvoiceInc,"100 Commerce Blvd, Dallas, TX 75201",8,5994.41,8.0,479.55,6473.96,2023-03-22,0
INV-2024-0109,2024-06-04,6,2024-07-04,Net 30,30,USD,V096,Sterling Security Corp,"5995 Enterprise Ave, Dallas, GA 64756",billing@sterling-security.com,VP-7611653,Technology,SmartInvoiceInc,"100 Commerce Blvd, Dallas, TX 75201",13,47778.2,7.5,3583.36,51361.56,2024-07-04,0
INV-2023-0246,2023-12-06,12,2024-02-04,Net 60,60,USD,V066,Global Marketing Co,"5879 Venture Blvd, Chicago, OH 22999",billing@global-marketing.com,WO-9464685,Services,SmartInvoiceInc,"100 Commerce Blvd, Dallas, TX 75201",17,25280.9,7.0,1769.66,27050.56,2024-03-13,1
INV-2022-0024,2022-01-22,1,2022-02-21,Net 30,30,USD,V060,Elite Parts Co,"6665 Commerce Blvd, Miami, TX 29096",billing@elite-parts.com,QA-4681262,Manufacturing,SmartInvoiceInc,"100 Commerce Blvd, Dallas, TX 75201",2,35650.45,9.0,3208.54,38858.99,2022-03-27,1
INV-2023-0082,2023-04-19,4,2023-06-03,Net 45,45,USD,V039,Elite Labs Group,"237 Innovation Rd, Dallas, AZ 29963",billing@elite-labs.com,TX-2849396,Manufacturing,SmartInvoiceInc,"100 Commerce Blvd, Dallas, TX 75201",8,14979.5,8.5,1273.26,16252.76,2023-06-03,0
INV-2022-0140,2022-07-29,7,2022-09-12,Net 45,45,USD,V093,Delta Labs Corp,"7201 Industrial Dr, Atlanta, AZ 11524",billing@delta-labs.com,II-7984720,Technology,SmartInvoiceInc,"100 Commerce Blvd, Dallas, TX 75201",7,11688.44,6.25,730.53,12418.97,2022-09-12,0
INV-2022-0202,2022-11-02,11,2022-11-17,Net 15,15,USD,V013,Summit Partners Corp,"512 Innovation Rd, Los Angeles, CO 70692",billing@summit-partners.com,YD-8122313,Healthcare,SmartInvoiceInc,"100 Commerce Blvd, Dallas, TX 75201",19,18211.8,6.25,1138.24,19350.04,2022-11-17,0
INV-2023-0243,2023-12-05,12,2023-12-20,Net 15,15,USD,V031,Titan Capital LLC,"2971 Industrial Dr, San Francisco, GA 11015",billing@titan-capital.com,AV-9416320,Manufacturing,SmartInvoiceInc,"100 Commerce Blvd, Dallas, TX 75201",10,29500.31,8.5,2507.53,32007.84,2024-01-21,1
INV-2023-0225,2023-11-18,11,2023-12-18,Net 30,30,USD,V014,Swift Parts Inc,"3067 Tech Park Way, Dallas, NY 95999",billing@swift-parts.com,DR-1070640,Healthcare,SmartInvoiceInc,"100 Commerce Blvd, Dallas, TX 75201",14,41215.47,9.0,3709.39,44924.86,2023-12-22,1
INV-2022-0181,2022-10-12,10,2022-11-26,Net 45,45,USD,V077,Pioneer Data LLC,"6745 Commerce Blvd, Houston, OH 35522",billing@pioneer-data.com,DA-6517366,Services,SmartInvoiceInc,"100 Commerce Blvd, Dallas, TX 75201",8,13934.76,9.0,1254.13,15188.89,2022-12-30,1
INV-2023-0253,2023-12-17,12,2024-02-15,Net 60,60,USD,V082,Acme Labs Inc,"2298 Enterprise Ave, Austin, NY 23859",billing@acme-labs.com,RB-3008960,Healthcare,SmartInvoiceInc,"100 Commerce Blvd, Dallas, TX 75201",2,36225.22,6.25,2264.08,38489.3,2024-02-15,0
INV-2024-0027,2024-02-02,2,2024-02-17,Net 15,15,USD,V079,Alpha Partners Inc,"6054 Innovation Rd, Miami, WA 66373",billing@alpha-partners.com,YO-4185714,Technology,SmartInvoiceInc,"100 Commerce Blvd, Dallas, TX 75201",17,25800.89,7.0,1806.06,27606.95,2024-02-17,0
INV-2024-0162,2024-08-05,8,2024-09-04,Net 30,30,USD,V086,Swift Consulting Group,"6909 Venture Blvd, Houston, GA 84532",billing@swift-consulting.com,KF-2014929,Healthcare,SmartInvoiceInc,"100 Commerce Blvd, Dallas, TX 75201",17,3603.14,7.0,252.22,3855.36,2024-09-10,1
INV-2023-0008,2023-01-16,1,2023-03-17,Net 60,60,USD,V069,Titan Security Corp,"1892 Enterprise Ave, San Francisco, AZ 11645",billing@titan-security.com,DV-7671318,Technology,SmartInvoiceInc,"100 Commerce Blvd, Dallas, TX 75201",11,41422.38,7.5,3106.68,44529.06,2023-04-13,1
INV-2023-0074,2023-04-05,4,2023-06-04,Net 60,60,USD,V034,Summit Ventures Co,"4909 Venture Blvd, Austin, TX 66397",billing@summit-ventures.com,IN-7195200,Services,SmartInvoiceInc,"100 Commerce Blvd, Dallas, TX 75201",4,39552.16,9.0,3559.69,43111.85,2023-06-04,0
INV-2024-0237,2024-10-27,10,2024-11-11,Net 15,15,USD,V083,Metro Freight Group,"3694 Venture Blvd, Houston, NY 86918",billing@metro-freight.com,LT-7193956,Technology,SmartInvoiceInc,"100 Commerce Blvd, Dallas, TX 75201",6,19177.24,8.0,1534.18,20711.42,2024-11-11,0
INV-2022-0029,2022-01-29,1,2022-02-28,Net 30,30,USD,V017,Nexus Labs Group,"817 Market St, Austin, AZ 15486",billing@nexus-labs.com,PU-8990340,Services,SmartInvoiceInc,"100 Commerce Blvd, Dallas, TX 75201",1,46543.46,6.25,2908.97,49452.43,2022-02-28,0
INV-2024-0128,2024-06-25,6,2024-08-09,Net 45,45,USD,V010,Prime Cloud Group,"8102 Commerce Blvd, Dallas, WA 79449",billing@prime-cloud.com,KL-3248988,Healthcare,SmartInvoiceInc,"100 Commerce Blvd, Dallas, TX 75201",11,33486.08,6.25,2092.88,35578.96,2024-08-20,1
INV-2024-0255,2024-11-22,11,2025-01-21,Net 60,60,USD,V017,Nexus Labs Group,"817 Market St, Austin, AZ 15486",billing@nexus-labs.com,PU-8990340,Services,SmartInvoiceInc,"100 Commerce Blvd, Dallas, TX 75201",15,47227.12,6.25,2951.7,50178.82,2025-02-09,1
INV-2024-0105,2024-05-28,5,2024-07-27,Net 60,60,USD,V083,Metro Freight Group,"3694 Venture Blvd, Houston, NY 86918",billing@metro-freight.com,LT-7193956,Technology,SmartInvoiceInc,"100 Commerce Blvd, Dallas, TX 75201",5,2885.21,8.25,238.03,3123.24,2024-07-27,0
INV-2022-0056,2022-03-20,3,2022-05-19,Net 60,60,USD,V028,Pioneer Systems LLC,"5163 Business Pkwy, Chicago, IL 39703",billing@pioneer-systems.com,ZD-7655623,Manufacturing,SmartInvoiceInc,"100 Commerce Blvd, Dallas, TX 75201",9,24060.4,7.0,1684.23,25744.63,2022-05-19,0
INV-2024-0160,2024-08-04,8,2024-10-03,Net 60,60,USD,V099,Pioneer Works Corp,"1600 Industrial Dr, Los Angeles, GA 29426",billing@pioneer-works.com,RJ-1066150,Technology,SmartInvoiceInc,"100 Commerce Blvd, Dallas, TX 75201",9,3091.57,6.25,193.22,3284.79,2024-10-03,0
INV-2023-0071,2023-04-04,4,2023-06-03,Net 60,60,USD,V013,Summit Partners Corp,"512 Innovation Rd, Los Angeles, CO 70692",billing@summit-partners.com,YD-8122313,Healthcare,SmartInvoiceInc,"100 Commerce Blvd, Dallas, TX 75201",2,10993.71,6.25,687.11,11680.82,2023-06-03,0
INV-2023-0146,2023-07-24,7,2023-09-22,Net 60,60,USD,V054,Swift Medical Group,"324 Market St, Dallas, TX 88477",billing@swift-medical.com,FE-9671370,Retail,SmartInvoiceInc,"100 Commerce Blvd, Dallas, TX 75201",1,39913.91,9.0,3592.25,43506.16,2023-09-22,0
INV-2024-0006,2024-01-08,1,2024-01-23,Net 15,15,USD,V034,Summit Ventures Co,"4909 Venture Blvd, Austin, TX 66397",billing@summit-ventures.com,IN-7195200,Services,SmartInvoiceInc,"100 Commerce Blvd, Dallas, TX 75201",8,32756.17,7.0,2292.93,35049.1,2024-01-23,0
INV-2023-0114,2023-05-31,5,2023-07-30,Net 60,60,USD,V070,Swift Logistics Inc,"1954 Business Pkwy, Miami, NY 73374",billing@swift-logistics.com,UO-1318408,Healthcare,SmartInvoiceInc,"100 Commerce Blvd, Dallas, TX 75201",12,20058.98,8.5,1705.01,21763.99,2023-09-04,1
INV-2023-0023,2023-02-01,2,2023-04-02,Net 60,60,USD,V021,Swift Ventures LLC,"9509 Enterprise Ave, San Francisco, OH 36962",billing@swift-ventures.com,HP-7243669,Retail,SmartInvoiceInc,"100 Commerce Blvd, Dallas, TX 75201",11,18705.41,6.25,1169.09,19874.5,2023-04-02,0
INV-2022-0037,2022-02-08,2,2022-03-10,Net 30,30,USD,V054,Swift Medical Group,"324 Market St, Dallas, TX 88477",billing@swift-medical.com,FE-9671370,Retail,SmartInvoiceInc,"100 Commerce Blvd, Dallas, TX 75201",12,5443.41,7.0,381.04,5824.45,2022-04-16,1
INV-2024-0111,2024-06-05,6,2024-07-05,Net 30,30,USD,V024,Nexus Marketing Group,"6719 Innovation Rd, Atlanta, GA 62224",billing@nexus-marketing.com,CM-6304509,Technology,SmartInvoiceInc,"100 Commerce Blvd, Dallas, TX 75201",17,6656.24,7.0,465.94,7122.18,2024-07-08,1
INV-2024-0054,2024-03-07,3,2024-05-06,Net 60,60,USD,V017,Nexus Labs Group,"817 Market St, Austin, AZ 15486",billing@nexus-labs.com,PU-8990340,Services,SmartInvoiceInc,"100 Commerce Blvd, Dallas, TX 75201",20,991.23,7.5,74.34,1065.57,2024-05-06,0
INV-2022-0114,2022-06-06,6,2022-07-06,Net 30,30,USD,V060,Elite Parts Co,"6665 Commerce Blvd, Miami, TX 29096",billing@elite-parts.com,QA-4681262,Manufacturing,SmartInvoiceInc,"100 Commerce Blvd, Dallas, TX 75201",6,38234.3,9.0,3441.09,41675.39,2022-07-06,0
INV-2024-0107,2024-06-02,6,2024-06-17,Net 15,15,USD,V047,Elite Energy Inc,"6329 Venture Blvd, Atlanta, TX 13596",billing@elite-energy.com,TY-1467010,Technology,SmartInvoiceInc,"100 Commerce Blvd, Dallas, TX 75201",8,7010.15,8.0,560.81,7570.96,2024-07-29,1
INV-2024-0190,2024-08-31,8,2024-10-15,Net 45,45,USD,V059,Global Medical Co,"2998 Venture Blvd, Los Angeles, CO 24060",billing@global-medical.com,JY-1829735,Services,SmartInvoiceInc,"100 Commerce Blvd, Dallas, TX 75201",9,6450.26,8.5,548.27,6998.53,2024-10-15,0
INV-2024-0250,2024-11-11,11,2024-11-26,Net 15,15,USD,V096,Sterling Security Corp,"5995 Enterprise Ave, Dallas, GA 64756",billing@sterling-security.com,VP-7611653,Technology,SmartInvoiceInc,"100 Commerce Blvd, Dallas, TX 75201",1,37081.81,9.0,3337.36,40419.17,2024-12-08,1
INV-2024-0087,2024-04-28,4,2024-06-27,Net 60,60,USD,V016,Summit Freight Inc,"1465 Tech Park Way, Dallas, FL 26779",billing@summit-freight.com,IS-7197323,Technology,SmartInvoiceInc,"100 Commerce Blvd, Dallas, TX 75201",11,33318.86,8.25,2748.81,36067.67,2024-06-27,0
INV-2024-0015,2024-01-18,1,2024-02-02,Net 15,15,USD,V051,Summit Cloud Inc,"8534 Innovation Rd, San Francisco, FL 19111",billing@summit-cloud.com,FB-8643603,Retail,SmartInvoiceInc,"100 Commerce Blvd, Dallas, TX 75201",11,41573.27,9.0,3741.59,45314.86,2024-02-02,0
INV-2024-0207,2024-09-15,9,2024-09-30,Net 15,15,USD,V072,Elite Supplies LLC,"8170 Industrial Dr, Houston, TX 16783",billing@elite-supplies.com,KL-1996530,Technology,SmartInvoiceInc,"100 Commerce Blvd, Dallas, TX 75201",4,45023.03,8.25,3714.4,48737.43,2024-11-03,1
INV-2022-0020,2022-01-21,1,2022-03-22,Net 60,60,USD,V098,Titan Supplies Co,"3257 Venture Blvd, Miami, IL 34070",billing@titan-supplies.com,IS-9593223,Manufacturing,SmartInvoiceInc,"100 Commerce Blvd, Dallas, TX 75201",13,37498.5,9.0,3374.86,40873.36,2022-03-22,0
INV-2022-0197,2022-10-30,10,2022-11-29,Net 30,30,USD,V004,Metro Medical Inc,"7905 Business Pkwy, Atlanta, WA 66556",billing@metro-medical.com,UA-8474447,Healthcare,SmartInvoiceInc,"100 Commerce Blvd, Dallas, TX 75201",8,47164.85,8.25,3891.1,51055.95,2022-12-19,1
INV-2024-0101,2024-05-18,5,2024-07-02,Net 45,45,USD,V050,Alpha Logistics Inc,"1560 Business Pkwy, San Francisco, OH 11605",billing@alpha-logistics.com,WP-3255363,Services,SmartInvoiceInc,"100 Commerce Blvd, Dallas, TX 75201",15,28284.03,8.5,2404.14,30688.17,2024-07-02,0
INV-2022-0060,2022-03-25,3,2022-04-24,Net 30,30,USD,V059,Global Medical Co,"2998 Venture Blvd, Los Angeles, CO 24060",billing@global-medical.com,JY-1829735,Services,SmartInvoiceInc,"100 Commerce Blvd, Dallas, TX 75201",12,31176.86,6.25,1948.55,33125.41,2022-04-24,0
INV-2023-0147,2023-07-24,7,2023-09-07,Net 45,45,USD,V010,Prime Cloud Group,"8102 Commerce Blvd, Dallas, WA 79449",billing@prime-cloud.com,KL-3248988,Healthcare,SmartInvoiceInc,"100 Commerce Blvd, Dallas, TX 75201",13,14173.75,8.25,1169.33,15343.08,2023-09-07,0
INV-2024-0152,2024-07-22,7,2024-09-05,Net 45,45,USD,V068,Nexus Energy Group,"3976 Innovation Rd, Seattle, TX 75310",billing@nexus-energy.com,ZI-9887324,Technology,SmartInvoiceInc,"100 Commerce Blvd, Dallas, TX 75201",11,13365.3,6.25,835.33,14200.63,2024-09-05,0
INV-2024-0222,2024-10-05,10,2024-11-04,Net 30,30,USD,V088,Sterling Tech Group,"1722 Enterprise Ave, Seattle, OH 71396",billing@sterling-tech.com,YF-8369434,Manufacturing,SmartInvoiceInc,"100 Commerce Blvd, Dallas, TX 75201",15,3501.13,8.5,297.6,3798.73,2024-11-09,1
INV-2024-0049,2024-03-03,3,2024-05-02,Net 60,60,USD,V084,Bright Medical LLC,"7183 Tech Park Way, Los Angeles, AZ 27771",billing@bright-medical.com,XQ-6499593,Services,SmartInvoiceInc,"100 Commerce Blvd, Dallas, TX 75201",9,22659.83,8.5,1926.09,24585.92,2024-05-02,0
INV-2024-0048,2024-03-02,3,2024-04-16,Net 45,45,USD,V038,Horizon Freight Corp,"1431 Trade Center Dr, New York, TX 52318",billing@horizon-freight.com,WJ-2296516,Healthcare,SmartInvoiceInc,"100 Commerce Blvd, Dallas, TX 75201",2,12473.72,8.25,1029.08,13502.8,2024-04-16,0
INV-2023-0095,2023-05-07,5,2023-05-22,Net 15,15,USD,V046,Titan Freight Co,"3445 Venture Blvd, New York, NY 44674",billing@titan-freight.com,OY-3319049,Technology,SmartInvoiceInc,"100 Commerce Blvd, Dallas, TX 75201",6,14097.84,8.5,1198.32,15296.16,2023-05-22,0
INV-2022-0137,2022-07-27,7,2022-08-26,Net 30,30,USD,V078,Beacon Legal LLC,"1581 Tech Park Way, Houston, TX 91974",billing@beacon-legal.com,RG-8449607,Technology,SmartInvoiceInc,"100 Commerce Blvd, Dallas, TX 75201",14,21924.39,8.5,1863.57,23787.96,2022-08-26,0
INV-2024-0270,2024-12-19,12,2025-01-03,Net 15,15,USD,V006,Apex Solutions Co,"2241 Market St, San Francisco, AZ 45247",billing@apex-solutions.com,UG-6698848,Healthcare,SmartInvoiceInc,"100 Commerce Blvd, Dallas, TX 75201",8,10854.68,7.5,814.1,11668.78,2025-01-03,0
INV-2023-0054,2023-03-06,3,2023-05-05,Net 60,60,USD,V081,Acme Consulting Group,"5719 Enterprise Ave, New York, IL 96925",billing@acme-consulting.com,WP-5241361,Manufacturing,SmartInvoiceInc,"100 Commerce Blvd, Dallas, TX 75201",11,39760.57,7.5,2982.04,42742.61,2023-06-18,1
INV-2024-0202,2024-09-11,9,2024-09-26,Net 15,15,USD,V070,Swift Logistics Inc,"1954 Business Pkwy, Miami, NY 73374",billing@swift-logistics.com,UO-1318408,Healthcare,SmartInvoiceInc,"100 Commerce Blvd, Dallas, TX 75201",16,32008.66,8.0,2560.69,34569.35,2024-09-26,0
INV-2023-0119,2023-06-04,6,2023-07-19,Net 45,45,USD,V064,Swift Labs Inc,"6128 Market St, Chicago, FL 50631",billing@swift-labs.com,OH-7356228,Healthcare,SmartInvoiceInc,"100 Commerce Blvd, Dallas, TX 75201",12,13347.32,6.25,834.21,14181.53,2023-07-19,0
INV-2023-0170,2023-08-14,8,2023-09-28,Net 45,45,USD,V087,Bright Energy LLC,"5575 Trade Center Dr, New York, CA 49952",billing@bright-energy.com,EY-6888997,Manufacturing,SmartInvoiceInc,"100 Commerce Blvd, Dallas, TX 75201",6,31305.99,7.0,2191.42,33497.41,2023-11-11,1
INV-2024-0253,2024-11-16,11,2024-12-31,Net 45,45,USD,V029,Nexus Freight Group,"639 Enterprise Ave, Atlanta, FL 30159",billing@nexus-freight.com,VQ-5010912,Healthcare,SmartInvoiceInc,"100 Commerce Blvd, Dallas, TX 75201",2,35066.4,7.5,2629.98,37696.38,2024-12-31,0
INV-2022-0134,2022-07-18,7,2022-08-17,Net 30,30,USD,V066,Global Marketing Co,"5879 Venture Blvd, Chicago, OH 22999",billing@global-marketing.com,WO-9464685,Services,SmartInvoiceInc,"100 Commerce Blvd, Dallas, TX 75201",8,8502.74,8.5,722.73,9225.47,2022-08-17,0
INV-2023-0017,2023-01-22,1,2023-02-06,Net 15,15,USD,V094,Pioneer Supplies Inc,"160 Innovation Rd, Seattle, CO 23350",billing@pioneer-supplies.com,CC-6787749,Manufacturing,SmartInvoiceInc,"100 Commerce Blvd, Dallas, TX 75201",11,33496.72,7.5,2512.25,36008.97,2023-02-06,0
INV-2022-0242,2022-12-15,12,2022-12-30,Net 15,15,USD,V086,Swift Consulting Group,"6909 Venture Blvd, Houston, GA 84532",billing@swift-consulting.com,KF-2014929,Healthcare,SmartInvoiceInc,"100 Commerce Blvd, Dallas, TX 75201",12,1099.1,7.0,76.94,1176.04,2022-12-30,0
INV-2024-0176,2024-08-17,8,2024-10-16,Net 60,60,USD,V092,Pinnacle Capital Co,"7579 Commerce Blvd, Seattle, FL 84478",billing@pinnacle-capital.com,TS-6703394,Retail,SmartInvoiceInc,"100 Commerce Blvd, Dallas, TX 75201",10,40335.28,8.25,3327.66,43662.94,2024-11-25,1
INV-2023-0233,2023-11-24,11,2024-01-08,Net 45,45,USD,V066,Global Marketing Co,"5879 Venture Blvd, Chicago, OH 22999",billing@global-marketing.com,WO-9464685,Services,SmartInvoiceInc,"100 Commerce Blvd, Dallas, TX 75201",8,40509.63,8.5,3443.32,43952.95,2024-02-06,1
INV-2023-0006,2023-01-13,1,2023-03-14,Net 60,60,USD,V067,Horizon Parts Group,"7883 Industrial Dr, Atlanta, TX 66942",billing@horizon-parts.com,HK-3792427,Retail,SmartInvoiceInc,"100 Commerce Blvd, Dallas, TX 75201",13,521.92,8.0,41.75,563.67,2023-03-14,0
INV-2024-0122,2024-06-17,6,2024-07-17,Net 30,30,USD,V027,Delta Security Inc,"6290 Trade Center Dr, Dallas, TX 78866",billing@delta-security.com,PW-6118922,Retail,SmartInvoiceInc,"100 Commerce Blvd, Dallas, TX 75201",19,24986.42,6.25,1561.65,26548.07,2024-07-17,0
INV-2024-0137,2024-07-04,7,2024-09-02,Net 60,60,USD,V067,Horizon Parts Group,"7883 Industrial Dr, Atlanta, TX 66942",billing@horizon-parts.com,HK-3792427,Retail,SmartInvoiceInc,"100 Commerce Blvd, Dallas, TX 75201",20,37836.12,7.5,2837.71,40673.83,2024-10-11,1
INV-2023-0125,2023-06-11,6,2023-07-11,Net 30,30,USD,V091,Pioneer Logistics Co,"8440 Innovation Rd, Los Angeles, TX 34762",billing@pioneer-logistics.com,GH-1378165,Manufacturing,SmartInvoiceInc,"100 Commerce Blvd, Dallas, TX 75201",14,31290.96,8.25,2581.5,33872.46,2023-07-31,1
INV-2024-0003,2024-01-04,1,2024-02-18,Net 45,45,USD,V053,Pinnacle Labs LLC,"946 Innovation Rd, Seattle, NY 98236",billing@pinnacle-labs.com,LE-1064323,Services,SmartInvoiceInc,"100 Commerce Blvd, Dallas, TX 75201",18,33003.24,7.0,2310.23,35313.47,2024-02-18,0
INV-2022-0136,2022-07-25,7,2022-08-09,Net 15,15,USD,V026,Titan Partners Co,"5010 Enterprise Ave, New York, IL 71642",billing@titan-partners.com,ED-1423570,Retail,SmartInvoiceInc,"100 Commerce Blvd, Dallas, TX 75201",20,5539.28,7.0,387.75,5927.03,2022-08-09,0
INV-2023-0066,2023-03-31,3,2023-04-15,Net 15,15,USD,V041,Titan Tech Group,"8572 Tech Park Way, Austin, CA 38732",billing@titan-tech.com,ZS-8757202,Healthcare,SmartInvoiceInc,"100 Commerce Blvd, Dallas, TX 75201",5,2282.93,6.25,142.68,2425.61,2023-05-30,1
INV-2023-0121,2023-06-05,6,2023-06-20,Net 15,15,USD,V041,Titan Tech Group,"8572 Tech Park Way, Austin, CA 38732",billing@titan-tech.com,ZS-8757202,Healthcare,SmartInvoiceInc,"100 Commerce Blvd, Dallas, TX 75201",4,29290.3,7.5,2196.77,31487.07,2023-07-11,1
INV-2024-0232,2024-10-13,10,2024-12-12,Net 60,60,USD,V099,Pioneer Works Corp,"1600 Industrial Dr, Los Angeles, GA 29426",billing@pioneer-works.com,RJ-1066150,Technology,SmartInvoiceInc,"100 Commerce Blvd, Dallas, TX 75201",19,14483.56,8.0,1158.68,15642.24,2024-12-12,0
INV-2024-0168,2024-08-13,8,2024-09-12,Net 30,30,USD,V071,Pinnacle Supplies Inc,"8493 Market St, Atlanta, IL 23224",billing@pinnacle-supplies.com,CT-2017433,Services,SmartInvoiceInc,"100 Commerce Blvd, Dallas, TX 75201",8,20346.62,8.5,1729.46,22076.08,2024-09-12,0
INV-2023-0259,2023-12-27,12,2024-02-10,Net 45,45,USD,V084,Bright Medical LLC,"7183 Tech Park Way, Los Angeles, AZ 27771",billing@bright-medical.com,XQ-6499593,Services,SmartInvoiceInc,"100 Commerce Blvd, Dallas, TX 75201",18,10631.67,8.25,877.11,11508.78,2024-02-29,1
INV-2024-0227,2024-10-10,10,2024-12-09,Net 60,60,USD,V046,Titan Freight Co,"3445 Venture Blvd, New York, NY 44674",billing@titan-freight.com,OY-3319049,Technology,SmartInvoiceInc,"100 Commerce Blvd, Dallas, TX 75201",14,4022.34,8.0,321.79,4344.13,2024-12-09,0
INV-2023-0103,2023-05-16,5,2023-05-31,Net 15,15,USD,V099,Pioneer Works Corp,"1600 Industrial Dr, Los Angeles, GA 29426",billing@pioneer-works.com,RJ-1066150,Technology,SmartInvoiceInc,"100 Commerce Blvd, Dallas, TX 75201",1,20765.9,7.5,1557.44,22323.34,2023-05-31,0
INV-2022-0085,2022-04-27,4,2022-06-26,Net 60,60,USD,V061,Prime Solutions Co,"3787 Innovation Rd, Austin, GA 77506",billing@prime-solutions.com,FF-4369538,Services,SmartInvoiceInc,"100 Commerce Blvd, Dallas, TX 75201",2,38808.36,7.0,2716.59,41524.95,2022-06-26,0
INV-2023-0015,2023-01-21,1,2023-02-05,Net 15,15,USD,V034,Summit Ventures Co,"4909 Venture Blvd, Austin, TX 66397",billing@summit-ventures.com,IN-7195200,Services,SmartInvoiceInc,"100 Commerce Blvd, Dallas, TX 75201",17,27185.18,8.0,2174.81,29359.99,2023-02-10,1
INV-2023-0158,2023-08-07,8,2023-09-06,Net 30,30,USD,V095,Pacific Supplies Group,"2422 Enterprise Ave, Dallas, TX 59481",billing@pacific-supplies.com,YW-8599600,Retail,SmartInvoiceInc,"100 Commerce Blvd, Dallas, TX 75201",9,500.58,6.25,31.29,531.87,2023-09-12,1
INV-2023-0021,2023-01-30,1,2023-03-01,Net 30,30,USD,V057,Pioneer Consulting Inc,"1704 Industrial Dr, San Francisco, WA 80792",billing@pioneer-consulting.com,BL-2384418,Services,SmartInvoiceInc,"100 Commerce Blvd, Dallas, TX 75201",8,11693.2,8.5,993.92,12687.12,2023-03-21,1
INV-2024-0275,2024-12-23,12,2025-02-21,Net 60,60,USD,V003,Global Logistics LLC,"9032 Venture Blvd, San Francisco, GA 11150",billing@global-logistics.com,IL-7095929,Manufacturing,SmartInvoiceInc,"100 Commerce Blvd, Dallas, TX 75201",19,3069.1,8.0,245.53,3314.63,2025-02-21,0
INV-2023-0256,2023-12-22,12,2024-02-05,Net 45,45,USD,V038,Horizon Freight Corp,"1431 Trade Center Dr, New York, TX 52318",billing@horizon-freight.com,WJ-2296516,Healthcare,SmartInvoiceInc,"100 Commerce Blvd, Dallas, TX 75201",4,37223.87,8.25,3070.97,40294.84,2024-02-05,0
INV-2022-0053,2022-03-13,3,2022-04-12,Net 30,30,USD,V058,Alpha Parts Inc,"5515 Business Pkwy, Chicago, CO 68596",billing@alpha-parts.com,NC-1873172,Healthcare,SmartInvoiceInc,"100 Commerce Blvd, Dallas, TX 75201",5,35774.76,7.5,2683.11,38457.87,2022-05-18,1
INV-2022-0177,2022-10-01,10,2022-11-30,Net 60,60,USD,V039,Elite Labs Group,"237 Innovation Rd, Dallas, AZ 29963",billing@elite-labs.com,TX-2849396,Manufacturing,SmartInvoiceInc,"100 Commerce Blvd, Dallas, TX 75201",8,33220.21,7.5,2491.52,35711.73,2022-11-30,0
INV-2022-0231,2022-12-04,12,2023-01-03,Net 30,30,USD,V042,Summit Capital Co,"5685 Venture Blvd, New York, IL 49749",billing@summit-capital.com,AE-3245131,Manufacturing,SmartInvoiceInc,"100 Commerce Blvd, Dallas, TX 75201",2,39141.27,6.25,2446.33,41587.6,2023-02-04,1
INV-2023-0178,2023-08-30,8,2023-09-29,Net 30,30,USD,V010,Prime Cloud Group,"8102 Commerce Blvd, Dallas, WA 79449",billing@prime-cloud.com,KL-3248988,Healthcare,SmartInvoiceInc,"100 Commerce Blvd, Dallas, TX 75201",17,30276.92,8.0,2422.15,32699.07,2023-09-29,0
INV-2022-0122,2022-06-15,6,2022-06-30,Net 15,15,USD,V021,Swift Ventures LLC,"9509 Enterprise Ave, San Francisco, OH 36962",billing@swift-ventures.com,HP-7243669,Retail,SmartInvoiceInc,"100 Commerce Blvd, Dallas, TX 75201",6,39146.23,9.0,3523.16,42669.39,2022-08-05,1
INV-2022-0011,2022-01-11,1,2022-01-26,Net 15,15,USD,V081,Acme Consulting Group,"5719 Enterprise Ave, New York, IL 96925",billing@acme-consulting.com,WP-5241361,Manufacturing,SmartInvoiceInc,"100 Commerce Blvd, Dallas, TX 75201",2,35011.86,9.0,3151.07,38162.93,2022-01-27,1
INV-2023-0264,2023-12-30,12,2024-01-29,Net 30,30,USD,V023,Titan Marketing LLC,"6077 Tech Park Way, Miami, NY 96188",billing@titan-marketing.com,MR-5984445,Manufacturing,SmartInvoiceInc,"100 Commerce Blvd, Dallas, TX 75201",7,42598.34,6.25,2662.4,45260.74,2024-03-10,1
INV-2024-0057,2024-03-11,3,2024-03-26,Net 15,15,USD,V093,Delta Labs Corp,"7201 Industrial Dr, Atlanta, AZ 11524",billing@delta-labs.com,II-7984720,Technology,SmartInvoiceInc,"100 Commerce Blvd, Dallas, TX 75201",13,11062.97,8.0,885.04,11948.01,2024-03-26,0
INV-2022-0074,2022-04-12,4,2022-04-27,Net 15,15,USD,V003,Global Logistics LLC,"9032 Venture Blvd, San Francisco, GA 11150",billing@global-logistics.com,IL-7095929,Manufacturing,SmartInvoiceInc,"100 Commerce Blvd, Dallas, TX 75201",17,36489.31,9.0,3284.04,39773.35,2022-04-28,1
INV-2024-0038,2024-02-18,2,2024-04-03,Net 45,45,USD,V081,Acme Consulting Group,"5719 Enterprise Ave, New York, IL 96925",billing@acme-consulting.com,WP-5241361,Manufacturing,SmartInvoiceInc,"100 Commerce Blvd, Dallas, TX 75201",15,25580.3,8.0,2046.42,27626.72,2024-04-03,0
INV-2022-0142,2022-08-02,8,2022-09-16,Net 45,45,USD,V083,Metro Freight Group,"3694 Venture Blvd, Houston, NY 86918",billing@metro-freight.com,LT-7193956,Technology,SmartInvoiceInc,"100 Commerce Blvd, Dallas, TX 75201",20,6656.95,8.5,565.84,7222.79,2022-09-16,0
INV-2023-0031,2023-02-05,2,2023-03-07,Net 30,30,USD,V014,Swift Parts Inc,"3067 Tech Park Way, Dallas, NY 95999",billing@swift-parts.com,DR-1070640,Healthcare,SmartInvoiceInc,"100 Commerce Blvd, Dallas, TX 75201",4,28169.54,8.25,2323.99,30493.53,2023-03-07,0
INV-2023-0163,2023-08-11,8,2023-08-26,Net 15,15,USD,V097,Beacon Logistics LLC,"5487 Venture Blvd, Atlanta, AZ 37935",billing@beacon-logistics.com,JP-4813270,Manufacturing,SmartInvoiceInc,"100 Commerce Blvd, Dallas, TX 75201",8,3057.6,6.25,191.1,3248.7,2023-09-11,1
INV-2024-0114,2024-06-07,6,2024-08-06,Net 60,60,USD,V006,Apex Solutions Co,"2241 Market St, San Francisco, AZ 45247",billing@apex-solutions.com,UG-6698848,Healthcare,SmartInvoiceInc,"100 Commerce Blvd, Dallas, TX 75201",13,48094.91,8.5,4088.07,52182.98,2024-08-06,0
INV-2024-0263,2024-12-05,12,2025-02-03,Net 60,60,USD,V076,Bright Cloud Inc,"4624 Innovation Rd, Austin, CA 43536",billing@bright-cloud.com,NS-1703662,Manufacturing,SmartInvoiceInc,"100 Commerce Blvd, Dallas, TX 75201",11,43332.14,8.0,3466.57,46798.71,2025-02-03,0
INV-2023-0171,2023-08-15,8,2023-09-29,Net 45,45,USD,V044,Global Systems Inc,"1376 Market St, Chicago, OH 18717",billing@global-systems.com,ZW-1067661,Manufacturing,SmartInvoiceInc,"100 Commerce Blvd, Dallas, TX 75201",2,43634.99,7.5,3272.62,46907.61,2023-09-29,0
INV-2022-0067,2022-04-02,4,2022-05-17,Net 45,45,USD,V072,Elite Supplies LLC,"8170 Industrial Dr, Houston, TX 16783",billing@elite-supplies.com,KL-1996530,Technology,SmartInvoiceInc,"100 Commerce Blvd, Dallas, TX 75201",14,31431.27,7.5,2357.35,33788.62,2022-05-17,0
INV-2023-0219,2023-11-04,11,2023-12-19,Net 45,45,USD,V083,Metro Freight Group,"3694 Venture Blvd, Houston, NY 86918",billing@metro-freight.com,LT-7193956,Technology,SmartInvoiceInc,"100 Commerce Blvd, Dallas, TX 75201",18,12751.75,8.0,1020.14,13771.89,2023-12-31,1
INV-2023-0250,2023-12-15,12,2024-01-29,Net 45,45,USD,V053,Pinnacle Labs LLC,"946 Innovation Rd, Seattle, NY 98236",billing@pinnacle-labs.com,LE-1064323,Services,SmartInvoiceInc,"100 Commerce Blvd, Dallas, TX 75201",5,17971.45,6.25,1123.22,19094.67,2024-01-29,0
INV-2024-0153,2024-07-24,7,2024-08-08,Net 15,15,USD,V005,Apex Logistics Co,"7104 Corporate Ln, Austin, AZ 77215",billing@apex-logistics.com,SE-9744220,Retail,SmartInvoiceInc,"100 Commerce Blvd, Dallas, TX 75201",14,30472.49,7.5,2285.44,32757.93,2024-09-18,1
INV-2022-0156,2022-08-30,8,2022-09-29,Net 30,30,USD,V019,Pioneer Marketing Co,"5261 Venture Blvd, Miami, AZ 19348",billing@pioneer-marketing.com,CW-3276360,Manufacturing,SmartInvoiceInc,"100 Commerce Blvd, Dallas, TX 75201",5,4069.5,8.5,345.91,4415.41,2022-09-29,0
INV-2022-0001,2022-01-02,1,2022-01-17,Net 15,15,USD,V068,Nexus Energy Group,"3976 Innovation Rd, Seattle, TX 75310",billing@nexus-energy.com,ZI-9887324,Technology,SmartInvoiceInc,"100 Commerce Blvd, Dallas, TX 75201",13,39350.66,9.0,3541.56,42892.22,2022-01-17,0
INV-2022-0149,2022-08-13,8,2022-09-27,Net 45,45,USD,V014,Swift Parts Inc,"3067 Tech Park Way, Dallas, NY 95999",billing@swift-parts.com,DR-1070640,Healthcare,SmartInvoiceInc,"100 Commerce Blvd, Dallas, TX 75201",19,39370.81,8.25,3248.09,42618.9,2022-10-26,1
INV-2024-0058,2024-03-11,3,2024-04-10,Net 30,30,USD,V024,Nexus Marketing Group,"6719 Innovation Rd, Atlanta, GA 62224",billing@nexus-marketing.com,CM-6304509,Technology,SmartInvoiceInc,"100 Commerce Blvd, Dallas, TX 75201",10,45779.19,7.0,3204.54,48983.73,2024-04-10,0
INV-2023-0166,2023-08-12,8,2023-08-27,Net 15,15,USD,V074,Summit Systems LLC,"5688 Commerce Blvd, Miami, TX 56163",billing@summit-systems.com,IQ-3412149,Retail,SmartInvoiceInc,"100 Commerce Blvd, Dallas, TX 75201",2,48548.49,8.25,4005.25,52553.74,2023-08-27,0
INV-2022-0083,2022-04-26,4,2022-05-11,Net 15,15,USD,V041,Titan Tech Group,"8572 Tech Park Way, Austin, CA 38732",billing@titan-tech.com,ZS-8757202,Healthcare,SmartInvoiceInc,"100 Commerce Blvd, Dallas, TX 75201",18,35375.44,6.25,2210.97,37586.41,2022-05-23,1
INV-2024-0141,2024-07-06,7,2024-08-20,Net 45,45,USD,V071,Pinnacle Supplies Inc,"8493 Market St, Atlanta, IL 23224",billing@pinnacle-supplies.com,CT-2017433,Services,SmartInvoiceInc,"100 Commerce Blvd, Dallas, TX 75201",3,10663.98,6.25,666.5,11330.48,2024-08-20,0
INV-2022-0132,2022-07-13,7,2022-09-11,Net 60,60,USD,V002,Vanguard Supplies Group,"6899 Industrial Dr, Seattle, NY 96672",billing@vanguard-supplies.com,XS-7319707,Manufacturing,SmartInvoiceInc,"100 Commerce Blvd, Dallas, TX 75201",10,34644.05,7.0,2425.08,37069.13,2022-09-11,0
INV-2024-0102,2024-05-20,5,2024-07-04,Net 45,45,USD,V039,Elite Labs Group,"237 Innovation Rd, Dallas, AZ 29963",billing@elite-labs.com,TX-2849396,Manufacturing,SmartInvoiceInc,"100 Commerce Blvd, Dallas, TX 75201",15,47595.45,7.5,3569.66,51165.11,2024-07-24,1
INV-2022-0064,2022-03-31,3,2022-05-30,Net 60,60,USD,V019,Pioneer Marketing Co,"5261 Venture Blvd, Miami, AZ 19348",billing@pioneer-marketing.com,CW-3276360,Manufacturing,SmartInvoiceInc,"100 Commerce Blvd, Dallas, TX 75201",3,32600.99,8.5,2771.08,35372.07,2022-05-30,0
INV-2022-0087,2022-05-02,5,2022-06-16,Net 45,45,USD,V022,Acme Capital Inc,"8802 Corporate Ln, Atlanta, FL 45909",billing@acme-capital.com,SL-9415398,Services,SmartInvoiceInc,"100 Commerce Blvd, Dallas, TX 75201",6,12919.21,7.0,904.34,13823.55,2022-06-16,0
INV-2022-0101,2022-05-23,5,2022-07-22,Net 60,60,USD,V096,Sterling Security Corp,"5995 Enterprise Ave, Dallas, GA 64756",billing@sterling-security.com,VP-7611653,Technology,SmartInvoiceInc,"100 Commerce Blvd, Dallas, TX 75201",6,15988.92,8.0,1279.11,17268.03,2022-07-22,0
INV-2024-0211,2024-09-20,9,2024-10-05,Net 15,15,USD,V002,Vanguard Supplies Group,"6899 Industrial Dr, Seattle, NY 96672",billing@vanguard-supplies.com,XS-7319707,Manufacturing,SmartInvoiceInc,"100 Commerce Blvd, Dallas, TX 75201",4,47363.32,7.0,3315.43,50678.75,2024-10-20,1
INV-2022-0077,2022-04-16,4,2022-05-16,Net 30,30,USD,V059,Global Medical Co,"2998 Venture Blvd, Los Angeles, CO 24060",billing@global-medical.com,JY-1829735,Services,SmartInvoiceInc,"100 Commerce Blvd, Dallas, TX 75201",19,44208.19,7.5,3315.61,47523.8,2022-05-16,0
INV-2024-0112,2024-06-05,6,2024-07-05,Net 30,30,USD,V100,Swift Capital Corp,"2767 Industrial Dr, Austin, IL 12983",billing@swift-capital.com,ZW-2841648,Retail,SmartInvoiceInc,"100 Commerce Blvd, Dallas, TX 75201",13,20703.51,6.25,1293.97,21997.48,2024-07-05,0
INV-2023-0052,2023-03-04,3,2023-03-19,Net 15,15,USD,V007,Pinnacle Legal LLC,"6765 Business Pkwy, San Francisco, FL 78385",billing@pinnacle-legal.com,TJ-4693305,Services,SmartInvoiceInc,"100 Commerce Blvd, Dallas, TX 75201",9,22787.59,6.25,1424.22,24211.81,2023-03-28,1
INV-2022-0214,2022-11-13,11,2022-12-13,Net 30,30,USD,V046,Titan Freight Co,"3445 Venture Blvd, New York, NY 44674",billing@titan-freight.com,OY-3319049,Technology,SmartInvoiceInc,"100 Commerce Blvd, Dallas, TX 75201",6,48861.84,6.25,3053.86,51915.7,2022-12-13,0
INV-2023-0196,2023-09-27,9,2023-10-27,Net 30,30,USD,V027,Delta Security Inc,"6290 Trade Center Dr, Dallas, TX 78866",billing@delta-security.com,PW-6118922,Retail,SmartInvoiceInc,"100 Commerce Blvd, Dallas, TX 75201",18,5084.96,7.5,381.37,5466.33,2023-11-21,1
INV-2022-0008,2022-01-09,1,2022-02-23,Net 45,45,USD,V028,Pioneer Systems LLC,"5163 Business Pkwy, Chicago, IL 39703",billing@pioneer-systems.com,ZD-7655623,Manufacturing,SmartInvoiceInc,"100 Commerce Blvd, Dallas, TX 75201",15,40953.99,7.5,3071.55,44025.54,2022-02-23,0
INV-2024-0034,2024-02-13,2,2024-03-29,Net 45,45,USD,V026,Titan Partners Co,"5010 Enterprise Ave, New York, IL 71642",billing@titan-partners.com,ED-1423570,Retail,SmartInvoiceInc,"100 Commerce Blvd, Dallas, TX 75201",17,27570.36,6.25,1723.15,29293.51,2024-04-18,1
INV-2022-0147,2022-08-11,8,2022-09-25,Net 45,45,USD,V040,Elite Tech Co,"6369 Tech Park Way, Atlanta, GA 90719",billing@elite-tech.com,KV-2072647,Retail,SmartInvoiceInc,"100 Commerce Blvd, Dallas, TX 75201",17,41009.29,9.0,3690.84,44700.13,2022-09-25,0
INV-2023-0135,2023-07-07,7,2023-09-05,Net 60,60,USD,V047,Elite Energy Inc,"6329 Venture Blvd, Atlanta, TX 13596",billing@elite-energy.com,TY-1467010,Technology,SmartInvoiceInc,"100 Commerce Blvd, Dallas, TX 75201",1,11113.12,8.25,916.83,12029.95,2023-10-09,1
INV-2023-0254,2023-12-17,12,2024-01-31,Net 45,45,USD,V040,Elite Tech Co,"6369 Tech Park Way, Atlanta, GA 90719",billing@elite-tech.com,KV-2072647,Retail,SmartInvoiceInc,"100 Commerce Blvd, Dallas, TX 75201",18,36770.31,7.0,2573.92,39344.23,2024-01-31,0
INV-2022-0079,2022-04-21,4,2022-05-21,Net 30,30,USD,V016,Summit Freight Inc,"1465 Tech Park Way, Dallas, FL 26779",billing@summit-freight.com,IS-7197323,Technology,SmartInvoiceInc,"100 Commerce Blvd, Dallas, TX 75201",16,16985.23,7.0,1188.97,18174.2,2022-05-21,0
INV-2022-0165,2022-09-08,9,2022-11-07,Net 60,60,USD,V019,Pioneer Marketing Co,"5261 Venture Blvd, Miami, AZ 19348",billing@pioneer-marketing.com,CW-3276360,Manufacturing,SmartInvoiceInc,"100 Commerce Blvd, Dallas, TX 75201",13,39445.09,7.5,2958.38,42403.47,2022-11-07,0
INV-2023-0013,2023-01-18,1,2023-03-04,Net 45,45,USD,V065,Delta Tech Group,"2991 Industrial Dr, Austin, NY 85683",billing@delta-tech.com,DZ-8726890,Services,SmartInvoiceInc,"100 Commerce Blvd, Dallas, TX 75201",14,14929.04,8.5,1268.97,16198.01,2023-03-04,0
INV-2022-0007,2022-01-07,1,2022-01-22,Net 15,15,USD,V073,Acme Systems Group,"3672 Innovation Rd, Dallas, TX 47148",billing@acme-systems.com,KV-6786265,Retail,SmartInvoiceInc,"100 Commerce Blvd, Dallas, TX 75201",6,40086.08,9.0,3607.75,43693.83,2022-02-19,1
INV-2023-0072,2023-04-04,4,2023-05-04,Net 30,30,USD,V097,Beacon Logistics LLC,"5487 Venture Blvd, Atlanta, AZ 37935",billing@beacon-logistics.com,JP-4813270,Manufacturing,SmartInvoiceInc,"100 Commerce Blvd, Dallas, TX 75201",5,33489.92,7.5,2511.74,36001.66,2023-05-04,0
INV-2022-0138,2022-07-27,7,2022-08-26,Net 30,30,USD,V061,Prime Solutions Co,"3787 Innovation Rd, Austin, GA 77506",billing@prime-solutions.com,FF-4369538,Services,SmartInvoiceInc,"100 Commerce Blvd, Dallas, TX 75201",11,32078.74,8.5,2726.69,34805.43,2022-08-26,0
INV-2024-0124,2024-06-18,6,2024-07-18,Net 30,30,USD,V036,Delta Partners Corp,"4463 Commerce Blvd, New York, IL 34285",billing@delta-partners.com,YQ-6165679,Healthcare,SmartInvoiceInc,"100 Commerce Blvd, Dallas, TX 75201",11,46845.89,8.0,3747.67,50593.56,2024-08-09,1
INV-2022-0025,2022-01-22,1,2022-02-21,Net 30,30,USD,V011,Acme Legal Group,"5826 Industrial Dr, Austin, CA 37350",billing@acme-legal.com,QZ-5833177,Manufacturing,SmartInvoiceInc,"100 Commerce Blvd, Dallas, TX 75201",13,15401.78,9.0,1386.16,16787.94,2022-03-17,1
INV-2023-0037,2023-02-14,2,2023-04-15,Net 60,60,USD,V068,Nexus Energy Group,"3976 Innovation Rd, Seattle, TX 75310",billing@nexus-energy.com,ZI-9887324,Technology,SmartInvoiceInc,"100 Commerce Blvd, Dallas, TX 75201",15,14411.39,7.5,1080.85,15492.24,2023-04-15,0
INV-2024-0121,2024-06-13,6,2024-07-13,Net 30,30,USD,V001,Metro Legal Co,"5791 Enterprise Ave, Miami, FL 64021",billing@metro-legal.com,MT-6143901,Services,SmartInvoiceInc,"100 Commerce Blvd, Dallas, TX 75201",6,6038.09,8.25,498.14,6536.23,2024-07-23,1
INV-2023-0112,2023-05-30,5,2023-06-14,Net 15,15,USD,V092,Pinnacle Capital Co,"7579 Commerce Blvd, Seattle, FL 84478",billing@pinnacle-capital.com,TS-6703394,Retail,SmartInvoiceInc,"100 Commerce Blvd, Dallas, TX 75201",18,44143.69,8.25,3641.85,47785.54,2023-06-14,0
INV-2024-0064,2024-03-19,3,2024-05-03,Net 45,45,USD,V083,Metro Freight Group,"3694 Venture Blvd, Houston, NY 86918",billing@metro-freight.com,LT-7193956,Technology,SmartInvoiceInc,"100 Commerce Blvd, Dallas, TX 75201",4,14814.78,8.0,1185.18,15999.96,2024-05-03,0
INV-2024-0104,2024-05-23,5,2024-07-22,Net 60,60,USD,V027,Delta Security Inc,"6290 Trade Center Dr, Dallas, TX 78866",billing@delta-security.com,PW-6118922,Retail,SmartInvoiceInc,"100 Commerce Blvd, Dallas, TX 75201",10,27009.91,8.25,2228.32,29238.23,2024-07-22,0
INV-2022-0014,2022-01-14,1,2022-03-15,Net 60,60,USD,V052,Pinnacle Tech Corp,"8295 Business Pkwy, New York, TX 94471",billing@pinnacle-tech.com,FS-3357821,Technology,SmartInvoiceInc,"100 Commerce Blvd, Dallas, TX 75201",13,15735.89,9.0,1416.23,17152.12,2022-03-15,0
INV-2024-0185,2024-08-28,8,2024-09-27,Net 30,30,USD,V036,Delta Partners Corp,"4463 Commerce Blvd, New York, IL 34285",billing@delta-partners.com,YQ-6165679,Healthcare,SmartInvoiceInc,"100 Commerce Blvd, Dallas, TX 75201",10,18989.25,7.0,1329.25,20318.5,2024-09-27,0
INV-2024-0194,2024-09-04,9,2024-09-19,Net 15,15,USD,V097,Beacon Logistics LLC,"5487 Venture Blvd, Atlanta, AZ 37935",billing@beacon-logistics.com,JP-4813270,Manufacturing,SmartInvoiceInc,"100 Commerce Blvd, Dallas, TX 75201",9,4343.22,8.25,358.32,4701.54,2024-09-19,0
INV-2024-0228,2024-10-10,10,2024-10-25,Net 15,15,USD,V022,Acme Capital Inc,"8802 Corporate Ln, Atlanta, FL 45909",billing@acme-capital.com,SL-9415398,Services,SmartInvoiceInc,"100 Commerce Blvd, Dallas, TX 75201",5,34008.57,6.25,2125.54,36134.11,2024-11-10,1
INV-2024-0242,2024-11-01,11,2024-12-01,Net 30,30,USD,V067,Horizon Parts Group,"7883 Industrial Dr, Atlanta, TX 66942",billing@horizon-parts.com,HK-3792427,Retail,SmartInvoiceInc,"100 Commerce Blvd, Dallas, TX 75201",9,8438.09,8.25,696.14,9134.23,2024-12-01,0
INV-2022-0063,2022-03-28,3,2022-04-27,Net 30,30,USD,V032,Pacific Logistics Inc,"7549 Trade Center Dr, New York, TX 56540",billing@pacific-logistics.com,AB-8153768,Services,SmartInvoiceInc,"100 Commerce Blvd, Dallas, TX 75201",20,11865.11,9.0,1067.86,12932.97,2022-04-27,0
INV-2024-0129,2024-06-27,6,2024-07-27,Net 30,30,USD,V085,Nexus Security Inc,"3286 Commerce Blvd, Atlanta, WA 70774",billing@nexus-security.com,IV-3245909,Services,SmartInvoiceInc,"100 Commerce Blvd, Dallas, TX 75201",5,36753.85,7.0,2572.77,39326.62,2024-08-29,1
INV-2022-0088,2022-05-02,5,2022-05-17,Net 15,15,USD,V030,Delta Solutions Group,"2879 Tech Park Way, New York, CA 66178",billing@delta-solutions.com,EO-6187480,Manufacturing,SmartInvoiceInc,"100 Commerce Blvd, Dallas, TX 75201",11,36754.49,7.5,2756.59,39511.08,2022-05-27,1
INV-2024-0017,2024-01-20,1,2024-02-19,Net 30,30,USD,V036,Delta Partners Corp,"4463 Commerce Blvd, New York, IL 34285",billing@delta-partners.com,YQ-6165679,Healthcare,SmartInvoiceInc,"100 Commerce Blvd, Dallas, TX 75201",9,10988.77,7.5,824.16,11812.93,2024-03-09,1
INV-2023-0224,2023-11-16,11,2023-12-16,Net 30,30,USD,V015,Prime Parts Group,"3540 Corporate Ln, Miami, CO 78450",billing@prime-parts.com,IQ-6781565,Retail,SmartInvoiceInc,"100 Commerce Blvd, Dallas, TX 75201",8,49319.21,6.25,3082.45,52401.66,2024-01-18,1
INV-2022-0206,2022-11-05,11,2022-12-20,Net 45,45,USD,V019,Pioneer Marketing Co,"5261 Venture Blvd, Miami, AZ 19348",billing@pioneer-marketing.com,CW-3276360,Manufacturing,SmartInvoiceInc,"100 Commerce Blvd, Dallas, TX 75201",10,20887.3,7.0,1462.11,22349.41,2023-01-23,1
INV-2023-0235,2023-11-26,11,2023-12-26,Net 30,30,USD,V013,Summit Partners Corp,"512 Innovation Rd, Los Angeles, CO 70692",billing@summit-partners.com,YD-8122313,Healthcare,SmartInvoiceInc,"100 Commerce Blvd, Dallas, TX 75201",1,31755.24,9.0,2857.97,34613.21,2024-01-24,1
INV-2022-0186,2022-10-15,10,2022-12-14,Net 60,60,USD,V039,Elite Labs Group,"237 Innovation Rd, Dallas, AZ 29963",billing@elite-labs.com,TX-2849396,Manufacturing,SmartInvoiceInc,"100 Commerce Blvd, Dallas, TX 75201",17,10709.48,8.25,883.53,11593.01,2022-12-14,0
INV-2022-0203,2022-11-03,11,2022-12-18,Net 45,45,USD,V067,Horizon Parts Group,"7883 Industrial Dr, Atlanta, TX 66942",billing@horizon-parts.com,HK-3792427,Retail,SmartInvoiceInc,"100 Commerce Blvd, Dallas, TX 75201",17,47596.38,6.25,2974.77,50571.15,2023-01-04,1
INV-2024-0134,2024-07-02,7,2024-07-17,Net 15,15,USD,V043,Swift Partners LLC,"7340 Venture Blvd, Atlanta, CO 53221",billing@swift-partners.com,OX-4125354,Healthcare,SmartInvoiceInc,"100 Commerce Blvd, Dallas, TX 75201",3,28253.58,8.25,2330.92,30584.5,2024-08-12,1
INV-2023-0207,2023-10-24,10,2023-11-08,Net 15,15,USD,V016,Summit Freight Inc,"1465 Tech Park Way, Dallas, FL 26779",billing@summit-freight.com,IS-7197323,Technology,SmartInvoiceInc,"100 Commerce Blvd, Dallas, TX 75201",9,27015.0,6.25,1688.44,28703.44,2023-11-08,0
INV-2023-0134,2023-07-03,7,2023-09-01,Net 60,60,USD,V086,Swift Consulting Group,"6909 Venture Blvd, Houston, GA 84532",billing@swift-consulting.com,KF-2014929,Healthcare,SmartInvoiceInc,"100 Commerce Blvd, Dallas, TX 75201",9,24512.19,7.5,1838.41,26350.6,2023-09-08,1
INV-2022-0211,2022-11-08,11,2022-11-23,Net 15,15,USD,V078,Beacon Legal LLC,"1581 Tech Park Way, Houston, TX 91974",billing@beacon-legal.com,RG-8449607,Technology,SmartInvoiceInc,"100 Commerce Blvd, Dallas, TX 75201",19,41119.64,6.25,2569.98,43689.62,2022-11-23,0
INV-2024-0103,2024-05-22,5,2024-07-06,Net 45,45,USD,V003,Global Logistics LLC,"9032 Venture Blvd, San Francisco, GA 11150",billing@global-logistics.com,IL-7095929,Manufacturing,SmartInvoiceInc,"100 Commerce Blvd, Dallas, TX 75201",14,19697.39,7.0,1378.82,21076.21,2024-07-06,0
INV-2024-0268,2024-12-18,12,2025-01-17,Net 30,30,USD,V048,Pacific Tech Co,"9461 Market St, New York, CA 22910",billing@pacific-tech.com,HH-9469872,Retail,SmartInvoiceInc,"100 Commerce Blvd, Dallas, TX 75201",8,43928.85,8.0,3514.31,47443.16,2025-02-26,1
INV-2024-0148,2024-07-12,7,2024-08-26,Net 45,45,USD,V036,Delta Partners Corp,"4463 Commerce Blvd, New York, IL 34285",billing@delta-partners.com,YQ-6165679,Healthcare,SmartInvoiceInc,"100 Commerce Blvd, Dallas, TX 75201",20,32591.74,8.25,2688.82,35280.56,2024-09-08,1
INV-2024-0021,2024-01-25,1,2024-02-24,Net 30,30,USD,V045,Apex Freight Co,"6909 Innovation Rd, Austin, GA 15122",billing@apex-freight.com,OW-4708654,Retail,SmartInvoiceInc,"100 Commerce Blvd, Dallas, TX 75201",15,11961.65,8.25,986.84,12948.49,2024-02-24,0
INV-2022-0031,2022-02-04,2,2022-03-21,Net 45,45,USD,V093,Delta Labs Corp,"7201 Industrial Dr, Atlanta, AZ 11524",billing@delta-labs.com,II-7984720,Technology,SmartInvoiceInc,"100 Commerce Blvd, Dallas, TX 75201",19,3965.17,8.5,337.04,4302.21,2022-03-21,0
INV-2023-0057,2023-03-21,3,2023-05-05,Net 45,45,USD,V059,Global Medical Co,"2998 Venture Blvd, Los Angeles, CO 24060",billing@global-medical.com,JY-1829735,Services,SmartInvoiceInc,"100 Commerce Blvd, Dallas, TX 75201",4,23479.81,8.0,1878.38,25358.19,2023-06-05,1
INV-2022-0070,2022-04-03,4,2022-05-18,Net 45,45,USD,V096,Sterling Security Corp,"5995 Enterprise Ave, Dallas, GA 64756",billing@sterling-security.com,VP-7611653,Technology,SmartInvoiceInc,"100 Commerce Blvd, Dallas, TX 75201",11,41652.7,6.25,2603.29,44255.99,2022-05-18,0
INV-2022-0245,2022-12-19,12,2023-02-17,Net 60,60,USD,V031,Titan Capital LLC,"2971 Industrial Dr, San Francisco, GA 11015",billing@titan-capital.com,AV-9416320,Manufacturing,SmartInvoiceInc,"100 Commerce Blvd, Dallas, TX 75201",2,38754.07,9.0,3487.87,42241.94,2023-03-25,1
INV-2024-0127,2024-06-21,6,2024-07-06,Net 15,15,USD,V008,Apex Security LLC,"9923 Commerce Blvd, Chicago, IL 26364",billing@apex-security.com,DP-2100567,Manufacturing,SmartInvoiceInc,"100 Commerce Blvd, Dallas, TX 75201",5,26293.12,8.5,2234.92,28528.04,2024-07-06,0
INV-2024-0095,2024-05-11,5,2024-07-10,Net 60,60,USD,V058,Alpha Parts Inc,"5515 Business Pkwy, Chicago, CO 68596",billing@alpha-parts.com,NC-1873172,Healthcare,SmartInvoiceInc,"100 Commerce Blvd, Dallas, TX 75201",17,1224.1,7.5,91.81,1315.91,2024-07-10,0
INV-2022-0115,2022-06-08,6,2022-07-23,Net 45,45,USD,V029,Nexus Freight Group,"639 Enterprise Ave, Atlanta, FL 30159",billing@nexus-freight.com,VQ-5010912,Healthcare,SmartInvoiceInc,"100 Commerce Blvd, Dallas, TX 75201",7,33292.96,9.0,2996.37,36289.33,2022-07-23,0
INV-2024-0172,2024-08-14,8,2024-09-13,Net 30,30,USD,V029,Nexus Freight Group,"639 Enterprise Ave, Atlanta, FL 30159",billing@nexus-freight.com,VQ-5010912,Healthcare,SmartInvoiceInc,"100 Commerce Blvd, Dallas, TX 75201",17,13282.44,9.0,1195.42,14477.86,2024-09-13,0
INV-2022-0026,2022-01-24,1,2022-02-23,Net 30,30,USD,V064,Swift Labs Inc,"6128 Market St, Chicago, FL 50631",billing@swift-labs.com,OH-7356228,Healthcare,SmartInvoiceInc,"100 Commerce Blvd, Dallas, TX 75201",4,42702.96,8.25,3522.99,46225.95,2022-02-23,0
INV-2023-0032,2023-02-08,2,2023-04-09,Net 60,60,USD,V042,Summit Capital Co,"5685 Venture Blvd, New York, IL 49749",billing@summit-capital.com,AE-3245131,Manufacturing,SmartInvoiceInc,"100 Commerce Blvd, Dallas, TX 75201",10,21041.08,7.5,1578.08,22619.16,2023-04-09,0
INV-2024-0061,2024-03-15,3,2024-05-14,Net 60,60,USD,V008,Apex Security LLC,"9923 Commerce Blvd, Chicago, IL 26364",billing@apex-security.com,DP-2100567,Manufacturing,SmartInvoiceInc,"100 Commerce Blvd, Dallas, TX 75201",8,30188.68,7.0,2113.21,32301.89,2024-05-14,0
INV-2023-0115,2023-05-31,5,2023-06-30,Net 30,30,USD,V076,Bright Cloud Inc,"4624 Innovation Rd, Austin, CA 43536",billing@bright-cloud.com,NS-1703662,Manufacturing,SmartInvoiceInc,"100 Commerce Blvd, Dallas, TX 75201",12,37414.79,6.25,2338.42,39753.21,2023-06-30,0
INV-2024-0002,2024-01-02,1,2024-03-02,Net 60,60,USD,V050,Alpha Logistics Inc,"1560 Business Pkwy, San Francisco, OH 11605",billing@alpha-logistics.com,WP-3255363,Services,SmartInvoiceInc,"100 Commerce Blvd, Dallas, TX 75201",19,41180.63,7.0,2882.64,44063.27,2024-03-02,0
INV-2023-0128,2023-06-16,6,2023-07-16,Net 30,30,USD,V062,Vanguard Security LLC,"5667 Market St, Dallas, FL 35053",billing@vanguard-security.com,GD-7867100,Technology,SmartInvoiceInc,"100 Commerce Blvd, Dallas, TX 75201",15,32019.7,7.5,2401.48,34421.18,2023-07-16,0
INV-2024-0169,2024-08-13,8,2024-09-12,Net 30,30,USD,V001,Metro Legal Co,"5791 Enterprise Ave, Miami, FL 64021",billing@metro-legal.com,MT-6143901,Services,SmartInvoiceInc,"100 Commerce Blvd, Dallas, TX 75201",13,41382.93,8.25,3414.09,44797.02,2024-09-12,0
INV-2022-0110,2022-06-01,6,2022-07-16,Net 45,45,USD,V013,Summit Partners Corp,"512 Innovation Rd, Los Angeles, CO 70692",billing@summit-partners.com,YD-8122313,Healthcare,SmartInvoiceInc,"100 Commerce Blvd, Dallas, TX 75201",4,41276.49,7.0,2889.35,44165.84,2022-07-16,0
INV-2024-0161,2024-08-04,8,2024-09-18,Net 45,45,USD,V079,Alpha Partners Inc,"6054 Innovation Rd, Miami, WA 66373",billing@alpha-partners.com,YO-4185714,Technology,SmartInvoiceInc,"100 Commerce Blvd, Dallas, TX 75201",4,23345.38,9.0,2101.08,25446.46,2024-10-08,1
INV-2023-0179,2023-08-31,8,2023-10-30,Net 60,60,USD,V084,Bright Medical LLC,"7183 Tech Park Way, Los Angeles, AZ 27771",billing@bright-medical.com,XQ-6499593,Services,SmartInvoiceInc,"100 Commerce Blvd, Dallas, TX 75201",1,21901.14,6.25,1368.82,23269.96,2023-10-30,0
INV-2023-0042,2023-02-24,2,2023-03-26,Net 30,30,USD,V022,Acme Capital Inc,"8802 Corporate Ln, Atlanta, FL 45909",billing@acme-capital.com,SL-9415398,Services,SmartInvoiceInc,"100 Commerce Blvd, Dallas, TX 75201",3,41304.18,8.0,3304.33,44608.51,2023-04-01,1
INV-2024-0098,2024-05-15,5,2024-07-14,Net 60,60,USD,V089,Delta Energy Group,"6236 Enterprise Ave, Miami, AZ 69052",billing@delta-energy.com,QZ-9752084,Retail,SmartInvoiceInc,"100 Commerce Blvd, Dallas, TX 75201",14,44461.85,9.0,4001.57,48463.42,2024-07-14,0
INV-2023-0154,2023-08-01,8,2023-08-31,Net 30,30,USD,V077,Pioneer Data LLC,"6745 Commerce Blvd, Houston, OH 35522",billing@pioneer-data.com,DA-6517366,Services,SmartInvoiceInc,"100 Commerce Blvd, Dallas, TX 75201",18,42321.13,7.5,3174.08,45495.21,2023-08-31,0
INV-2022-0227,2022-12-01,12,2023-01-30,Net 60,60,USD,V038,Horizon Freight Corp,"1431 Trade Center Dr, New York, TX 52318",billing@horizon-freight.com,WJ-2296516,Healthcare,SmartInvoiceInc,"100 Commerce Blvd, Dallas, TX 75201",20,45203.14,8.25,3729.26,48932.4,2023-01-30,0
INV-2024-0151,2024-07-20,7,2024-08-04,Net 15,15,USD,V096,Sterling Security Corp,"5995 Enterprise Ave, Dallas, GA 64756",billing@sterling-security.com,VP-7611653,Technology,SmartInvoiceInc,"100 Commerce Blvd, Dallas, TX 75201",10,783.07,7.5,58.73,841.8,2024-08-19,1
INV-2022-0193,2022-10-22,10,2022-11-06,Net 15,15,USD,V016,Summit Freight Inc,"1465 Tech Park Way, Dallas, FL 26779",billing@summit-freight.com,IS-7197323,Technology,SmartInvoiceInc,"100 Commerce Blvd, Dallas, TX 75201",13,6938.99,8.0,555.12,7494.11,2022-11-06,0
INV-2024-0022,2024-01-25,1,2024-03-10,Net 45,45,USD,V021,Swift Ventures LLC,"9509 Enterprise Ave, San Francisco, OH 36962",billing@swift-ventures.com,HP-7243669,Retail,SmartInvoiceInc,"100 Commerce Blvd, Dallas, TX 75201",11,1178.08,8.0,94.25,1272.33,2024-03-10,0
INV-2022-0126,2022-07-05,7,2022-08-04,Net 30,30,USD,V035,Pioneer Parts Co,"816 Market St, Dallas, TX 55543",billing@pioneer-parts.com,BH-9896761,Manufacturing,SmartInvoiceInc,"100 Commerce Blvd, Dallas, TX 75201",6,1348.91,7.0,94.42,1443.33,2022-08-04,0
INV-2023-0197,2023-09-29,9,2023-11-28,Net 60,60,USD,V100,Swift Capital Corp,"2767 Industrial Dr, Austin, IL 12983",billing@swift-capital.com,ZW-2841648,Retail,SmartInvoiceInc,"100 Commerce Blvd, Dallas, TX 75201",15,25825.97,7.0,1807.82,27633.79,2023-11-28,0
INV-2023-0126,2023-06-14,6,2023-06-29,Net 15,15,USD,V080,Vanguard Legal Group,"3154 Innovation Rd, Houston, NY 44911",billing@vanguard-legal.com,XN-8021855,Services,SmartInvoiceInc,"100 Commerce Blvd, Dallas, TX 75201",10,19834.38,8.0,1586.75,21421.13,2023-06-29,0
INV-2022-0021,2022-01-21,1,2022-03-07,Net 45,45,USD,V019,Pioneer Marketing Co,"5261 Venture Blvd, Miami, AZ 19348",billing@pioneer-marketing.com,CW-3276360,Manufacturing,SmartInvoiceInc,"100 Commerce Blvd, Dallas, TX 75201",2,35516.15,7.5,2663.71,38179.86,2022-03-07,0
INV-2024-0131,2024-06-29,6,2024-08-13,Net 45,45,USD,V048,Pacific Tech Co,"9461 Market St, New York, CA 22910",billing@pacific-tech.com,HH-9469872,Retail,SmartInvoiceInc,"100 Commerce Blvd, Dallas, TX 75201",11,46492.41,9.0,4184.32,50676.73,2024-08-13,0
INV-2024-0099,2024-05-16,5,2024-06-30,Net 45,45,USD,V063,Bright Capital Inc,"1050 Commerce Blvd, Los Angeles, OH 69201",billing@bright-capital.com,JE-8583354,Manufacturing,SmartInvoiceInc,"100 Commerce Blvd, Dallas, TX 75201",5,49783.74,8.0,3982.7,53766.44,2024-06-30,0
INV-2024-0052,2024-03-04,3,2024-05-03,Net 60,60,USD,V042,Summit Capital Co,"5685 Venture Blvd, New York, IL 49749",billing@summit-capital.com,AE-3245131,Manufacturing,SmartInvoiceInc,"100 Commerce Blvd, Dallas, TX 75201",6,29861.33,7.5,2239.6,32100.93,2024-05-03,0
INV-2022-0072,2022-04-10,4,2022-05-10,Net 30,30,USD,V061,Prime Solutions Co,"3787 Innovation Rd, Austin, GA 77506",billing@prime-solutions.com,FF-4369538,Services,SmartInvoiceInc,"100 Commerce Blvd, Dallas, TX 75201",18,5948.13,7.5,446.11,6394.24,2022-05-15,1
INV-2024-0019,2024-01-22,1,2024-02-06,Net 15,15,USD,V087,Bright Energy LLC,"5575 Trade Center Dr, New York, CA 49952",billing@bright-energy.com,EY-6888997,Manufacturing,SmartInvoiceInc,"100 Commerce Blvd, Dallas, TX 75201",9,3955.13,8.5,336.19,4291.32,2024-02-13,1
INV-2023-0084,2023-04-23,4,2023-05-08,Net 15,15,USD,V004,Metro Medical Inc,"7905 Business Pkwy, Atlanta, WA 66556",billing@metro-medical.com,UA-8474447,Healthcare,SmartInvoiceInc,"100 Commerce Blvd, Dallas, TX 75201",15,10606.24,8.5,901.53,11507.77,2023-05-25,1
INV-2024-0156,2024-07-28,7,2024-08-27,Net 30,30,USD,V093,Delta Labs Corp,"7201 Industrial Dr, Atlanta, AZ 11524",billing@delta-labs.com,II-7984720,Technology,SmartInvoiceInc,"100 Commerce Blvd, Dallas, TX 75201",14,3499.94,7.0,245.0,3744.94,2024-08-27,0
INV-2023-0124,2023-06-10,6,2023-07-25,Net 45,45,USD,V059,Global Medical Co,"2998 Venture Blvd, Los Angeles, CO 24060",billing@global-medical.com,JY-1829735,Services,SmartInvoiceInc,"100 Commerce Blvd, Dallas, TX 75201",15,41988.67,8.5,3569.04,45557.71,2023-07-25,0
INV-2022-0224,2022-11-30,11,2023-01-14,Net 45,45,USD,V038,Horizon Freight Corp,"1431 Trade Center Dr, New York, TX 52318",billing@horizon-freight.com,WJ-2296516,Healthcare,SmartInvoiceInc,"100 Commerce Blvd, Dallas, TX 75201",13,8107.71,8.25,668.89,8776.6,2023-01-14,0
INV-2022-0002,2022-01-02,1,2022-03-03,Net 60,60,USD,V066,Global Marketing Co,"5879 Venture Blvd, Chicago, OH 22999",billing@global-marketing.com,WO-9464685,Services,SmartInvoiceInc,"100 Commerce Blvd, Dallas, TX 75201",11,29845.59,7.5,2238.42,32084.01,2022-03-11,1
INV-2023-0002,2023-01-10,1,2023-03-11,Net 60,60,USD,V029,Nexus Freight Group,"639 Enterprise Ave, Atlanta, FL 30159",billing@nexus-freight.com,VQ-5010912,Healthcare,SmartInvoiceInc,"100 Commerce Blvd, Dallas, TX 75201",17,30538.92,8.0,2443.11,32982.03,2023-04-23,1
INV-2022-0191,2022-10-20,10,2022-12-19,Net 60,60,USD,V007,Pinnacle Legal LLC,"6765 Business Pkwy, San Francisco, FL 78385",billing@pinnacle-legal.com,TJ-4693305,Services,SmartInvoiceInc,"100 Commerce Blvd, Dallas, TX 75201",13,48821.26,7.5,3661.59,52482.85,2022-12-19,0
INV-2024-0081,2024-04-16,4,2024-06-15,Net 60,60,USD,V088,Sterling Tech Group,"1722 Enterprise Ave, Seattle, OH 71396",billing@sterling-tech.com,YF-8369434,Manufacturing,SmartInvoiceInc,"100 Commerce Blvd, Dallas, TX 75201",9,49863.28,8.0,3989.06,53852.34,2024-07-02,1
INV-2024-0217,2024-10-01,10,2024-11-15,Net 45,45,USD,V095,Pacific Supplies Group,"2422 Enterprise Ave, Dallas, TX 59481",billing@pacific-supplies.com,YW-8599600,Retail,SmartInvoiceInc,"100 Commerce Blvd, Dallas, TX 75201",8,47068.28,8.25,3883.13,50951.41,2024-12-05,1
INV-2023-0136,2023-07-07,7,2023-08-21,Net 45,45,USD,V053,Pinnacle Labs LLC,"946 Innovation Rd, Seattle, NY 98236",billing@pinnacle-labs.com,LE-1064323,Services,SmartInvoiceInc,"100 Commerce Blvd, Dallas, TX 75201",12,40940.21,7.0,2865.81,43806.02,2023-08-21,0
INV-2022-0217,2022-11-14,11,2022-12-14,Net 30,30,USD,V019,Pioneer Marketing Co,"5261 Venture Blvd, Miami, AZ 19348",billing@pioneer-marketing.com,CW-3276360,Manufacturing,SmartInvoiceInc,"100 Commerce Blvd, Dallas, TX 75201",11,39575.77,9.0,3561.82,43137.59,2023-01-17,1
INV-2023-0009,2023-01-16,1,2023-02-15,Net 30,30,USD,V020,Titan Systems LLC,"2639 Commerce Blvd, New York, GA 31677",billing@titan-systems.com,MH-7646705,Services,SmartInvoiceInc,"100 Commerce Blvd, Dallas, TX 75201",6,47147.98,8.0,3771.84,50919.82,2023-03-07,1
INV-2022-0015,2022-01-14,1,2022-01-29,Net 15,15,USD,V003,Global Logistics LLC,"9032 Venture Blvd, San Francisco, GA 11150",billing@global-logistics.com,IL-7095929,Manufacturing,SmartInvoiceInc,"100 Commerce Blvd, Dallas, TX 75201",8,6164.36,8.0,493.15,6657.51,2022-03-10,1
INV-2023-0104,2023-05-19,5,2023-06-18,Net 30,30,USD,V011,Acme Legal Group,"5826 Industrial Dr, Austin, CA 37350",billing@acme-legal.com,QZ-5833177,Manufacturing,SmartInvoiceInc,"100 Commerce Blvd, Dallas, TX 75201",8,11375.49,8.0,910.04,12285.53,2023-06-18,0
INV-2022-0152,2022-08-19,8,2022-09-03,Net 15,15,USD,V028,Pioneer Systems LLC,"5163 Business Pkwy, Chicago, IL 39703",billing@pioneer-systems.com,ZD-7655623,Manufacturing,SmartInvoiceInc,"100 Commerce Blvd, Dallas, TX 75201",4,33862.71,8.0,2709.02,36571.73,2022-09-25,1
INV-2022-0094,2022-05-10,5,2022-06-24,Net 45,45,USD,V004,Metro Medical Inc,"7905 Business Pkwy, Atlanta, WA 66556",billing@metro-medical.com,UA-8474447,Healthcare,SmartInvoiceInc,"100 Commerce Blvd, Dallas, TX 75201",18,17460.93,9.0,1571.48,19032.41,2022-06-24,0
INV-2024-0083,2024-04-17,4,2024-05-17,Net 30,30,USD,V087,Bright Energy LLC,"5575 Trade Center Dr, New York, CA 49952",billing@bright-energy.com,EY-6888997,Manufacturing,SmartInvoiceInc,"100 Commerce Blvd, Dallas, TX 75201",2,41551.05,7.5,3116.33,44667.38,2024-05-17,0
INV-2024-0115,2024-06-09,6,2024-07-09,Net 30,30,USD,V096,Sterling Security Corp,"5995 Enterprise Ave, Dallas, GA 64756",billing@sterling-security.com,VP-7611653,Technology,SmartInvoiceInc,"100 Commerce Blvd, Dallas, TX 75201",5,24185.56,7.0,1692.99,25878.55,2024-07-09,0
INV-2022-0027,2022-01-28,1,2022-03-14,Net 45,45,USD,V024,Nexus Marketing Group,"6719 Innovation Rd, Atlanta, GA 62224",billing@nexus-marketing.com,CM-6304509,Technology,SmartInvoiceInc,"100 Commerce Blvd, Dallas, TX 75201",12,14045.2,8.5,1193.84,15239.04,2022-03-14,0
INV-2022-0051,2022-03-07,3,2022-04-21,Net 45,45,USD,V065,Delta Tech Group,"2991 Industrial Dr, Austin, NY 85683",billing@delta-tech.com,DZ-8726890,Services,SmartInvoiceInc,"100 Commerce Blvd, Dallas, TX 75201",10,41207.87,7.0,2884.55,44092.42,2022-05-25,1
INV-2022-0169,2022-09-18,9,2022-10-18,Net 30,30,USD,V009,Nexus Cloud Inc,"9187 Market St, Chicago, CA 21938",billing@nexus-cloud.com,AA-2404330,Healthcare,SmartInvoiceInc,"100 Commerce Blvd, Dallas, TX 75201",13,17679.59,7.0,1237.57,18917.16,2022-10-18,0
INV-2023-0075,2023-04-05,4,2023-04-20,Net 15,15,USD,V040,Elite Tech Co,"6369 Tech Park Way, Atlanta, GA 90719",billing@elite-tech.com,KV-2072647,Retail,SmartInvoiceInc,"100 Commerce Blvd, Dallas, TX 75201",15,10362.67,9.0,932.64,11295.31,2023-04-20,0
INV-2022-0195,2022-10-28,10,2022-11-12,Net 15,15,USD,V039,Elite Labs Group,"237 Innovation Rd, Dallas, AZ 29963",billing@elite-labs.com,TX-2849396,Manufacturing,SmartInvoiceInc,"100 Commerce Blvd, Dallas, TX 75201",17,38375.44,8.0,3070.04,41445.48,2022-12-03,1
INV-2024-0142,2024-07-07,7,2024-07-22,Net 15,15,USD,V082,Acme Labs Inc,"2298 Enterprise Ave, Austin, NY 23859",billing@acme-labs.com,RB-3008960,Healthcare,SmartInvoiceInc,"100 Commerce Blvd, Dallas, TX 75201",16,32974.72,8.0,2637.98,35612.7,2024-08-10,1
INV-2022-0183,2022-10-14,10,2022-11-28,Net 45,45,USD,V060,Elite Parts Co,"6665 Commerce Blvd, Miami, TX 29096",billing@elite-parts.com,QA-4681262,Manufacturing,SmartInvoiceInc,"100 Commerce Blvd, Dallas, TX 75201",3,40086.04,9.0,3607.74,43693.78,2022-11-28,0
INV-2024-0240,2024-10-30,10,2024-11-14,Net 15,15,USD,V059,Global Medical Co,"2998 Venture Blvd, Los Angeles, CO 24060",billing@global-medical.com,JY-1829735,Services,SmartInvoiceInc,"100 Commerce Blvd, Dallas, TX 75201",8,10222.75,6.25,638.92,10861.67,2024-11-14,0
INV-2023-0191,2023-09-22,9,2023-11-06,Net 45,45,USD,V006,Apex Solutions Co,"2241 Market St, San Francisco, AZ 45247",billing@apex-solutions.com,UG-6698848,Healthcare,SmartInvoiceInc,"100 Commerce Blvd, Dallas, TX 75201",13,29176.07,7.0,2042.32,31218.39,2023-11-06,0
INV-2022-0175,2022-09-27,9,2022-11-26,Net 60,60,USD,V054,Swift Medical Group,"324 Market St, Dallas, TX 88477",billing@swift-medical.com,FE-9671370,Retail,SmartInvoiceInc,"100 Commerce Blvd, Dallas, TX 75201",7,46649.98,8.25,3848.62,50498.6,2022-11-26,0
INV-2023-0172,2023-08-15,8,2023-09-14,Net 30,30,USD,V063,Bright Capital Inc,"1050 Commerce Blvd, Los Angeles, OH 69201",billing@bright-capital.com,JE-8583354,Manufacturing,SmartInvoiceInc,"100 Commerce Blvd, Dallas, TX 75201",3,11326.14,8.25,934.41,12260.55,2023-09-14,0
INV-2024-0085,2024-04-23,4,2024-05-23,Net 30,30,USD,V080,Vanguard Legal Group,"3154 Innovation Rd, Houston, NY 44911",billing@vanguard-legal.com,XN-8021855,Services,SmartInvoiceInc,"100 Commerce Blvd, Dallas, TX 75201",6,48511.36,8.5,4123.47,52634.83,2024-06-06,1
INV-2024-0096,2024-05-11,5,2024-06-25,Net 45,45,USD,V032,Pacific Logistics Inc,"7549 Trade Center Dr, New York, TX 56540",billing@pacific-logistics.com,AB-8153768,Services,SmartInvoiceInc,"100 Commerce Blvd, Dallas, TX 75201",10,18685.84,7.5,1401.44,20087.28,2024-06-25,0
INV-2022-0097,2022-05-13,5,2022-06-27,Net 45,45,USD,V059,Global Medical Co,"2998 Venture Blvd, Los Angeles, CO 24060",billing@global-medical.com,JY-1829735,Services,SmartInvoiceInc,"100 Commerce Blvd, Dallas, TX 75201",5,9168.6,6.25,573.04,9741.64,2022-07-28,1
INV-2024-0187,2024-08-29,8,2024-09-28,Net 30,30,USD,V085,Nexus Security Inc,"3286 Commerce Blvd, Atlanta, WA 70774",billing@nexus-security.com,IV-3245909,Services,SmartInvoiceInc,"100 Commerce Blvd, Dallas, TX 75201",20,12858.61,8.5,1092.98,13951.59,2024-09-28,0
INV-2023-0111,2023-05-28,5,2023-07-12,Net 45,45,USD,V045,Apex Freight Co,"6909 Innovation Rd, Austin, GA 15122",billing@apex-freight.com,OW-4708654,Retail,SmartInvoiceInc,"100 Commerce Blvd, Dallas, TX 75201",10,39733.44,8.0,3178.68,42912.12,2023-07-12,0
INV-2022-0213,2022-11-09,11,2022-12-09,Net 30,30,USD,V081,Acme Consulting Group,"5719 Enterprise Ave, New York, IL 96925",billing@acme-consulting.com,WP-5241361,Manufacturing,SmartInvoiceInc,"100 Commerce Blvd, Dallas, TX 75201",4,23187.02,9.0,2086.83,25273.85,2023-01-02,1
INV-2023-0152,2023-07-30,7,2023-09-28,Net 60,60,USD,V058,Alpha Parts Inc,"5515 Business Pkwy, Chicago, CO 68596",billing@alpha-parts.com,NC-1873172,Healthcare,SmartInvoiceInc,"100 Commerce Blvd, Dallas, TX 75201",18,47450.9,9.0,4270.58,51721.48,2023-10-06,1
INV-2024-0110,2024-06-04,6,2024-07-04,Net 30,30,USD,V059,Global Medical Co,"2998 Venture Blvd, Los Angeles, CO 24060",billing@global-medical.com,JY-1829735,Services,SmartInvoiceInc,"100 Commerce Blvd, Dallas, TX 75201",15,45467.51,9.0,4092.08,49559.59,2024-08-01,1
INV-2023-0226,2023-11-18,11,2023-12-03,Net 15,15,USD,V089,Delta Energy Group,"6236 Enterprise Ave, Miami, AZ 69052",billing@delta-energy.com,QZ-9752084,Retail,SmartInvoiceInc,"100 Commerce Blvd, Dallas, TX 75201",16,30955.06,8.5,2631.18,33586.24,2023-12-20,1
INV-2022-0121,2022-06-14,6,2022-07-29,Net 45,45,USD,V030,Delta Solutions Group,"2879 Tech Park Way, New York, CA 66178",billing@delta-solutions.com,EO-6187480,Manufacturing,SmartInvoiceInc,"100 Commerce Blvd, Dallas, TX 75201",13,38587.72,8.25,3183.49,41771.21,2022-07-29,0
INV-2022-0200,2022-11-01,11,2022-11-16,Net 15,15,USD,V082,Acme Labs Inc,"2298 Enterprise Ave, Austin, NY 23859",billing@acme-labs.com,RB-3008960,Healthcare,SmartInvoiceInc,"100 Commerce Blvd, Dallas, TX 75201",11,2007.95,8.25,165.66,2173.61,2022-12-03,1
INV-2022-0113,2022-06-05,6,2022-07-20,Net 45,45,USD,V040,Elite Tech Co,"6369 Tech Park Way, Atlanta, GA 90719",billing@elite-tech.com,KV-2072647,Retail,SmartInvoiceInc,"100 Commerce Blvd, Dallas, TX 75201",20,33666.61,8.0,2693.33,36359.94,2022-07-20,0
INV-2023-0184,2023-09-12,9,2023-09-27,Net 15,15,USD,V095,Pacific Supplies Group,"2422 Enterprise Ave, Dallas, TX 59481",billing@pacific-supplies.com,YW-8599600,Retail,SmartInvoiceInc,"100 Commerce Blvd, Dallas, TX 75201",20,14284.3,6.25,892.77,15177.07,2023-09-28,1
INV-2024-0173,2024-08-14,8,2024-09-28,Net 45,45,USD,V044,Global Systems Inc,"1376 Market St, Chicago, OH 18717",billing@global-systems.com,ZW-1067661,Manufacturing,SmartInvoiceInc,"100 Commerce Blvd, Dallas, TX 75201",11,22727.42,6.25,1420.46,24147.88,2024-09-28,0
INV-2022-0225,2022-11-30,11,2022-12-15,Net 15,15,USD,V012,Beacon Tech LLC,"517 Tech Park Way, Atlanta, GA 13267",billing@beacon-tech.com,ZU-3922097,Healthcare,SmartInvoiceInc,"100 Commerce Blvd, Dallas, TX 75201",13,6023.85,6.25,376.49,6400.34,2023-01-11,1
INV-2024-0182,2024-08-26,8,2024-10-25,Net 60,60,USD,V062,Vanguard Security LLC,"5667 Market St, Dallas, FL 35053",billing@vanguard-security.com,GD-7867100,Technology,SmartInvoiceInc,"100 Commerce Blvd, Dallas, TX 75201",1,30733.15,7.0,2151.32,32884.47,2024-10-25,0
INV-2023-0110,2023-05-26,5,2023-07-10,Net 45,45,USD,V011,Acme Legal Group,"5826 Industrial Dr, Austin, CA 37350",billing@acme-legal.com,QZ-5833177,Manufacturing,SmartInvoiceInc,"100 Commerce Blvd, Dallas, TX 75201",11,32750.03,6.25,2046.88,34796.91,2023-08-08,1
INV-2024-0249,2024-11-09,11,2024-11-24,Net 15,15,USD,V085,Nexus Security Inc,"3286 Commerce Blvd, Atlanta, WA 70774",billing@nexus-security.com,IV-3245909,Services,SmartInvoiceInc,"100 Commerce Blvd, Dallas, TX 75201",8,46492.66,8.5,3951.88,50444.54,2025-01-01,1
INV-2022-0180,2022-10-09,10,2022-10-24,Net 15,15,USD,V037,Delta Logistics Co,"4773 Tech Park Way, Miami, OH 75215",billing@delta-logistics.com,BF-1317537,Manufacturing,SmartInvoiceInc,"100 Commerce Blvd, Dallas, TX 75201",19,26474.41,6.25,1654.65,28129.06,2022-11-04,1
INV-2024-0055,2024-03-07,3,2024-03-22,Net 15,15,USD,V088,Sterling Tech Group,"1722 Enterprise Ave, Seattle, OH 71396",billing@sterling-tech.com,YF-8369434,Manufacturing,SmartInvoiceInc,"100 Commerce Blvd, Dallas, TX 75201",19,15041.91,7.5,1128.14,16170.05,2024-03-22,0
INV-2024-0234,2024-10-21,10,2024-11-20,Net 30,30,USD,V017,Nexus Labs Group,"817 Market St, Austin, AZ 15486",billing@nexus-labs.com,PU-8990340,Services,SmartInvoiceInc,"100 Commerce Blvd, Dallas, TX 75201",19,10019.34,8.0,801.55,10820.89,2024-11-20,0
INV-2022-0086,2022-04-29,4,2022-06-13,Net 45,45,USD,V037,Delta Logistics Co,"4773 Tech Park Way, Miami, OH 75215",billing@delta-logistics.com,BF-1317537,Manufacturing,SmartInvoiceInc,"100 Commerce Blvd, Dallas, TX 75201",20,37083.82,7.0,2595.87,39679.69,2022-06-13,0
INV-2024-0256,2024-11-24,11,2024-12-24,Net 30,30,USD,V036,Delta Partners Corp,"4463 Commerce Blvd, New York, IL 34285",billing@delta-partners.com,YQ-6165679,Healthcare,SmartInvoiceInc,"100 Commerce Blvd, Dallas, TX 75201",13,1009.08,6.25,63.07,1072.15,2024-12-24,0
INV-2022-0133,2022-07-17,7,2022-08-16,Net 30,30,USD,V060,Elite Parts Co,"6665 Commerce Blvd, Miami, TX 29096",billing@elite-parts.com,QA-4681262,Manufacturing,SmartInvoiceInc,"100 Commerce Blvd, Dallas, TX 75201",19,15938.03,7.5,1195.35,17133.38,2022-09-13,1
INV-2023-0091,2023-04-30,4,2023-05-30,Net 30,30,USD,V001,Metro Legal Co,"5791 Enterprise Ave, Miami, FL 64021",billing@metro-legal.com,MT-6143901,Services,SmartInvoiceInc,"100 Commerce Blvd, Dallas, TX 75201",18,49588.96,6.25,3099.31,52688.27,2023-05-30,0
INV-2024-0269,2024-12-18,12,2025-02-16,Net 60,60,USD,V072,Elite Supplies LLC,"8170 Industrial Dr, Houston, TX 16783",billing@elite-supplies.com,KL-1996530,Technology,SmartInvoiceInc,"100 Commerce Blvd, Dallas, TX 75201",16,22914.28,8.5,1947.71,24861.99,2025-02-25,1
INV-2024-0082,2024-04-16,4,2024-06-15,Net 60,60,USD,V016,Summit Freight Inc,"1465 Tech Park Way, Dallas, FL 26779",billing@summit-freight.com,IS-7197323,Technology,SmartInvoiceInc,"100 Commerce Blvd, Dallas, TX 75201",12,14011.02,9.0,1260.99,15272.01,2024-06-15,0
INV-2024-0223,2024-10-05,10,2024-11-19,Net 45,45,USD,V025,Acme Supplies Group,"7676 Innovation Rd, Dallas, OH 77641",billing@acme-supplies.com,LM-5848287,Healthcare,SmartInvoiceInc,"100 Commerce Blvd, Dallas, TX 75201",2,9874.97,8.5,839.37,10714.34,2024-11-28,1
INV-2023-0232,2023-11-22,11,2024-01-21,Net 60,60,USD,V026,Titan Partners Co,"5010 Enterprise Ave, New York, IL 71642",billing@titan-partners.com,ED-1423570,Retail,SmartInvoiceInc,"100 Commerce Blvd, Dallas, TX 75201",8,29105.61,7.5,2182.92,31288.53,2024-01-24,1
INV-2024-0243,2024-11-01,11,2024-12-16,Net 45,45,USD,V058,Alpha Parts Inc,"5515 Business Pkwy, Chicago, CO 68596",billing@alpha-parts.com,NC-1873172,Healthcare,SmartInvoiceInc,"100 Commerce Blvd, Dallas, TX 75201",16,39318.21,7.5,2948.87,42267.08,2025-01-29,1
INV-2023-0093,2023-05-05,5,2023-06-19,Net 45,45,USD,V026,Titan Partners Co,"5010 Enterprise Ave, New York, IL 71642",billing@titan-partners.com,ED-1423570,Retail,SmartInvoiceInc,"100 Commerce Blvd, Dallas, TX 75201",2,42878.56,7.0,3001.5,45880.06,2023-06-19,0
INV-2022-0178,2022-10-03,10,2022-12-02,Net 60,60,USD,V087,Bright Energy LLC,"5575 Trade Center Dr, New York, CA 49952",billing@bright-energy.com,EY-6888997,Manufacturing,SmartInvoiceInc,"100 Commerce Blvd, Dallas, TX 75201",16,34707.26,6.25,2169.2,36876.46,2022-12-02,0
INV-2023-0234,2023-11-24,11,2023-12-24,Net 30,30,USD,V066,Global Marketing Co,"5879 Venture Blvd, Chicago, OH 22999",billing@global-marketing.com,WO-9464685,Services,SmartInvoiceInc,"100 Commerce Blvd, Dallas, TX 75201",3,17434.33,6.25,1089.65,18523.98,2023-12-24,0
INV-2022-0157,2022-08-30,8,2022-09-14,Net 15,15,USD,V086,Swift Consulting Group,"6909 Venture Blvd, Houston, GA 84532",billing@swift-consulting.com,KF-2014929,Healthcare,SmartInvoiceInc,"100 Commerce Blvd, Dallas, TX 75201",1,6287.72,8.25,518.74,6806.46,2022-09-29,1
INV-2022-0090,2022-05-06,5,2022-05-21,Net 15,15,USD,V046,Titan Freight Co,"3445 Venture Blvd, New York, NY 44674",billing@titan-freight.com,OY-3319049,Technology,SmartInvoiceInc,"100 Commerce Blvd, Dallas, TX 75201",5,18079.02,7.5,1355.93,19434.95,2022-06-13,1
INV-2022-0145,2022-08-05,8,2022-09-19,Net 45,45,USD,V068,Nexus Energy Group,"3976 Innovation Rd, Seattle, TX 75310",billing@nexus-energy.com,ZI-9887324,Technology,SmartInvoiceInc,"100 Commerce Blvd, Dallas, TX 75201",18,5739.74,7.5,430.48,6170.22,2022-09-19,0
INV-2024-0258,2024-11-28,11,2025-01-27,Net 60,60,USD,V023,Titan Marketing LLC,"6077 Tech Park Way, Miami, NY 96188",billing@titan-marketing.com,MR-5984445,Manufacturing,SmartInvoiceInc,"100 Commerce Blvd, Dallas, TX 75201",3,20837.43,7.0,1458.62,22296.05,2025-02-04,1
INV-2023-0100,2023-05-10,5,2023-05-25,Net 15,15,USD,V075,Titan Energy Co,"6804 Corporate Ln, Dallas, GA 12482",billing@titan-energy.com,XS-8433533,Healthcare,SmartInvoiceInc,"100 Commerce Blvd, Dallas, TX 75201",5,5387.49,8.25,444.47,5831.96,2023-07-09,1
INV-2023-0049,2023-03-03,3,2023-03-18,Net 15,15,USD,V093,Delta Labs Corp,"7201 Industrial Dr, Atlanta, AZ 11524",billing@delta-labs.com,II-7984720,Technology,SmartInvoiceInc,"100 Commerce Blvd, Dallas, TX 75201",9,44837.05,7.0,3138.59,47975.64,2023-03-18,0
INV-2024-0143,2024-07-07,7,2024-08-21,Net 45,45,USD,V060,Elite Parts Co,"6665 Commerce Blvd, Miami, TX 29096",billing@elite-parts.com,QA-4681262,Manufacturing,SmartInvoiceInc,"100 Commerce Blvd, Dallas, TX 75201",11,26848.45,8.0,2147.88,28996.33,2024-08-21,0
INV-2022-0109,2022-05-31,5,2022-07-15,Net 45,45,USD,V077,Pioneer Data LLC,"6745 Commerce Blvd, Houston, OH 35522",billing@pioneer-data.com,DA-6517366,Services,SmartInvoiceInc,"100 Commerce Blvd, Dallas, TX 75201",8,15169.7,8.25,1251.5,16421.2,2022-07-15,0
INV-2023-0014,2023-01-19,1,2023-02-18,Net 30,30,USD,V092,Pinnacle Capital Co,"7579 Commerce Blvd, Seattle, FL 84478",billing@pinnacle-capital.com,TS-6703394,Retail,SmartInvoiceInc,"100 Commerce Blvd, Dallas, TX 75201",9,2073.03,7.0,145.11,2218.14,2023-02-18,0
INV-2022-0204,2022-11-04,11,2022-12-19,Net 45,45,USD,V034,Summit Ventures Co,"4909 Venture Blvd, Austin, TX 66397",billing@summit-ventures.com,IN-7195200,Services,SmartInvoiceInc,"100 Commerce Blvd, Dallas, TX 75201",20,1848.88,6.25,115.56,1964.44,2022-12-19,0
INV-2024-0013,2024-01-16,1,2024-01-31,Net 15,15,USD,V040,Elite Tech Co,"6369 Tech Park Way, Atlanta, GA 90719",billing@elite-tech.com,KV-2072647,Retail,SmartInvoiceInc,"100 Commerce Blvd, Dallas, TX 75201",15,28934.62,6.25,1808.41,30743.03,2024-01-31,0
INV-2024-0118,2024-06-10,6,2024-07-10,Net 30,30,USD,V054,Swift Medical Group,"324 Market St, Dallas, TX 88477",billing@swift-medical.com,FE-9671370,Retail,SmartInvoiceInc,"100 Commerce Blvd, Dallas, TX 75201",15,41124.46,8.5,3495.58,44620.04,2024-07-10,0
INV-2023-0003,2023-01-10,1,2023-03-11,Net 60,60,USD,V080,Vanguard Legal Group,"3154 Innovation Rd, Houston, NY 44911",billing@vanguard-legal.com,XN-8021855,Services,SmartInvoiceInc,"100 Commerce Blvd, Dallas, TX 75201",15,3063.4,8.5,260.39,3323.79,2023-03-28,1
INV-2024-0239,2024-10-28,10,2024-11-12,Net 15,15,USD,V038,Horizon Freight Corp,"1431 Trade Center Dr, New York, TX 52318",billing@horizon-freight.com,WJ-2296516,Healthcare,SmartInvoiceInc,"100 Commerce Blvd, Dallas, TX 75201",16,24365.54,8.5,2071.07,26436.61,2024-11-26,1
INV-2022-0092,2022-05-09,5,2022-05-24,Net 15,15,USD,V072,Elite Supplies LLC,"8170 Industrial Dr, Houston, TX 16783",billing@elite-supplies.com,KL-1996530,Technology,SmartInvoiceInc,"100 Commerce Blvd, Dallas, TX 75201",15,41269.37,7.5,3095.2,44364.57,2022-05-24,0
INV-2024-0230,2024-10-11,10,2024-10-26,Net 15,15,USD,V031,Titan Capital LLC,"2971 Industrial Dr, San Francisco, GA 11015",billing@titan-capital.com,AV-9416320,Manufacturing,SmartInvoiceInc,"100 Commerce Blvd, Dallas, TX 75201",3,1329.44,8.25,109.68,1439.12,2024-10-26,0
INV-2023-0213,2023-10-31,10,2023-12-15,Net 45,45,USD,V049,Global Freight Corp,"2572 Enterprise Ave, New York, FL 64553",billing@global-freight.com,BX-2314532,Technology,SmartInvoiceInc,"100 Commerce Blvd, Dallas, TX 75201",2,2116.62,8.25,174.62,2291.24,2023-12-15,0
INV-2023-0116,2023-06-01,6,2023-07-01,Net 30,30,USD,V006,Apex Solutions Co,"2241 Market St, San Francisco, AZ 45247",billing@apex-solutions.com,UG-6698848,Healthcare,SmartInvoiceInc,"100 Commerce Blvd, Dallas, TX 75201",18,48571.97,6.25,3035.75,51607.72,2023-07-01,0
INV-2022-0062,2022-03-27,3,2022-04-11,Net 15,15,USD,V078,Beacon Legal LLC,"1581 Tech Park Way, Houston, TX 91974",billing@beacon-legal.com,RG-8449607,Technology,SmartInvoiceInc,"100 Commerce Blvd, Dallas, TX 75201",7,21174.52,9.0,1905.71,23080.23,2022-04-11,0
INV-2022-0208,2022-11-07,11,2022-12-22,Net 45,45,USD,V063,Bright Capital Inc,"1050 Commerce Blvd, Los Angeles, OH 69201",billing@bright-capital.com,JE-8583354,Manufacturing,SmartInvoiceInc,"100 Commerce Blvd, Dallas, TX 75201",15,33258.0,6.25,2078.62,35336.62,2022-12-22,0
INV-2023-0050,2023-03-03,3,2023-05-02,Net 60,60,USD,V020,Titan Systems LLC,"2639 Commerce Blvd, New York, GA 31677",billing@titan-systems.com,MH-7646705,Services,SmartInvoiceInc,"100 Commerce Blvd, Dallas, TX 75201",3,20458.78,8.0,1636.7,22095.48,2023-05-02,0
INV-2022-0080,2022-04-24,4,2022-05-09,Net 15,15,USD,V061,Prime Solutions Co,"3787 Innovation Rd, Austin, GA 77506",billing@prime-solutions.com,FF-4369538,Services,SmartInvoiceInc,"100 Commerce Blvd, Dallas, TX 75201",17,45013.39,7.0,3150.94,48164.33,2022-06-10,1
INV-2022-0198,2022-10-30,10,2022-11-14,Net 15,15,USD,V036,Delta Partners Corp,"4463 Commerce Blvd, New York, IL 34285",billing@delta-partners.com,YQ-6165679,Healthcare,SmartInvoiceInc,"100 Commerce Blvd, Dallas, TX 75201",6,33953.23,8.5,2886.02,36839.25,2022-11-29,1
INV-2024-0010,2024-01-14,1,2024-03-14,Net 60,60,USD,V068,Nexus Energy Group,"3976 Innovation Rd, Seattle, TX 75310",billing@nexus-energy.com,ZI-9887324,Technology,SmartInvoiceInc,"100 Commerce Blvd, Dallas, TX 75201",16,41451.46,8.5,3523.37,44974.83,2024-04-09,1
INV-2023-0164,2023-08-11,8,2023-10-10,Net 60,60,USD,V028,Pioneer Systems LLC,"5163 Business Pkwy, Chicago, IL 39703",billing@pioneer-systems.com,ZD-7655623,Manufacturing,SmartInvoiceInc,"100 Commerce Blvd, Dallas, TX 75201",13,35650.68,7.5,2673.8,38324.48,2023-11-03,1
INV-2024-0203,2024-09-13,9,2024-10-28,Net 45,45,USD,V015,Prime Parts Group,"3540 Corporate Ln, Miami, CO 78450",billing@prime-parts.com,IQ-6781565,Retail,SmartInvoiceInc,"100 Commerce Blvd, Dallas, TX 75201",9,15995.98,7.0,1119.72,17115.7,2024-10-28,0
INV-2022-0238,2022-12-11,12,2023-02-09,Net 60,60,USD,V057,Pioneer Consulting Inc,"1704 Industrial Dr, San Francisco, WA 80792",billing@pioneer-consulting.com,BL-2384418,Services,SmartInvoiceInc,"100 Commerce Blvd, Dallas, TX 75201",3,5023.02,8.5,426.96,5449.98,2023-02-09,0
INV-2024-0066,2024-03-24,3,2024-04-08,Net 15,15,USD,V069,Titan Security Corp,"1892 Enterprise Ave, San Francisco, AZ 11645",billing@titan-security.com,DV-7671318,Technology,SmartInvoiceInc,"100 Commerce Blvd, Dallas, TX 75201",7,36709.07,7.5,2753.18,39462.25,2024-04-08,0
INV-2024-0059,2024-03-11,3,2024-03-26,Net 15,15,USD,V023,Titan Marketing LLC,"6077 Tech Park Way, Miami, NY 96188",billing@titan-marketing.com,MR-5984445,Manufacturing,SmartInvoiceInc,"100 Commerce Blvd, Dallas, TX 75201",6,47187.15,8.25,3892.94,51080.09,2024-03-30,1
INV-2024-0235,2024-10-21,10,2024-12-05,Net 45,45,USD,V093,Delta Labs Corp,"7201 Industrial Dr, Atlanta, AZ 11524",billing@delta-labs.com,II-7984720,Technology,SmartInvoiceInc,"100 Commerce Blvd, Dallas, TX 75201",6,12932.88,7.0,905.3,13838.18,2024-12-05,0
INV-2024-0266,2024-12-12,12,2024-12-27,Net 15,15,USD,V096,Sterling Security Corp,"5995 Enterprise Ave, Dallas, GA 64756",billing@sterling-security.com,VP-7611653,Technology,SmartInvoiceInc,"100 Commerce Blvd, Dallas, TX 75201",5,45128.36,8.5,3835.91,48964.27,2024-12-30,1
INV-2024-0278,2024-12-28,12,2025-02-11,Net 45,45,USD,V011,Acme Legal Group,"5826 Industrial Dr, Austin, CA 37350",billing@acme-legal.com,QZ-5833177,Manufacturing,SmartInvoiceInc,"100 Commerce Blvd, Dallas, TX 75201",17,34986.41,9.0,3148.78,38135.19,2025-03-24,1
INV-2022-0251,2022-12-27,12,2023-01-11,Net 15,15,USD,V083,Metro Freight Group,"3694 Venture Blvd, Houston, NY 86918",billing@metro-freight.com,LT-7193956,Technology,SmartInvoiceInc,"100 Commerce Blvd, Dallas, TX 75201",6,22308.39,6.25,1394.27,23702.66,2023-01-22,1
INV-2024-0224,2024-10-06,10,2024-11-20,Net 45,45,USD,V077,Pioneer Data LLC,"6745 Commerce Blvd, Houston, OH 35522",billing@pioneer-data.com,DA-6517366,Services,SmartInvoiceInc,"100 Commerce Blvd, Dallas, TX 75201",10,1775.6,8.0,142.05,1917.65,2024-12-04,1
INV-2023-0244,2023-12-05,12,2024-01-04,Net 30,30,USD,V097,Beacon Logistics LLC,"5487 Venture Blvd, Atlanta, AZ 37935",billing@beacon-logistics.com,JP-4813270,Manufacturing,SmartInvoiceInc,"100 Commerce Blvd, Dallas, TX 75201",17,15572.38,6.25,973.27,16545.65,2024-01-23,1
INV-2023-0151,2023-07-29,7,2023-08-13,Net 15,15,USD,V047,Elite Energy Inc,"6329 Venture Blvd, Atlanta, TX 13596",billing@elite-energy.com,TY-1467010,Technology,SmartInvoiceInc,"100 Commerce Blvd, Dallas, TX 75201",15,25096.33,9.0,2258.67,27355.0,2023-09-10,1
INV-2023-0228,2023-11-19,11,2023-12-04,Net 15,15,USD,V098,Titan Supplies Co,"3257 Venture Blvd, Miami, IL 34070",billing@titan-supplies.com,IS-9593223,Manufacturing,SmartInvoiceInc,"100 Commerce Blvd, Dallas, TX 75201",16,22391.49,7.0,1567.4,23958.89,2023-12-04,0
INV-2024-0041,2024-02-20,2,2024-03-21,Net 30,30,USD,V058,Alpha Parts Inc,"5515 Business Pkwy, Chicago, CO 68596",billing@alpha-parts.com,NC-1873172,Healthcare,SmartInvoiceInc,"100 Commerce Blvd, Dallas, TX 75201",9,3093.37,7.5,232.0,3325.37,2024-03-21,0
INV-2023-0161,2023-08-08,8,2023-09-07,Net 30,30,USD,V098,Titan Supplies Co,"3257 Venture Blvd, Miami, IL 34070",billing@titan-supplies.com,IS-9593223,Manufacturing,SmartInvoiceInc,"100 Commerce Blvd, Dallas, TX 75201",3,12132.22,8.25,1000.91,13133.13,2023-09-07,0
INV-2023-0167,2023-08-12,8,2023-09-26,Net 45,45,USD,V045,Apex Freight Co,"6909 Innovation Rd, Austin, GA 15122",billing@apex-freight.com,OW-4708654,Retail,SmartInvoiceInc,"100 Commerce Blvd, Dallas, TX 75201",17,11958.02,7.0,837.06,12795.08,2023-09-26,0
INV-2023-0092,2023-05-04,5,2023-06-03,Net 30,30,USD,V042,Summit Capital Co,"5685 Venture Blvd, New York, IL 49749",billing@summit-capital.com,AE-3245131,Manufacturing,SmartInvoiceInc,"100 Commerce Blvd, Dallas, TX 75201",11,21290.2,7.5,1596.77,22886.97,2023-06-29,1
INV-2024-0186,2024-08-28,8,2024-09-27,Net 30,30,USD,V016,Summit Freight Inc,"1465 Tech Park Way, Dallas, FL 26779",billing@summit-freight.com,IS-7197323,Technology,SmartInvoiceInc,"100 Commerce Blvd, Dallas, TX 75201",12,16028.47,9.0,1442.56,17471.03,2024-10-09,1
INV-2023-0098,2023-05-09,5,2023-05-24,Net 15,15,USD,V060,Elite Parts Co,"6665 Commerce Blvd, Miami, TX 29096",billing@elite-parts.com,QA-4681262,Manufacturing,SmartInvoiceInc,"100 Commerce Blvd, Dallas, TX 75201",4,48703.12,7.0,3409.22,52112.34,2023-06-20,1
INV-2022-0019,2022-01-19,1,2022-03-05,Net 45,45,USD,V027,Delta Security Inc,"6290 Trade Center Dr, Dallas, TX 78866",billing@delta-security.com,PW-6118922,Retail,SmartInvoiceInc,"100 Commerce Blvd, Dallas, TX 75201",8,45260.04,9.0,4073.4,49333.44,2022-03-05,0
INV-2023-0024,2023-02-01,2,2023-04-02,Net 60,60,USD,V063,Bright Capital Inc,"1050 Commerce Blvd, Los Angeles, OH 69201",billing@bright-capital.com,JE-8583354,Manufacturing,SmartInvoiceInc,"100 Commerce Blvd, Dallas, TX 75201",12,20819.54,7.5,1561.47,22381.01,2023-04-02,0
INV-2024-0216,2024-09-27,9,2024-11-26,Net 60,60,USD,V081,Acme Consulting Group,"5719 Enterprise Ave, New York, IL 96925",billing@acme-consulting.com,WP-5241361,Manufacturing,SmartInvoiceInc,"100 Commerce Blvd, Dallas, TX 75201",4,40956.61,8.25,3378.92,44335.53,2025-01-01,1
INV-2024-0089,2024-04-30,4,2024-05-30,Net 30,30,USD,V028,Pioneer Systems LLC,"5163 Business Pkwy, Chicago, IL 39703",billing@pioneer-systems.com,ZD-7655623,Manufacturing,SmartInvoiceInc,"100 Commerce Blvd, Dallas, TX 75201",15,43599.08,8.5,3705.92,47305.0,2024-06-13,1
INV-2024-0072,2024-04-01,4,2024-05-16,Net 45,45,USD,V074,Summit Systems LLC,"5688 Commerce Blvd, Miami, TX 56163",billing@summit-systems.com,IQ-3412149,Retail,SmartInvoiceInc,"100 Commerce Blvd, Dallas, TX 75201",13,43596.38,8.25,3596.7,47193.08,2024-05-16,0
INV-2023-0067,2023-03-31,3,2023-05-15,Net 45,45,USD,V067,Horizon Parts Group,"7883 Industrial Dr, Atlanta, TX 66942",billing@horizon-parts.com,HK-3792427,Retail,SmartInvoiceInc,"100 Commerce Blvd, Dallas, TX 75201",4,34843.38,8.0,2787.47,37630.85,2023-06-26,1
INV-2023-0258,2023-12-26,12,2024-02-24,Net 60,60,USD,V021,Swift Ventures LLC,"9509 Enterprise Ave, San Francisco, OH 36962",billing@swift-ventures.com,HP-7243669,Retail,SmartInvoiceInc,"100 Commerce Blvd, Dallas, TX 75201",5,38127.97,8.0,3050.24,41178.21,2024-02-24,0
INV-2024-0276,2024-12-24,12,2025-01-23,Net 30,30,USD,V025,Acme Supplies Group,"7676 Innovation Rd, Dallas, OH 77641",billing@acme-supplies.com,LM-5848287,Healthcare,SmartInvoiceInc,"100 Commerce Blvd, Dallas, TX 75201",4,20681.93,7.0,1447.74,22129.67,2025-02-28,1
INV-2023-0249,2023-12-12,12,2023-12-27,Net 15,15,USD,V030,Delta Solutions Group,"2879 Tech Park Way, New York, CA 66178",billing@delta-solutions.com,EO-6187480,Manufacturing,SmartInvoiceInc,"100 Commerce Blvd, Dallas, TX 75201",19,35009.6,8.25,2888.29,37897.89,2024-01-25,1
INV-2022-0102,2022-05-23,5,2022-06-22,Net 30,30,USD,V100,Swift Capital Corp,"2767 Industrial Dr, Austin, IL 12983",billing@swift-capital.com,ZW-2841648,Retail,SmartInvoiceInc,"100 Commerce Blvd, Dallas, TX 75201",20,44836.65,8.0,3586.93,48423.58,2022-07-11,1
INV-2024-0138,2024-07-05,7,2024-08-04,Net 30,30,USD,V038,Horizon Freight Corp,"1431 Trade Center Dr, New York, TX 52318",billing@horizon-freight.com,WJ-2296516,Healthcare,SmartInvoiceInc,"100 Commerce Blvd, Dallas, TX 75201",20,33783.0,6.25,2111.44,35894.44,2024-09-05,1
INV-2024-0077,2024-04-07,4,2024-05-07,Net 30,30,USD,V004,Metro Medical Inc,"7905 Business Pkwy, Atlanta, WA 66556",billing@metro-medical.com,UA-8474447,Healthcare,SmartInvoiceInc,"100 Commerce Blvd, Dallas, TX 75201",18,2742.08,9.0,246.79,2988.87,2024-05-07,0
INV-2023-0177,2023-08-28,8,2023-09-27,Net 30,30,USD,V037,Delta Logistics Co,"4773 Tech Park Way, Miami, OH 75215",billing@delta-logistics.com,BF-1317537,Manufacturing,SmartInvoiceInc,"100 Commerce Blvd, Dallas, TX 75201",4,13896.88,7.0,972.78,14869.66,2023-10-06,1
INV-2022-0201,2022-11-01,11,2022-12-16,Net 45,45,USD,V095,Pacific Supplies Group,"2422 Enterprise Ave, Dallas, TX 59481",billing@pacific-supplies.com,YW-8599600,Retail,SmartInvoiceInc,"100 Commerce Blvd, Dallas, TX 75201",4,48875.36,8.5,4154.41,53029.77,2023-01-20,1
INV-2024-0004,2024-01-06,1,2024-01-21,Net 15,15,USD,V057,Pioneer Consulting Inc,"1704 Industrial Dr, San Francisco, WA 80792",billing@pioneer-consulting.com,BL-2384418,Services,SmartInvoiceInc,"100 Commerce Blvd, Dallas, TX 75201",19,49266.14,7.0,3448.63,52714.77,2024-01-31,1
INV-2022-0188,2022-10-18,10,2022-11-17,Net 30,30,USD,V002,Vanguard Supplies Group,"6899 Industrial Dr, Seattle, NY 96672",billing@vanguard-supplies.com,XS-7319707,Manufacturing,SmartInvoiceInc,"100 Commerce Blvd, Dallas, TX 75201",17,25285.19,8.5,2149.24,27434.43,2022-12-18,1
INV-2022-0075,2022-04-12,4,2022-04-27,Net 15,15,USD,V088,Sterling Tech Group,"1722 Enterprise Ave, Seattle, OH 71396",billing@sterling-tech.com,YF-8369434,Manufacturing,SmartInvoiceInc,"100 Commerce Blvd, Dallas, TX 75201",11,28031.44,8.0,2242.52,30273.96,2022-04-27,0
INV-2024-0100,2024-05-16,5,2024-07-15,Net 60,60,USD,V050,Alpha Logistics Inc,"1560 Business Pkwy, San Francisco, OH 11605",billing@alpha-logistics.com,WP-3255363,Services,SmartInvoiceInc,"100 Commerce Blvd, Dallas, TX 75201",17,44550.71,8.0,3564.06,48114.77,2024-08-12,1
INV-2024-0181,2024-08-25,8,2024-09-24,Net 30,30,USD,V053,Pinnacle Labs LLC,"946 Innovation Rd, Seattle, NY 98236",billing@pinnacle-labs.com,LE-1064323,Services,SmartInvoiceInc,"100 Commerce Blvd, Dallas, TX 75201",7,13024.8,8.0,1041.98,14066.78,2024-10-20,1
INV-2024-0191,2024-08-31,8,2024-10-30,Net 60,60,USD,V075,Titan Energy Co,"6804 Corporate Ln, Dallas, GA 12482",billing@titan-energy.com,XS-8433533,Healthcare,SmartInvoiceInc,"100 Commerce Blvd, Dallas, TX 75201",18,33855.03,8.25,2793.04,36648.07,2024-11-02,1
INV-2024-0084,2024-04-21,4,2024-05-06,Net 15,15,USD,V027,Delta Security Inc,"6290 Trade Center Dr, Dallas, TX 78866",billing@delta-security.com,PW-6118922,Retail,SmartInvoiceInc,"100 Commerce Blvd, Dallas, TX 75201",2,38408.54,7.0,2688.6,41097.14,2024-05-06,0
INV-2024-0177,2024-08-19,8,2024-10-18,Net 60,60,USD,V030,Delta Solutions Group,"2879 Tech Park Way, New York, CA 66178",billing@delta-solutions.com,EO-6187480,Manufacturing,SmartInvoiceInc,"100 Commerce Blvd, Dallas, TX 75201",6,7598.07,8.25,626.84,8224.91,2024-10-18,0
INV-2024-0157,2024-07-30,7,2024-09-28,Net 60,60,USD,V042,Summit Capital Co,"5685 Venture Blvd, New York, IL 49749",billing@summit-capital.com,AE-3245131,Manufacturing,SmartInvoiceInc,"100 Commerce Blvd, Dallas, TX 75201",1,31453.84,6.25,1965.87,33419.71,2024-09-28,0
INV-2024-0236,2024-10-23,10,2024-11-07,Net 15,15,USD,V047,Elite Energy Inc,"6329 Venture Blvd, Atlanta, TX 13596",billing@elite-energy.com,TY-1467010,Technology,SmartInvoiceInc,"100 Commerce Blvd, Dallas, TX 75201",16,11010.53,6.25,688.16,11698.69,2024-11-07,0
INV-2022-0061,2022-03-26,3,2022-04-10,Net 15,15,USD,V027,Delta Security Inc,"6290 Trade Center Dr, Dallas, TX 78866",billing@delta-security.com,PW-6118922,Retail,SmartInvoiceInc,"100 Commerce Blvd, Dallas, TX 75201",16,17395.27,7.0,1217.67,18612.94,2022-04-10,0
INV-2022-0222,2022-11-24,11,2023-01-23,Net 60,60,USD,V012,Beacon Tech LLC,"517 Tech Park Way, Atlanta, GA 13267",billing@beacon-tech.com,ZU-3922097,Healthcare,SmartInvoiceInc,"100 Commerce Blvd, Dallas, TX 75201",9,23534.18,6.25,1470.89,25005.07,2023-01-23,0
INV-2024-0068,2024-03-26,3,2024-05-25,Net 60,60,USD,V098,Titan Supplies Co,"3257 Venture Blvd, Miami, IL 34070",billing@titan-supplies.com,IS-9593223,Manufacturing,SmartInvoiceInc,"100 Commerce Blvd, Dallas, TX 75201",20,24394.32,7.0,1707.6,26101.92,2024-05-25,0
INV-2023-0065,2023-03-30,3,2023-05-29,Net 60,60,USD,V036,Delta Partners Corp,"4463 Commerce Blvd, New York, IL 34285",billing@delta-partners.com,YQ-6165679,Healthcare,SmartInvoiceInc,"100 Commerce Blvd, Dallas, TX 75201",2,33359.31,8.5,2835.54,36194.85,2023-05-29,0
INV-2023-0189,2023-09-21,9,2023-11-20,Net 60,60,USD,V015,Prime Parts Group,"3540 Corporate Ln, Miami, CO 78450",billing@prime-parts.com,IQ-6781565,Retail,SmartInvoiceInc,"100 Commerce Blvd, Dallas, TX 75201",5,29055.62,8.25,2397.09,31452.71,2023-12-11,1
INV-2023-0212,2023-10-27,10,2023-11-26,Net 30,30,USD,V010,Prime Cloud Group,"8102 Commerce Blvd, Dallas, WA 79449",billing@prime-cloud.com,KL-3248988,Healthcare,SmartInvoiceInc,"100 Commerce Blvd, Dallas, TX 75201",14,42071.11,8.5,3576.04,45647.15,2023-11-26,0
INV-2022-0012,2022-01-12,1,2022-03-13,Net 60,60,USD,V058,Alpha Parts Inc,"5515 Business Pkwy, Chicago, CO 68596",billing@alpha-parts.com,NC-1873172,Healthcare,SmartInvoiceInc,"100 Commerce Blvd, Dallas, TX 75201",6,35878.58,8.0,2870.29,38748.87,2022-03-13,0
INV-2022-0199,2022-10-31,10,2022-11-15,Net 15,15,USD,V080,Vanguard Legal Group,"3154 Innovation Rd, Houston, NY 44911",billing@vanguard-legal.com,XN-8021855,Services,SmartInvoiceInc,"100 Commerce Blvd, Dallas, TX 75201",4,30471.32,6.25,1904.46,32375.78,2022-11-15,0
INV-2024-0193,2024-09-01,9,2024-10-01,Net 30,30,USD,V020,Titan Systems LLC,"2639 Commerce Blvd, New York, GA 31677",billing@titan-systems.com,MH-7646705,Services,SmartInvoiceInc,"100 Commerce Blvd, Dallas, TX 75201",6,15143.29,8.25,1249.32,16392.61,2024-10-06,1
INV-2024-0042,2024-02-22,2,2024-03-08,Net 15,15,USD,V068,Nexus Energy Group,"3976 Innovation Rd, Seattle, TX 75310",billing@nexus-energy.com,ZI-9887324,Technology,SmartInvoiceInc,"100 Commerce Blvd, Dallas, TX 75201",8,6824.85,9.0,614.24,7439.09,2024-03-14,1
INV-2022-0041,2022-02-12,2,2022-04-13,Net 60,60,USD,V012,Beacon Tech LLC,"517 Tech Park Way, Atlanta, GA 13267",billing@beacon-tech.com,ZU-3922097,Healthcare,SmartInvoiceInc,"100 Commerce Blvd, Dallas, TX 75201",17,33420.27,8.5,2840.72,36260.99,2022-05-15,1
INV-2024-0158,2024-08-01,8,2024-09-30,Net 60,60,USD,V015,Prime Parts Group,"3540 Corporate Ln, Miami, CO 78450",billing@prime-parts.com,IQ-6781565,Retail,SmartInvoiceInc,"100 Commerce Blvd, Dallas, TX 75201",17,41660.16,9.0,3749.41,45409.57,2024-09-30,0
INV-2022-0237,2022-12-09,12,2022-12-24,Net 15,15,USD,V005,Apex Logistics Co,"7104 Corporate Ln, Austin, AZ 77215",billing@apex-logistics.com,SE-9744220,Retail,SmartInvoiceInc,"100 Commerce Blvd, Dallas, TX 75201",20,32422.69,7.5,2431.7,34854.39,2023-02-05,1
INV-2023-0102,2023-05-13,5,2023-05-28,Net 15,15,USD,V097,Beacon Logistics LLC,"5487 Venture Blvd, Atlanta, AZ 37935",billing@beacon-logistics.com,JP-4813270,Manufacturing,SmartInvoiceInc,"100 Commerce Blvd, Dallas, TX 75201",3,18151.51,7.5,1361.36,19512.87,2023-06-20,1
INV-2022-0255,2022-12-30,12,2023-02-28,Net 60,60,USD,V032,Pacific Logistics Inc,"7549 Trade Center Dr, New York, TX 56540",billing@pacific-logistics.com,AB-8153768,Services,SmartInvoiceInc,"100 Commerce Blvd, Dallas, TX 75201",13,47902.77,7.5,3592.71,51495.48,2023-02-28,0
INV-2024-0116,2024-06-09,6,2024-07-09,Net 30,30,USD,V029,Nexus Freight Group,"639 Enterprise Ave, Atlanta, FL 30159",billing@nexus-freight.com,VQ-5010912,Healthcare,SmartInvoiceInc,"100 Commerce Blvd, Dallas, TX 75201",2,30553.2,8.0,2444.26,32997.46,2024-07-17,1
INV-2023-0051,2023-03-03,3,2023-05-02,Net 60,60,USD,V001,Metro Legal Co,"5791 Enterprise Ave, Miami, FL 64021",billing@metro-legal.com,MT-6143901,Services,SmartInvoiceInc,"100 Commerce Blvd, Dallas, TX 75201",12,5283.92,7.5,396.29,5680.21,2023-05-02,0
INV-2024-0218,2024-10-01,10,2024-11-30,Net 60,60,USD,V054,Swift Medical Group,"324 Market St, Dallas, TX 88477",billing@swift-medical.com,FE-9671370,Retail,SmartInvoiceInc,"100 Commerce Blvd, Dallas, TX 75201",11,26827.65,7.0,1877.94,28705.59,2024-12-20,1
INV-2022-0022,2022-01-21,1,2022-03-07,Net 45,45,USD,V046,Titan Freight Co,"3445 Venture Blvd, New York, NY 44674",billing@titan-freight.com,OY-3319049,Technology,SmartInvoiceInc,"100 Commerce Blvd, Dallas, TX 75201",1,16341.35,8.25,1348.16,17689.51,2022-03-07,0
INV-2023-0036,2023-02-11,2,2023-03-13,Net 30,30,USD,V081,Acme Consulting Group,"5719 Enterprise Ave, New York, IL 96925",billing@acme-consulting.com,WP-5241361,Manufacturing,SmartInvoiceInc,"100 Commerce Blvd, Dallas, TX 75201",20,34268.49,8.25,2827.15,37095.64,2023-03-13,0
INV-2023-0183,2023-09-11,9,2023-10-26,Net 45,45,USD,V033,Nexus Tech Inc,"504 Corporate Ln, New York, TX 70100",billing@nexus-tech.com,EF-4196340,Healthcare,SmartInvoiceInc,"100 Commerce Blvd, Dallas, TX 75201",3,33497.55,8.0,2679.8,36177.35,2023-10-26,0
INV-2024-0231,2024-10-11,10,2024-10-26,Net 15,15,USD,V020,Titan Systems LLC,"2639 Commerce Blvd, New York, GA 31677",billing@titan-systems.com,MH-7646705,Services,SmartInvoiceInc,"100 Commerce Blvd, Dallas, TX 75201",7,43706.54,8.5,3715.06,47421.6,2024-10-26,0
INV-2022-0229,2022-12-02,12,2022-12-17,Net 15,15,USD,V091,Pioneer Logistics Co,"8440 Innovation Rd, Los Angeles, TX 34762",billing@pioneer-logistics.com,GH-1378165,Manufacturing,SmartInvoiceInc,"100 Commerce Blvd, Dallas, TX 75201",11,9738.68,8.0,779.09,10517.77,2022-12-17,0
INV-2023-0027,2023-02-03,2,2023-04-04,Net 60,60,USD,V092,Pinnacle Capital Co,"7579 Commerce Blvd, Seattle, FL 84478",billing@pinnacle-capital.com,TS-6703394,Retail,SmartInvoiceInc,"100 Commerce Blvd, Dallas, TX 75201",15,31046.74,8.5,2638.97,33685.71,2023-04-12,1
INV-2024-0050,2024-03-03,3,2024-04-02,Net 30,30,USD,V072,Elite Supplies LLC,"8170 Industrial Dr, Houston, TX 16783",billing@elite-supplies.com,KL-1996530,Technology,SmartInvoiceInc,"100 Commerce Blvd, Dallas, TX 75201",16,14471.99,9.0,1302.48,15774.47,2024-04-02,0
INV-2023-0251,2023-12-16,12,2023-12-31,Net 15,15,USD,V028,Pioneer Systems LLC,"5163 Business Pkwy, Chicago, IL 39703",billing@pioneer-systems.com,ZD-7655623,Manufacturing,SmartInvoiceInc,"100 Commerce Blvd, Dallas, TX 75201",20,32769.09,9.0,2949.22,35718.31,2023-12-31,0
INV-2022-0044,2022-02-20,2,2022-04-06,Net 45,45,USD,V079,Alpha Partners Inc,"6054 Innovation Rd, Miami, WA 66373",billing@alpha-partners.com,YO-4185714,Technology,SmartInvoiceInc,"100 Commerce Blvd, Dallas, TX 75201",14,2880.57,7.0,201.64,3082.21,2022-04-06,0
INV-2022-0220,2022-11-20,11,2022-12-20,Net 30,30,USD,V038,Horizon Freight Corp,"1431 Trade Center Dr, New York, TX 52318",billing@horizon-freight.com,WJ-2296516,Healthcare,SmartInvoiceInc,"100 Commerce Blvd, Dallas, TX 75201",11,13953.43,8.5,1186.04,15139.47,2023-01-27,1
INV-2024-0046,2024-02-28,2,2024-04-28,Net 60,60,USD,V042,Summit Capital Co,"5685 Venture Blvd, New York, IL 49749",billing@summit-capital.com,AE-3245131,Manufacturing,SmartInvoiceInc,"100 Commerce Blvd, Dallas, TX 75201",1,48863.07,7.5,3664.73,52527.8,2024-05-05,1
INV-2022-0099,2022-05-21,5,2022-07-05,Net 45,45,USD,V011,Acme Legal Group,"5826 Industrial Dr, Austin, CA 37350",billing@acme-legal.com,QZ-5833177,Manufacturing,SmartInvoiceInc,"100 Commerce Blvd, Dallas, TX 75201",4,9901.84,7.0,693.13,10594.97,2022-07-05,0
INV-2023-0081,2023-04-15,4,2023-05-30,Net 45,45,USD,V012,Beacon Tech LLC,"517 Tech Park Way, Atlanta, GA 13267",billing@beacon-tech.com,ZU-3922097,Healthcare,SmartInvoiceInc,"100 Commerce Blvd, Dallas, TX 75201",19,45611.29,8.5,3876.96,49488.25,2023-05-30,0
INV-2024-0045,2024-02-26,2,2024-03-12,Net 15,15,USD,V080,Vanguard Legal Group,"3154 Innovation Rd, Houston, NY 44911",billing@vanguard-legal.com,XN-8021855,Services,SmartInvoiceInc,"100 Commerce Blvd, Dallas, TX 75201",13,38443.1,8.5,3267.66,41710.76,2024-03-16,1
INV-2024-0179,2024-08-21,8,2024-10-20,Net 60,60,USD,V075,Titan Energy Co,"6804 Corporate Ln, Dallas, GA 12482",billing@titan-energy.com,XS-8433533,Healthcare,SmartInvoiceInc,"100 Commerce Blvd, Dallas, TX 75201",17,33967.2,7.0,2377.7,36344.9,2024-11-30,1
INV-2024-0221,2024-10-04,10,2024-10-19,Net 15,15,USD,V087,Bright Energy LLC,"5575 Trade Center Dr, New York, CA 49952",billing@bright-energy.com,EY-6888997,Manufacturing,SmartInvoiceInc,"100 Commerce Blvd, Dallas, TX 75201",18,29434.88,9.0,2649.14,32084.02,2024-11-13,1
INV-2023-0001,2023-01-08,1,2023-01-23,Net 15,15,USD,V054,Swift Medical Group,"324 Market St, Dallas, TX 88477",billing@swift-medical.com,FE-9671370,Retail,SmartInvoiceInc,"100 Commerce Blvd, Dallas, TX 75201",19,4297.78,8.5,365.31,4663.09,2023-02-22,1
INV-2023-0099,2023-05-09,5,2023-05-24,Net 15,15,USD,V092,Pinnacle Capital Co,"7579 Commerce Blvd, Seattle, FL 84478",billing@pinnacle-capital.com,TS-6703394,Retail,SmartInvoiceInc,"100 Commerce Blvd, Dallas, TX 75201",3,22861.1,8.5,1943.19,24804.29,2023-05-24,0
INV-2024-0018,2024-01-21,1,2024-03-06,Net 45,45,USD,V045,Apex Freight Co,"6909 Innovation Rd, Austin, GA 15122",billing@apex-freight.com,OW-4708654,Retail,SmartInvoiceInc,"100 Commerce Blvd, Dallas, TX 75201",14,44222.04,7.5,3316.65,47538.69,2024-04-13,1
INV-2022-0189,2022-10-18,10,2022-12-02,Net 45,45,USD,V064,Swift Labs Inc,"6128 Market St, Chicago, FL 50631",billing@swift-labs.com,OH-7356228,Healthcare,SmartInvoiceInc,"100 Commerce Blvd, Dallas, TX 75201",10,36659.38,6.25,2291.21,38950.59,2022-12-02,0
INV-2022-0078,2022-04-16,4,2022-05-16,Net 30,30,USD,V041,Titan Tech Group,"8572 Tech Park Way, Austin, CA 38732",billing@titan-tech.com,ZS-8757202,Healthcare,SmartInvoiceInc,"100 Commerce Blvd, Dallas, TX 75201",10,13492.29,8.25,1113.11,14605.4,2022-06-12,1
INV-2023-0214,2023-11-01,11,2023-11-16,Net 15,15,USD,V052,Pinnacle Tech Corp,"8295 Business Pkwy, New York, TX 94471",billing@pinnacle-tech.com,FS-3357821,Technology,SmartInvoiceInc,"100 Commerce Blvd, Dallas, TX 75201",1,8545.63,8.0,683.65,9229.28,2023-12-03,1
INV-2022-0003,2022-01-02,1,2022-02-16,Net 45,45,USD,V004,Metro Medical Inc,"7905 Business Pkwy, Atlanta, WA 66556",billing@metro-medical.com,UA-8474447,Healthcare,SmartInvoiceInc,"100 Commerce Blvd, Dallas, TX 75201",4,27842.12,8.5,2366.58,30208.7,2022-03-23,1
INV-2023-0168,2023-08-12,8,2023-08-27,Net 15,15,USD,V008,Apex Security LLC,"9923 Commerce Blvd, Chicago, IL 26364",billing@apex-security.com,DP-2100567,Manufacturing,SmartInvoiceInc,"100 Commerce Blvd, Dallas, TX 75201",19,15125.66,8.0,1210.05,16335.71,2023-09-23,1
INV-2023-0200,2023-10-06,10,2023-11-05,Net 30,30,USD,V032,Pacific Logistics Inc,"7549 Trade Center Dr, New York, TX 56540",billing@pacific-logistics.com,AB-8153768,Services,SmartInvoiceInc,"100 Commerce Blvd, Dallas, TX 75201",18,9018.26,8.25,744.01,9762.27,2023-12-06,1
INV-2022-0065,2022-03-31,3,2022-04-15,Net 15,15,USD,V004,Metro Medical Inc,"7905 Business Pkwy, Atlanta, WA 66556",billing@metro-medical.com,UA-8474447,Healthcare,SmartInvoiceInc,"100 Commerce Blvd, Dallas, TX 75201",17,26421.34,8.5,2245.81,28667.15,2022-04-15,0
INV-2022-0243,2022-12-16,12,2022-12-31,Net 15,15,USD,V039,Elite Labs Group,"237 Innovation Rd, Dallas, AZ 29963",billing@elite-labs.com,TX-2849396,Manufacturing,SmartInvoiceInc,"100 Commerce Blvd, Dallas, TX 75201",4,10438.16,8.5,887.24,11325.4,2023-02-13,1
INV-2024-0259,2024-11-28,11,2024-12-28,Net 30,30,USD,V012,Beacon Tech LLC,"517 Tech Park Way, Atlanta, GA 13267",billing@beacon-tech.com,ZU-3922097,Healthcare,SmartInvoiceInc,"100 Commerce Blvd, Dallas, TX 75201",4,39281.74,8.25,3240.74,42522.48,2024-12-29,1
INV-2024-0130,2024-06-27,6,2024-07-27,Net 30,30,USD,V058,Alpha Parts Inc,"5515 Business Pkwy, Chicago, CO 68596",billing@alpha-parts.com,NC-1873172,Healthcare,SmartInvoiceInc,"100 Commerce Blvd, Dallas, TX 75201",13,20009.73,8.0,1600.78,21610.51,2024-08-18,1
INV-2022-0116,2022-06-08,6,2022-06-23,Net 15,15,USD,V019,Pioneer Marketing Co,"5261 Venture Blvd, Miami, AZ 19348",billing@pioneer-marketing.com,CW-3276360,Manufacturing,SmartInvoiceInc,"100 Commerce Blvd, Dallas, TX 75201",18,29241.94,8.25,2412.46,31654.4,2022-08-04,1
INV-2024-0175,2024-08-16,8,2024-09-15,Net 30,30,USD,V033,Nexus Tech Inc,"504 Corporate Ln, New York, TX 70100",billing@nexus-tech.com,EF-4196340,Healthcare,SmartInvoiceInc,"100 Commerce Blvd, Dallas, TX 75201",5,39403.3,8.5,3349.28,42752.58,2024-09-24,1
INV-2022-0212,2022-11-08,11,2023-01-07,Net 60,60,USD,V021,Swift Ventures LLC,"9509 Enterprise Ave, San Francisco, OH 36962",billing@swift-ventures.com,HP-7243669,Retail,SmartInvoiceInc,"100 Commerce Blvd, Dallas, TX 75201",1,28561.19,8.25,2356.3,30917.49,2023-01-07,0
INV-2023-0058,2023-03-21,3,2023-05-05,Net 45,45,USD,V052,Pinnacle Tech Corp,"8295 Business Pkwy, New York, TX 94471",billing@pinnacle-tech.com,FS-3357821,Technology,SmartInvoiceInc,"100 Commerce Blvd, Dallas, TX 75201",12,3200.99,7.5,240.07,3441.06,2023-05-23,1
INV-2022-0194,2022-10-25,10,2022-11-09,Net 15,15,USD,V038,Horizon Freight Corp,"1431 Trade Center Dr, New York, TX 52318",billing@horizon-freight.com,WJ-2296516,Healthcare,SmartInvoiceInc,"100 Commerce Blvd, Dallas, TX 75201",1,41850.94,9.0,3766.58,45617.52,2022-11-09,0
INV-2024-0166,2024-08-09,8,2024-09-23,Net 45,45,USD,V068,Nexus Energy Group,"3976 Innovation Rd, Seattle, TX 75310",billing@nexus-energy.com,ZI-9887324,Technology,SmartInvoiceInc,"100 Commerce Blvd, Dallas, TX 75201",18,13591.35,7.0,951.39,14542.74,2024-09-23,0
INV-2022-0032,2022-02-05,2,2022-03-07,Net 30,30,USD,V022,Acme Capital Inc,"8802 Corporate Ln, Atlanta, FL 45909",billing@acme-capital.com,SL-9415398,Services,SmartInvoiceInc,"100 Commerce Blvd, Dallas, TX 75201",12,46801.22,7.0,3276.09,50077.31,2022-03-07,0
INV-2023-0142,2023-07-13,7,2023-07-28,Net 15,15,USD,V057,Pioneer Consulting Inc,"1704 Industrial Dr, San Francisco, WA 80792",billing@pioneer-consulting.com,BL-2384418,Services,SmartInvoiceInc,"100 Commerce Blvd, Dallas, TX 75201",16,43381.48,9.0,3904.33,47285.81,2023-08-25,1
INV-2024-0117,2024-06-09,6,2024-07-24,Net 45,45,USD,V051,Summit Cloud Inc,"8534 Innovation Rd, San Francisco, FL 19111",billing@summit-cloud.com,FB-8643603,Retail,SmartInvoiceInc,"100 Commerce Blvd, Dallas, TX 75201",17,28794.58,8.25,2375.55,31170.13,2024-07-24,0
INV-2022-0100,2022-05-21,5,2022-07-05,Net 45,45,USD,V069,Titan Security Corp,"1892 Enterprise Ave, San Francisco, AZ 11645",billing@titan-security.com,DV-7671318,Technology,SmartInvoiceInc,"100 Commerce Blvd, Dallas, TX 75201",5,38302.77,7.5,2872.71,41175.48,2022-08-13,1
INV-2024-0113,2024-06-05,6,2024-07-20,Net 45,45,USD,V015,Prime Parts Group,"3540 Corporate Ln, Miami, CO 78450",billing@prime-parts.com,IQ-6781565,Retail,SmartInvoiceInc,"100 Commerce Blvd, Dallas, TX 75201",15,7576.56,7.0,530.36,8106.92,2024-08-04,1
INV-2023-0260,2023-12-27,12,2024-01-26,Net 30,30,USD,V035,Pioneer Parts Co,"816 Market St, Dallas, TX 55543",billing@pioneer-parts.com,BH-9896761,Manufacturing,SmartInvoiceInc,"100 Commerce Blvd, Dallas, TX 75201",12,20190.78,8.25,1665.74,21856.52,2024-01-26,0
INV-2024-0252,2024-11-15,11,2025-01-14,Net 60,60,USD,V067,Horizon Parts Group,"7883 Industrial Dr, Atlanta, TX 66942",billing@horizon-parts.com,HK-3792427,Retail,SmartInvoiceInc,"100 Commerce Blvd, Dallas, TX 75201",8,42037.76,8.0,3363.02,45400.78,2025-01-14,0
INV-2023-0122,2023-06-05,6,2023-06-20,Net 15,15,USD,V051,Summit Cloud Inc,"8534 Innovation Rd, San Francisco, FL 19111",billing@summit-cloud.com,FB-8643603,Retail,SmartInvoiceInc,"100 Commerce Blvd, Dallas, TX 75201",3,4022.21,9.0,362.0,4384.21,2023-06-20,0
INV-2022-0009,2022-01-10,1,2022-03-11,Net 60,60,USD,V067,Horizon Parts Group,"7883 Industrial Dr, Atlanta, TX 66942",billing@horizon-parts.com,HK-3792427,Retail,SmartInvoiceInc,"100 Commerce Blvd, Dallas, TX 75201",9,28114.75,8.25,2319.47,30434.22,2022-03-18,1
INV-2024-0201,2024-09-10,9,2024-10-25,Net 45,45,USD,V015,Prime Parts Group,"3540 Corporate Ln, Miami, CO 78450",billing@prime-parts.com,IQ-6781565,Retail,SmartInvoiceInc,"100 Commerce Blvd, Dallas, TX 75201",6,41205.79,8.5,3502.49,44708.28,2024-10-25,0
INV-2023-0007,2023-01-13,1,2023-01-28,Net 15,15,USD,V044,Global Systems Inc,"1376 Market St, Chicago, OH 18717",billing@global-systems.com,ZW-1067661,Manufacturing,SmartInvoiceInc,"100 Commerce Blvd, Dallas, TX 75201",10,47325.56,8.5,4022.67,51348.23,2023-02-22,1
INV-2023-0223,2023-11-13,11,2024-01-12,Net 60,60,USD,V050,Alpha Logistics Inc,"1560 Business Pkwy, San Francisco, OH 11605",billing@alpha-logistics.com,WP-3255363,Services,SmartInvoiceInc,"100 Commerce Blvd, Dallas, TX 75201",17,39925.98,8.5,3393.71,43319.69,2024-01-12,0
INV-2023-0159,2023-08-07,8,2023-10-06,Net 60,60,USD,V041,Titan Tech Group,"8572 Tech Park Way, Austin, CA 38732",billing@titan-tech.com,ZS-8757202,Healthcare,SmartInvoiceInc,"100 Commerce Blvd, Dallas, TX 75201",11,34690.95,8.25,2862.0,37552.95,2023-10-06,0
INV-2022-0111,2022-06-01,6,2022-07-01,Net 30,30,USD,V018,Beacon Partners Group,"7292 Market St, San Francisco, FL 70566",billing@beacon-partners.com,PY-1787494,Healthcare,SmartInvoiceInc,"100 Commerce Blvd, Dallas, TX 75201",13,5011.46,8.0,400.92,5412.38,2022-07-29,1
INV-2023-0255,2023-12-21,12,2024-02-19,Net 60,60,USD,V051,Summit Cloud Inc,"8534 Innovation Rd, San Francisco, FL 19111",billing@summit-cloud.com,FB-8643603,Retail,SmartInvoiceInc,"100 Commerce Blvd, Dallas, TX 75201",15,20977.09,8.0,1678.17,22655.26,2024-02-19,0
INV-2024-0265,2024-12-08,12,2025-01-07,Net 30,30,USD,V068,Nexus Energy Group,"3976 Innovation Rd, Seattle, TX 75310",billing@nexus-energy.com,ZI-9887324,Technology,SmartInvoiceInc,"100 Commerce Blvd, Dallas, TX 75201",2,2550.69,7.0,178.55,2729.24,2025-01-07,0
INV-2024-0093,2024-05-08,5,2024-07-07,Net 60,60,USD,V080,Vanguard Legal Group,"3154 Innovation Rd, Houston, NY 44911",billing@vanguard-legal.com,XN-8021855,Services,SmartInvoiceInc,"100 Commerce Blvd, Dallas, TX 75201",16,6180.3,8.25,509.87,6690.17,2024-08-01,1
INV-2022-0043,2022-02-19,2,2022-03-21,Net 30,30,USD,V020,Titan Systems LLC,"2639 Commerce Blvd, New York, GA 31677",billing@titan-systems.com,MH-7646705,Services,SmartInvoiceInc,"100 Commerce Blvd, Dallas, TX 75201",18,39976.95,7.0,2798.39,42775.34,2022-03-21,0
INV-2023-0211,2023-10-26,10,2023-11-25,Net 30,30,USD,V045,Apex Freight Co,"6909 Innovation Rd, Austin, GA 15122",billing@apex-freight.com,OW-4708654,Retail,SmartInvoiceInc,"100 Commerce Blvd, Dallas, TX 75201",15,46160.5,9.0,4154.44,50314.94,2023-12-06,1
INV-2023-0127,2023-06-15,6,2023-07-30,Net 45,45,USD,V019,Pioneer Marketing Co,"5261 Venture Blvd, Miami, AZ 19348",billing@pioneer-marketing.com,CW-3276360,Manufacturing,SmartInvoiceInc,"100 Commerce Blvd, Dallas, TX 75201",7,12413.19,8.5,1055.12,13468.31,2023-07-30,0
INV-2024-0271,2024-12-19,12,2025-02-17,Net 60,60,USD,V045,Apex Freight Co,"6909 Innovation Rd, Austin, GA 15122",billing@apex-freight.com,OW-4708654,Retail,SmartInvoiceInc,"100 Commerce Blvd, Dallas, TX 75201",9,31720.51,7.5,2379.04,34099.55,2025-02-17,0
INV-2024-0092,2024-05-06,5,2024-07-05,Net 60,60,USD,V023,Titan Marketing LLC,"6077 Tech Park Way, Miami, NY 96188",billing@titan-marketing.com,MR-5984445,Manufacturing,SmartInvoiceInc,"100 Commerce Blvd, Dallas, TX 75201",19,17042.54,9.0,1533.83,18576.37,2024-08-07,1
INV-2022-0105,2022-05-26,5,2022-07-25,Net 60,60,USD,V019,Pioneer Marketing Co,"5261 Venture Blvd, Miami, AZ 19348",billing@pioneer-marketing.com,CW-3276360,Manufacturing,SmartInvoiceInc,"100 Commerce Blvd, Dallas, TX 75201",20,43387.95,6.25,2711.75,46099.7,2022-07-25,0
INV-2024-0135,2024-07-03,7,2024-08-02,Net 30,30,USD,V099,Pioneer Works Corp,"1600 Industrial Dr, Los Angeles, GA 29426",billing@pioneer-works.com,RJ-1066150,Technology,SmartInvoiceInc,"100 Commerce Blvd, Dallas, TX 75201",3,23252.41,8.5,1976.45,25228.86,2024-08-02,0
INV-2024-0209,2024-09-19,9,2024-11-18,Net 60,60,USD,V087,Bright Energy LLC,"5575 Trade Center Dr, New York, CA 49952",billing@bright-energy.com,EY-6888997,Manufacturing,SmartInvoiceInc,"100 Commerce Blvd, Dallas, TX 75201",16,31823.73,7.5,2386.78,34210.51,2024-11-26,1
INV-2022-0158,2022-08-30,8,2022-10-14,Net 45,45,USD,V055,Beacon Security Co,"2126 Tech Park Way, Dallas, OH 69383",billing@beacon-security.com,JE-4757974,Manufacturing,SmartInvoiceInc,"100 Commerce Blvd, Dallas, TX 75201",8,6814.72,6.25,425.92,7240.64,2022-11-06,1
INV-2023-0157,2023-08-04,8,2023-09-18,Net 45,45,USD,V064,Swift Labs Inc,"6128 Market St, Chicago, FL 50631",billing@swift-labs.com,OH-7356228,Healthcare,SmartInvoiceInc,"100 Commerce Blvd, Dallas, TX 75201",11,35185.91,8.5,2990.8,38176.71,2023-09-18,0
INV-2023-0227,2023-11-18,11,2024-01-02,Net 45,45,USD,V018,Beacon Partners Group,"7292 Market St, San Francisco, FL 70566",billing@beacon-partners.com,PY-1787494,Healthcare,SmartInvoiceInc,"100 Commerce Blvd, Dallas, TX 75201",15,8492.16,6.25,530.76,9022.92,2024-01-29,1
INV-2023-0087,2023-04-28,4,2023-06-27,Net 60,60,USD,V045,Apex Freight Co,"6909 Innovation Rd, Austin, GA 15122",billing@apex-freight.com,OW-4708654,Retail,SmartInvoiceInc,"100 Commerce Blvd, Dallas, TX 75201",18,3923.1,9.0,353.08,4276.18,2023-08-08,1
INV-2023-0220,2023-11-04,11,2023-12-04,Net 30,30,USD,V007,Pinnacle Legal LLC,"6765 Business Pkwy, San Francisco, FL 78385",billing@pinnacle-legal.com,TJ-4693305,Services,SmartInvoiceInc,"100 Commerce Blvd, Dallas, TX 75201",16,28412.7,8.5,2415.08,30827.78,2024-01-18,1
INV-2023-0193,2023-09-23,9,2023-11-07,Net 45,45,USD,V057,Pioneer Consulting Inc,"1704 Industrial Dr, San Francisco, WA 80792",billing@pioneer-consulting.com,BL-2384418,Services,SmartInvoiceInc,"100 Commerce Blvd, Dallas, TX 75201",8,30700.34,8.25,2532.78,33233.12,2023-11-07,0
INV-2023-0205,2023-10-23,10,2023-11-07,Net 15,15,USD,V020,Titan Systems LLC,"2639 Commerce Blvd, New York, GA 31677",billing@titan-systems.com,MH-7646705,Services,SmartInvoiceInc,"100 Commerce Blvd, Dallas, TX 75201",17,34853.86,7.0,2439.77,37293.63,2023-12-18,1
INV-2023-0208,2023-10-24,10,2023-12-08,Net 45,45,USD,V006,Apex Solutions Co,"2241 Market St, San Francisco, AZ 45247",billing@apex-solutions.com,UG-6698848,Healthcare,SmartInvoiceInc,"100 Commerce Blvd, Dallas, TX 75201",6,5019.79,7.5,376.48,5396.27,2023-12-08,0
INV-2024-0062,2024-03-15,3,2024-04-29,Net 45,45,USD,V040,Elite Tech Co,"6369 Tech Park Way, Atlanta, GA 90719",billing@elite-tech.com,KV-2072647,Retail,SmartInvoiceInc,"100 Commerce Blvd, Dallas, TX 75201",3,3514.65,7.5,263.6,3778.25,2024-04-29,0
INV-2023-0041,2023-02-23,2,2023-03-10,Net 15,15,USD,V088,Sterling Tech Group,"1722 Enterprise Ave, Seattle, OH 71396",billing@sterling-tech.com,YF-8369434,Manufacturing,SmartInvoiceInc,"100 Commerce Blvd, Dallas, TX 75201",3,44880.45,8.0,3590.44,48470.89,2023-04-22,1
INV-2024-0205,2024-09-14,9,2024-09-29,Net 15,15,USD,V098,Titan Supplies Co,"3257 Venture Blvd, Miami, IL 34070",billing@titan-supplies.com,IS-9593223,Manufacturing,SmartInvoiceInc,"100 Commerce Blvd, Dallas, TX 75201",16,30048.79,7.5,2253.66,32302.45,2024-09-29,0
INV-2023-0202,2023-10-12,10,2023-12-11,Net 60,60,USD,V025,Acme Supplies Group,"7676 Innovation Rd, Dallas, OH 77641",billing@acme-supplies.com,LM-5848287,Healthcare,SmartInvoiceInc,"100 Commerce Blvd, Dallas, TX 75201",19,13159.31,7.0,921.15,14080.46,2024-01-14,1
INV-2024-0183,2024-08-26,8,2024-10-25,Net 60,60,USD,V080,Vanguard Legal Group,"3154 Innovation Rd, Houston, NY 44911",billing@vanguard-legal.com,XN-8021855,Services,SmartInvoiceInc,"100 Commerce Blvd, Dallas, TX 75201",8,12719.42,7.0,890.36,13609.78,2024-10-25,0
INV-2023-0169,2023-08-13,8,2023-09-12,Net 30,30,USD,V045,Apex Freight Co,"6909 Innovation Rd, Austin, GA 15122",billing@apex-freight.com,OW-4708654,Retail,SmartInvoiceInc,"100 Commerce Blvd, Dallas, TX 75201",6,30963.33,7.5,2322.25,33285.58,2023-10-24,1
INV-2023-0106,2023-05-24,5,2023-06-23,Net 30,30,USD,V010,Prime Cloud Group,"8102 Commerce Blvd, Dallas, WA 79449",billing@prime-cloud.com,KL-3248988,Healthcare,SmartInvoiceInc,"100 Commerce Blvd, Dallas, TX 75201",20,29159.39,8.0,2332.75,31492.14,2023-07-24,1
INV-2023-0056,2023-03-17,3,2023-05-16,Net 60,60,USD,V015,Prime Parts Group,"3540 Corporate Ln, Miami, CO 78450",billing@prime-parts.com,IQ-6781565,Retail,SmartInvoiceInc,"100 Commerce Blvd, Dallas, TX 75201",8,33609.39,6.25,2100.59,35709.98,2023-06-02,1
INV-2024-0147,2024-07-09,7,2024-08-23,Net 45,45,USD,V016,Summit Freight Inc,"1465 Tech Park Way, Dallas, FL 26779",billing@summit-freight.com,IS-7197323,Technology,SmartInvoiceInc,"100 Commerce Blvd, Dallas, TX 75201",3,28091.55,8.25,2317.55,30409.1,2024-08-23,0
INV-2024-0030,2024-02-09,2,2024-03-25,Net 45,45,USD,V020,Titan Systems LLC,"2639 Commerce Blvd, New York, GA 31677",billing@titan-systems.com,MH-7646705,Services,SmartInvoiceInc,"100 Commerce Blvd, Dallas, TX 75201",18,44352.74,8.25,3659.1,48011.84,2024-03-25,0
INV-2022-0171,2022-09-20,9,2022-10-05,Net 15,15,USD,V042,Summit Capital Co,"5685 Venture Blvd, New York, IL 49749",billing@summit-capital.com,AE-3245131,Manufacturing,SmartInvoiceInc,"100 Commerce Blvd, Dallas, TX 75201",10,10815.78,6.25,675.99,11491.77,2022-10-05,0
INV-2023-0198,2023-09-29,9,2023-10-29,Net 30,30,USD,V063,Bright Capital Inc,"1050 Commerce Blvd, Los Angeles, OH 69201",billing@bright-capital.com,JE-8583354,Manufacturing,SmartInvoiceInc,"100 Commerce Blvd, Dallas, TX 75201",9,7312.67,7.5,548.45,7861.12,2023-12-10,1
INV-2023-0073,2023-04-04,4,2023-06-03,Net 60,60,USD,V013,Summit Partners Corp,"512 Innovation Rd, Los Angeles, CO 70692",billing@summit-partners.com,YD-8122313,Healthcare,SmartInvoiceInc,"100 Commerce Blvd, Dallas, TX 75201",13,33907.21,7.0,2373.5,36280.71,2023-06-03,0
INV-2024-0214,2024-09-25,9,2024-11-24,Net 60,60,USD,V073,Acme Systems Group,"3672 Innovation Rd, Dallas, TX 47148",billing@acme-systems.com,KV-6786265,Retail,SmartInvoiceInc,"100 Commerce Blvd, Dallas, TX 75201",7,15973.6,8.0,1277.89,17251.49,2025-01-03,1
INV-2023-0240,2023-12-01,12,2024-01-15,Net 45,45,USD,V064,Swift Labs Inc,"6128 Market St, Chicago, FL 50631",billing@swift-labs.com,OH-7356228,Healthcare,SmartInvoiceInc,"100 Commerce Blvd, Dallas, TX 75201",14,19010.38,8.25,1568.36,20578.74,2024-01-15,0
INV-2022-0196,2022-10-29,10,2022-12-13,Net 45,45,USD,V089,Delta Energy Group,"6236 Enterprise Ave, Miami, AZ 69052",billing@delta-energy.com,QZ-9752084,Retail,SmartInvoiceInc,"100 Commerce Blvd, Dallas, TX 75201",18,16763.63,9.0,1508.73,18272.36,2022-12-15,1
INV-2023-0137,2023-07-08,7,2023-07-23,Net 15,15,USD,V025,Acme Supplies Group,"7676 Innovation Rd, Dallas, OH 77641",billing@acme-supplies.com,LM-5848287,Healthcare,SmartInvoiceInc,"100 Commerce Blvd, Dallas, TX 75201",7,31784.95,9.0,2860.65,34645.6,2023-08-27,1
INV-2022-0187,2022-10-15,10,2022-11-29,Net 45,45,USD,V082,Acme Labs Inc,"2298 Enterprise Ave, Austin, NY 23859",billing@acme-labs.com,RB-3008960,Healthcare,SmartInvoiceInc,"100 Commerce Blvd, Dallas, TX 75201",20,37388.13,7.5,2804.11,40192.24,2022-12-18,1
INV-2023-0185,2023-09-13,9,2023-11-12,Net 60,60,USD,V062,Vanguard Security LLC,"5667 Market St, Dallas, FL 35053",billing@vanguard-security.com,GD-7867100,Technology,SmartInvoiceInc,"100 Commerce Blvd, Dallas, TX 75201",9,18826.49,6.25,1176.66,20003.15,2023-11-12,0
INV-2024-0219,2024-10-02,10,2024-11-16,Net 45,45,USD,V035,Pioneer Parts Co,"816 Market St, Dallas, TX 55543",billing@pioneer-parts.com,BH-9896761,Manufacturing,SmartInvoiceInc,"100 Commerce Blvd, Dallas, TX 75201",14,9549.26,8.5,811.69,10360.95,2024-11-16,0
INV-2022-0033,2022-02-05,2,2022-03-22,Net 45,45,USD,V030,Delta Solutions Group,"2879 Tech Park Way, New York, CA 66178",billing@delta-solutions.com,EO-6187480,Manufacturing,SmartInvoiceInc,"100 Commerce Blvd, Dallas, TX 75201",17,3590.35,9.0,323.13,3913.48,2022-03-30,1
INV-2024-0011,2024-01-14,1,2024-03-14,Net 60,60,USD,V082,Acme Labs Inc,"2298 Enterprise Ave, Austin, NY 23859",billing@acme-labs.com,RB-3008960,Healthcare,SmartInvoiceInc,"100 Commerce Blvd, Dallas, TX 75201",16,40536.9,7.0,2837.58,43374.48,2024-03-14,0
INV-2022-0246,2022-12-19,12,2023-01-03,Net 15,15,USD,V045,Apex Freight Co,"6909 Innovation Rd, Austin, GA 15122",billing@apex-freight.com,OW-4708654,Retail,SmartInvoiceInc,"100 Commerce Blvd, Dallas, TX 75201",7,42932.93,7.0,3005.31,45938.24,2023-01-09,1
INV-2022-0054,2022-03-14,3,2022-04-13,Net 30,30,USD,V024,Nexus Marketing Group,"6719 Innovation Rd, Atlanta, GA 62224",billing@nexus-marketing.com,CM-6304509,Technology,SmartInvoiceInc,"100 Commerce Blvd, Dallas, TX 75201",6,34285.75,6.25,2142.86,36428.61,2022-05-07,1
INV-2023-0201,2023-10-10,10,2023-11-09,Net 30,30,USD,V075,Titan Energy Co,"6804 Corporate Ln, Dallas, GA 12482",billing@titan-energy.com,XS-8433533,Healthcare,SmartInvoiceInc,"100 Commerce Blvd, Dallas, TX 75201",19,15649.33,8.0,1251.95,16901.28,2023-11-09,0
INV-2024-0279,2024-12-29,12,2025-01-13,Net 15,15,USD,V038,Horizon Freight Corp,"1431 Trade Center Dr, New York, TX 52318",billing@horizon-freight.com,WJ-2296516,Healthcare,SmartInvoiceInc,"100 Commerce Blvd, Dallas, TX 75201",14,22547.77,8.25,1860.19,24407.96,2025-01-13,0
INV-2023-0046,2023-03-01,3,2023-04-15,Net 45,45,USD,V094,Pioneer Supplies Inc,"160 Innovation Rd, Seattle, CO 23350",billing@pioneer-supplies.com,CC-6787749,Manufacturing,SmartInvoiceInc,"100 Commerce Blvd, Dallas, TX 75201",8,43626.96,8.5,3708.29,47335.25,2023-04-15,0
INV-2024-0215,2024-09-25,9,2024-10-10,Net 15,15,USD,V009,Nexus Cloud Inc,"9187 Market St, Chicago, CA 21938",billing@nexus-cloud.com,AA-2404330,Healthcare,SmartInvoiceInc,"100 Commerce Blvd, Dallas, TX 75201",1,30093.08,8.5,2557.91,32650.99,2024-10-13,1
INV-2023-0247,2023-12-09,12,2024-01-23,Net 45,45,USD,V007,Pinnacle Legal LLC,"6765 Business Pkwy, San Francisco, FL 78385",billing@pinnacle-legal.com,TJ-4693305,Services,SmartInvoiceInc,"100 Commerce Blvd, Dallas, TX 75201",1,24036.05,8.5,2043.06,26079.11,2024-02-15,1
INV-2023-0143,2023-07-15,7,2023-08-29,Net 45,45,USD,V041,Titan Tech Group,"8572 Tech Park Way, Austin, CA 38732",billing@titan-tech.com,ZS-8757202,Healthcare,SmartInvoiceInc,"100 Commerce Blvd, Dallas, TX 75201",11,33993.91,6.25,2124.62,36118.53,2023-10-04,1
INV-2024-0078,2024-04-07,4,2024-04-22,Net 15,15,USD,V037,Delta Logistics Co,"4773 Tech Park Way, Miami, OH 75215",billing@delta-logistics.com,BF-1317537,Manufacturing,SmartInvoiceInc,"100 Commerce Blvd, Dallas, TX 75201",17,23314.47,8.25,1923.44,25237.91,2024-04-22,0
INV-2024-0170,2024-08-13,8,2024-10-12,Net 60,60,USD,V003,Global Logistics LLC,"9032 Venture Blvd, San Francisco, GA 11150",billing@global-logistics.com,IL-7095929,Manufacturing,SmartInvoiceInc,"100 Commerce Blvd, Dallas, TX 75201",15,5717.37,8.0,457.39,6174.76,2024-10-12,0
INV-2023-0117,2023-06-01,6,2023-07-16,Net 45,45,USD,V061,Prime Solutions Co,"3787 Innovation Rd, Austin, GA 77506",billing@prime-solutions.com,FF-4369538,Services,SmartInvoiceInc,"100 Commerce Blvd, Dallas, TX 75201",17,15559.97,8.0,1244.8,16804.77,2023-07-30,1
INV-2023-0053,2023-03-04,3,2023-04-18,Net 45,45,USD,V079,Alpha Partners Inc,"6054 Innovation Rd, Miami, WA 66373",billing@alpha-partners.com,YO-4185714,Technology,SmartInvoiceInc,"100 Commerce Blvd, Dallas, TX 75201",6,17814.91,7.0,1247.04,19061.95,2023-04-18,0
INV-2022-0118,2022-06-09,6,2022-07-24,Net 45,45,USD,V008,Apex Security LLC,"9923 Commerce Blvd, Chicago, IL 26364",billing@apex-security.com,DP-2100567,Manufacturing,SmartInvoiceInc,"100 Commerce Blvd, Dallas, TX 75201",3,31666.6,8.25,2612.49,34279.09,2022-08-17,1
INV-2022-0106,2022-05-29,5,2022-06-13,Net 15,15,USD,V096,Sterling Security Corp,"5995 Enterprise Ave, Dallas, GA 64756",billing@sterling-security.com,VP-7611653,Technology,SmartInvoiceInc,"100 Commerce Blvd, Dallas, TX 75201",20,27440.74,6.25,1715.05,29155.79,2022-06-28,1
INV-2024-0035,2024-02-15,2,2024-03-01,Net 15,15,USD,V078,Beacon Legal LLC,"1581 Tech Park Way, Houston, TX 91974",billing@beacon-legal.com,RG-8449607,Technology,SmartInvoiceInc,"100 Commerce Blvd, Dallas, TX 75201",2,8789.26,9.0,791.03,9580.29,2024-03-01,0
INV-2022-0052,2022-03-08,3,2022-05-07,Net 60,60,USD,V031,Titan Capital LLC,"2971 Industrial Dr, San Francisco, GA 11015",billing@titan-capital.com,AV-9416320,Manufacturing,SmartInvoiceInc,"100 Commerce Blvd, Dallas, TX 75201",6,3624.93,7.5,271.87,3896.8,2022-05-24,1
INV-2024-0229,2024-10-10,10,2024-10-25,Net 15,15,USD,V078,Beacon Legal LLC,"1581 Tech Park Way, Houston, TX 91974",billing@beacon-legal.com,RG-8449607,Technology,SmartInvoiceInc,"100 Commerce Blvd, Dallas, TX 75201",20,21398.52,8.25,1765.38,23163.9,2024-10-25,0
INV-2023-0010,2023-01-16,1,2023-02-15,Net 30,30,USD,V016,Summit Freight Inc,"1465 Tech Park Way, Dallas, FL 26779",billing@summit-freight.com,IS-7197323,Technology,SmartInvoiceInc,"100 Commerce Blvd, Dallas, TX 75201",17,7299.41,7.0,510.96,7810.37,2023-02-19,1
INV-2022-0047,2022-02-27,2,2022-04-13,Net 45,45,USD,V085,Nexus Security Inc,"3286 Commerce Blvd, Atlanta, WA 70774",billing@nexus-security.com,IV-3245909,Services,SmartInvoiceInc,"100 Commerce Blvd, Dallas, TX 75201",2,37444.96,6.25,2340.31,39785.27,2022-04-13,0
INV-2022-0235,2022-12-08,12,2022-12-23,Net 15,15,USD,V069,Titan Security Corp,"1892 Enterprise Ave, San Francisco, AZ 11645",billing@titan-security.com,DV-7671318,Technology,SmartInvoiceInc,"100 Commerce Blvd, Dallas, TX 75201",20,581.37,7.5,43.6,624.97,2023-02-01,1
INV-2023-0263,2023-12-28,12,2024-01-12,Net 15,15,USD,V073,Acme Systems Group,"3672 Innovation Rd, Dallas, TX 47148",billing@acme-systems.com,KV-6786265,Retail,SmartInvoiceInc,"100 Commerce Blvd, Dallas, TX 75201",10,11371.93,6.25,710.75,12082.68,2024-01-12,0
INV-2024-0031,2024-02-09,2,2024-04-09,Net 60,60,USD,V086,Swift Consulting Group,"6909 Venture Blvd, Houston, GA 84532",billing@swift-consulting.com,KF-2014929,Healthcare,SmartInvoiceInc,"100 Commerce Blvd, Dallas, TX 75201",2,8806.82,8.5,748.58,9555.4,2024-04-09,0
INV-2023-0181,2023-09-06,9,2023-10-06,Net 30,30,USD,V097,Beacon Logistics LLC,"5487 Venture Blvd, Atlanta, AZ 37935",billing@beacon-logistics.com,JP-4813270,Manufacturing,SmartInvoiceInc,"100 Commerce Blvd, Dallas, TX 75201",7,46475.99,6.25,2904.75,49380.74,2023-10-06,0
INV-2022-0247,2022-12-20,12,2023-02-18,Net 60,60,USD,V004,Metro Medical Inc,"7905 Business Pkwy, Atlanta, WA 66556",billing@metro-medical.com,UA-8474447,Healthcare,SmartInvoiceInc,"100 Commerce Blvd, Dallas, TX 75201",18,4113.68,7.5,308.53,4422.21,2023-02-18,0
INV-2022-0084,2022-04-26,4,2022-05-26,Net 30,30,USD,V028,Pioneer Systems LLC,"5163 Business Pkwy, Chicago, IL 39703",billing@pioneer-systems.com,ZD-7655623,Manufacturing,SmartInvoiceInc,"100 Commerce Blvd, Dallas, TX 75201",9,37594.26,8.0,3007.54,40601.8,2022-05-26,0
INV-2023-0209,2023-10-24,10,2023-11-23,Net 30,30,USD,V080,Vanguard Legal Group,"3154 Innovation Rd, Houston, NY 44911",billing@vanguard-legal.com,XN-8021855,Services,SmartInvoiceInc,"100 Commerce Blvd, Dallas, TX 75201",18,9898.83,6.25,618.68,10517.51,2023-11-23,0
INV-2023-0063,2023-03-29,3,2023-04-28,Net 30,30,USD,V018,Beacon Partners Group,"7292 Market St, San Francisco, FL 70566",billing@beacon-partners.com,PY-1787494,Healthcare,SmartInvoiceInc,"100 Commerce Blvd, Dallas, TX 75201",13,37085.03,7.5,2781.38,39866.41,2023-04-28,0
INV-2022-0184,2022-10-14,10,2022-10-29,Net 15,15,USD,V042,Summit Capital Co,"5685 Venture Blvd, New York, IL 49749",billing@summit-capital.com,AE-3245131,Manufacturing,SmartInvoiceInc,"100 Commerce Blvd, Dallas, TX 75201",15,38772.58,8.5,3295.67,42068.25,2022-12-02,1
INV-2024-0233,2024-10-13,10,2024-12-12,Net 60,60,USD,V058,Alpha Parts Inc,"5515 Business Pkwy, Chicago, CO 68596",billing@alpha-parts.com,NC-1873172,Healthcare,SmartInvoiceInc,"100 Commerce Blvd, Dallas, TX 75201",3,40499.36,7.0,2834.96,43334.32,2024-12-12,0
INV-2022-0209,2022-11-07,11,2022-12-07,Net 30,30,USD,V040,Elite Tech Co,"6369 Tech Park Way, Atlanta, GA 90719",billing@elite-tech.com,KV-2072647,Retail,SmartInvoiceInc,"100 Commerce Blvd, Dallas, TX 75201",1,44381.88,6.25,2773.87,47155.75,2022-12-07,0
INV-2022-0139,2022-07-27,7,2022-08-11,Net 15,15,USD,V029,Nexus Freight Group,"639 Enterprise Ave, Atlanta, FL 30159",billing@nexus-freight.com,VQ-5010912,Healthcare,SmartInvoiceInc,"100 Commerce Blvd, Dallas, TX 75201",14,43008.69,9.0,3870.78,46879.47,2022-08-17,1
INV-2023-0182,2023-09-10,9,2023-11-09,Net 60,60,USD,V020,Titan Systems LLC,"2639 Commerce Blvd, New York, GA 31677",billing@titan-systems.com,MH-7646705,Services,SmartInvoiceInc,"100 Commerce Blvd, Dallas, TX 75201",6,49598.52,8.5,4215.87,53814.39,2023-12-03,1
INV-2023-0059,2023-03-22,3,2023-05-06,Net 45,45,USD,V047,Elite Energy Inc,"6329 Venture Blvd, Atlanta, TX 13596",billing@elite-energy.com,TY-1467010,Technology,SmartInvoiceInc,"100 Commerce Blvd, Dallas, TX 75201",19,21693.68,6.25,1355.86,23049.54,2023-05-06,0
INV-2023-0215,2023-11-01,11,2023-12-01,Net 30,30,USD,V099,Pioneer Works Corp,"1600 Industrial Dr, Los Angeles, GA 29426",billing@pioneer-works.com,RJ-1066150,Technology,SmartInvoiceInc,"100 Commerce Blvd, Dallas, TX 75201",11,45312.3,8.25,3738.26,49050.56,2023-12-01,0
INV-2023-0194,2023-09-25,9,2023-10-25,Net 30,30,USD,V042,Summit Capital Co,"5685 Venture Blvd, New York, IL 49749",billing@summit-capital.com,AE-3245131,Manufacturing,SmartInvoiceInc,"100 Commerce Blvd, Dallas, TX 75201",1,47693.44,7.0,3338.54,51031.98,2023-11-11,1
INV-2022-0046,2022-02-24,2,2022-03-26,Net 30,30,USD,V038,Horizon Freight Corp,"1431 Trade Center Dr, New York, TX 52318",billing@horizon-freight.com,WJ-2296516,Healthcare,SmartInvoiceInc,"100 Commerce Blvd, Dallas, TX 75201",15,39266.49,8.5,3337.65,42604.14,2022-03-26,0
INV-2024-0132,2024-06-30,6,2024-07-15,Net 15,15,USD,V019,Pioneer Marketing Co,"5261 Venture Blvd, Miami, AZ 19348",billing@pioneer-marketing.com,CW-3276360,Manufacturing,SmartInvoiceInc,"100 Commerce Blvd, Dallas, TX 75201",12,1527.52,7.0,106.93,1634.45,2024-08-05,1
INV-2024-0244,2024-11-01,11,2024-12-01,Net 30,30,USD,V093,Delta Labs Corp,"7201 Industrial Dr, Atlanta, AZ 11524",billing@delta-labs.com,II-7984720,Technology,SmartInvoiceInc,"100 Commerce Blvd, Dallas, TX 75201",5,9007.89,6.25,562.99,9570.88,2024-12-17,1
INV-2023-0204,2023-10-19,10,2023-11-18,Net 30,30,USD,V061,Prime Solutions Co,"3787 Innovation Rd, Austin, GA 77506",billing@prime-solutions.com,FF-4369538,Services,SmartInvoiceInc,"100 Commerce Blvd, Dallas, TX 75201",8,11008.14,8.0,880.65,11888.79,2023-11-18,0
INV-2024-0196,2024-09-06,9,2024-11-05,Net 60,60,USD,V074,Summit Systems LLC,"5688 Commerce Blvd, Miami, TX 56163",billing@summit-systems.com,IQ-3412149,Retail,SmartInvoiceInc,"100 Commerce Blvd, Dallas, TX 75201",11,1211.87,7.5,90.89,1302.76,2024-11-05,0
INV-2023-0113,2023-05-30,5,2023-06-14,Net 15,15,USD,V044,Global Systems Inc,"1376 Market St, Chicago, OH 18717",billing@global-systems.com,ZW-1067661,Manufacturing,SmartInvoiceInc,"100 Commerce Blvd, Dallas, TX 75201",7,25433.57,7.0,1780.35,27213.92,2023-06-18,1
INV-2022-0154,2022-08-25,8,2022-09-24,Net 30,30,USD,V078,Beacon Legal LLC,"1581 Tech Park Way, Houston, TX 91974",billing@beacon-legal.com,RG-8449607,Technology,SmartInvoiceInc,"100 Commerce Blvd, Dallas, TX 75201",16,8414.05,7.5,631.05,9045.1,2022-09-24,0
INV-2022-0240,2022-12-14,12,2022-12-29,Net 15,15,USD,V050,Alpha Logistics Inc,"1560 Business Pkwy, San Francisco, OH 11605",billing@alpha-logistics.com,WP-3255363,Services,SmartInvoiceInc,"100 Commerce Blvd, Dallas, TX 75201",17,25415.58,8.5,2160.32,27575.9,2022-12-29,0
INV-2023-0188,2023-09-19,9,2023-10-04,Net 15,15,USD,V084,Bright Medical LLC,"7183 Tech Park Way, Los Angeles, AZ 27771",billing@bright-medical.com,XQ-6499593,Services,SmartInvoiceInc,"100 Commerce Blvd, Dallas, TX 75201",15,27578.74,8.5,2344.19,29922.93,2023-10-04,0
INV-2023-0192,2023-09-22,9,2023-10-07,Net 15,15,USD,V006,Apex Solutions Co,"2241 Market St, San Francisco, AZ 45247",billing@apex-solutions.com,UG-6698848,Healthcare,SmartInvoiceInc,"100 Commerce Blvd, Dallas, TX 75201",1,2470.67,7.0,172.95,2643.62,2023-10-22,1
INV-2022-0256,2022-12-30,12,2023-02-13,Net 45,45,USD,V044,Global Systems Inc,"1376 Market St, Chicago, OH 18717",billing@global-systems.com,ZW-1067661,Manufacturing,SmartInvoiceInc,"100 Commerce Blvd, Dallas, TX 75201",1,2633.46,8.25,217.26,2850.72,2023-02-13,0
INV-2022-0218,2022-11-17,11,2022-12-02,Net 15,15,USD,V091,Pioneer Logistics Co,"8440 Innovation Rd, Los Angeles, TX 34762",billing@pioneer-logistics.com,GH-1378165,Manufacturing,SmartInvoiceInc,"100 Commerce Blvd, Dallas, TX 75201",5,7489.35,9.0,674.04,8163.39,2022-12-02,0
INV-2022-0182,2022-10-13,10,2022-11-27,Net 45,45,USD,V080,Vanguard Legal Group,"3154 Innovation Rd, Houston, NY 44911",billing@vanguard-legal.com,XN-8021855,Services,SmartInvoiceInc,"100 Commerce Blvd, Dallas, TX 75201",6,19390.02,8.5,1648.15,21038.17,2022-11-27,0
INV-2022-0107,2022-05-29,5,2022-07-13,Net 45,45,USD,V035,Pioneer Parts Co,"816 Market St, Dallas, TX 55543",billing@pioneer-parts.com,BH-9896761,Manufacturing,SmartInvoiceInc,"100 Commerce Blvd, Dallas, TX 75201",3,10004.8,7.0,700.34,10705.14,2022-07-13,0
INV-2023-0034,2023-02-10,2,2023-03-27,Net 45,45,USD,V041,Titan Tech Group,"8572 Tech Park Way, Austin, CA 38732",billing@titan-tech.com,ZS-8757202,Healthcare,SmartInvoiceInc,"100 Commerce Blvd, Dallas, TX 75201",7,44429.71,9.0,3998.67,48428.38,2023-03-27,0
INV-2024-0195,2024-09-04,9,2024-09-19,Net 15,15,USD,V007,Pinnacle Legal LLC,"6765 Business Pkwy, San Francisco, FL 78385",billing@pinnacle-legal.com,TJ-4693305,Services,SmartInvoiceInc,"100 Commerce Blvd, Dallas, TX 75201",1,28312.26,8.0,2264.98,30577.24,2024-09-19,0
INV-2023-0069,2023-04-01,4,2023-05-16,Net 45,45,USD,V010,Prime Cloud Group,"8102 Commerce Blvd, Dallas, WA 79449",billing@prime-cloud.com,KL-3248988,Healthcare,SmartInvoiceInc,"100 Commerce Blvd, Dallas, TX 75201",2,34596.12,8.25,2854.18,37450.3,2023-05-16,0
INV-2024-0056,2024-03-10,3,2024-03-25,Net 15,15,USD,V081,Acme Consulting Group,"5719 Enterprise Ave, New York, IL 96925",billing@acme-consulting.com,WP-5241361,Manufacturing,SmartInvoiceInc,"100 Commerce Blvd, Dallas, TX 75201",10,48403.27,9.0,4356.29,52759.56,2024-04-06,1
INV-2024-0226,2024-10-09,10,2024-12-08,Net 60,60,USD,V056,Global Works Group,"7141 Innovation Rd, Houston, FL 18512",billing@global-works.com,EI-9112074,Services,SmartInvoiceInc,"100 Commerce Blvd, Dallas, TX 75201",9,26541.08,8.5,2255.99,28797.07,2024-12-08,0
INV-2024-0043,2024-02-23,2,2024-04-23,Net 60,60,USD,V081,Acme Consulting Group,"5719 Enterprise Ave, New York, IL 96925",billing@acme-consulting.com,WP-5241361,Manufacturing,SmartInvoiceInc,"100 Commerce Blvd, Dallas, TX 75201",14,23829.76,7.0,1668.08,25497.84,2024-05-29,1
INV-2023-0076,2023-04-05,4,2023-04-20,Net 15,15,USD,V071,Pinnacle Supplies Inc,"8493 Market St, Atlanta, IL 23224",billing@pinnacle-supplies.com,CT-2017433,Services,SmartInvoiceInc,"100 Commerce Blvd, Dallas, TX 75201",15,10367.6,8.0,829.41,11197.01,2023-05-16,1
INV-2024-0007,2024-01-08,1,2024-02-22,Net 45,45,USD,V097,Beacon Logistics LLC,"5487 Venture Blvd, Atlanta, AZ 37935",billing@beacon-logistics.com,JP-4813270,Manufacturing,SmartInvoiceInc,"100 Commerce Blvd, Dallas, TX 75201",10,36401.71,7.5,2730.13,39131.84,2024-04-03,1
INV-2023-0107,2023-05-24,5,2023-07-23,Net 60,60,USD,V045,Apex Freight Co,"6909 Innovation Rd, Austin, GA 15122",billing@apex-freight.com,OW-4708654,Retail,SmartInvoiceInc,"100 Commerce Blvd, Dallas, TX 75201",8,10749.33,6.25,671.83,11421.16,2023-08-29,1
INV-2023-0085,2023-04-26,4,2023-05-26,Net 30,30,USD,V057,Pioneer Consulting Inc,"1704 Industrial Dr, San Francisco, WA 80792",billing@pioneer-consulting.com,BL-2384418,Services,SmartInvoiceInc,"100 Commerce Blvd, Dallas, TX 75201",9,17470.53,6.25,1091.91,18562.44,2023-06-25,1
INV-2022-0081,2022-04-24,4,2022-05-24,Net 30,30,USD,V040,Elite Tech Co,"6369 Tech Park Way, Atlanta, GA 90719",billing@elite-tech.com,KV-2072647,Retail,SmartInvoiceInc,"100 Commerce Blvd, Dallas, TX 75201",11,12390.86,7.0,867.36,13258.22,2022-05-24,0
INV-2024-0016,2024-01-19,1,2024-02-18,Net 30,30,USD,V024,Nexus Marketing Group,"6719 Innovation Rd, Atlanta, GA 62224",billing@nexus-marketing.com,CM-6304509,Technology,SmartInvoiceInc,"100 Commerce Blvd, Dallas, TX 75201",13,43892.38,7.0,3072.47,46964.85,2024-03-26,1
INV-2022-0252,2022-12-27,12,2023-01-26,Net 30,30,USD,V045,Apex Freight Co,"6909 Innovation Rd, Austin, GA 15122",billing@apex-freight.com,OW-4708654,Retail,SmartInvoiceInc,"100 Commerce Blvd, Dallas, TX 75201",17,18918.07,6.25,1182.38,20100.45,2023-01-30,1
INV-2022-0234,2022-12-07,12,2023-01-21,Net 45,45,USD,V082,Acme Labs Inc,"2298 Enterprise Ave, Austin, NY 23859",billing@acme-labs.com,RB-3008960,Healthcare,SmartInvoiceInc,"100 Commerce Blvd, Dallas, TX 75201",20,29364.83,9.0,2642.83,32007.66,2023-01-21,0
INV-2024-0032,2024-02-09,2,2024-02-24,Net 15,15,USD,V009,Nexus Cloud Inc,"9187 Market St, Chicago, CA 21938",billing@nexus-cloud.com,AA-2404330,Healthcare,SmartInvoiceInc,"100 Commerce Blvd, Dallas, TX 75201",15,25210.35,8.0,2016.83,27227.18,2024-03-14,1
INV-2024-0026,2024-01-31,1,2024-03-31,Net 60,60,USD,V090,Apex Medical LLC,"3729 Industrial Dr, New York, TX 29250",billing@apex-medical.com,UD-7247794,Manufacturing,SmartInvoiceInc,"100 Commerce Blvd, Dallas, TX 75201",14,48096.76,7.0,3366.77,51463.53,2024-03-31,0
INV-2024-0184,2024-08-26,8,2024-09-25,Net 30,30,USD,V003,Global Logistics LLC,"9032 Venture Blvd, San Francisco, GA 11150",billing@global-logistics.com,IL-7095929,Manufacturing,SmartInvoiceInc,"100 Commerce Blvd, Dallas, TX 75201",1,45522.65,6.25,2845.17,48367.82,2024-10-07,1
INV-2023-0062,2023-03-25,3,2023-05-24,Net 60,60,USD,V049,Global Freight Corp,"2572 Enterprise Ave, New York, FL 64553",billing@global-freight.com,BX-2314532,Technology,SmartInvoiceInc,"100 Commerce Blvd, Dallas, TX 75201",3,21967.87,9.0,1977.11,23944.98,2023-05-24,0
INV-2024-0080,2024-04-14,4,2024-06-13,Net 60,60,USD,V072,Elite Supplies LLC,"8170 Industrial Dr, Houston, TX 16783",billing@elite-supplies.com,KL-1996530,Technology,SmartInvoiceInc,"100 Commerce Blvd, Dallas, TX 75201",4,47079.12,9.0,4237.12,51316.24,2024-06-13,0
INV-2022-0210,2022-11-07,11,2023-01-06,Net 60,60,USD,V100,Swift Capital Corp,"2767 Industrial Dr, Austin, IL 12983",billing@swift-capital.com,ZW-2841648,Retail,SmartInvoiceInc,"100 Commerce Blvd, Dallas, TX 75201",1,3037.54,7.0,212.63,3250.17,2023-01-22,1
INV-2022-0170,2022-09-19,9,2022-11-18,Net 60,60,USD,V058,Alpha Parts Inc,"5515 Business Pkwy, Chicago, CO 68596",billing@alpha-parts.com,NC-1873172,Healthcare,SmartInvoiceInc,"100 Commerce Blvd, Dallas, TX 75201",7,18170.63,8.0,1453.65,19624.28,2022-12-29,1
INV-2023-0035,2023-02-10,2,2023-03-27,Net 45,45,USD,V078,Beacon Legal LLC,"1581 Tech Park Way, Houston, TX 91974",billing@beacon-legal.com,RG-8449607,Technology,SmartInvoiceInc,"100 Commerce Blvd, Dallas, TX 75201",14,14949.6,7.0,1046.47,15996.07,2023-04-16,1
INV-2022-0103,2022-05-23,5,2022-07-07,Net 45,45,USD,V063,Bright Capital Inc,"1050 Commerce Blvd, Los Angeles, OH 69201",billing@bright-capital.com,JE-8583354,Manufacturing,SmartInvoiceInc,"100 Commerce Blvd, Dallas, TX 75201",20,26802.16,7.0,1876.15,28678.31,2022-07-07,0
INV-2022-0236,2022-12-08,12,2023-02-06,Net 60,60,USD,V014,Swift Parts Inc,"3067 Tech Park Way, Dallas, NY 95999",billing@swift-parts.com,DR-1070640,Healthcare,SmartInvoiceInc,"100 Commerce Blvd, Dallas, TX 75201",17,44948.78,8.0,3595.9,48544.68,2023-02-20,1
INV-2022-0161,2022-09-01,9,2022-10-01,Net 30,30,USD,V088,Sterling Tech Group,"1722 Enterprise Ave, Seattle, OH 71396",billing@sterling-tech.com,YF-8369434,Manufacturing,SmartInvoiceInc,"100 Commerce Blvd, Dallas, TX 75201",2,33503.21,8.25,2764.01,36267.22,2022-11-06,1
INV-2023-0094,2023-05-05,5,2023-06-04,Net 30,30,USD,V040,Elite Tech Co,"6369 Tech Park Way, Atlanta, GA 90719",billing@elite-tech.com,KV-2072647,Retail,SmartInvoiceInc,"100 Commerce Blvd, Dallas, TX 75201",10,48875.55,9.0,4398.8,53274.35,2023-06-21,1
INV-2022-0013,2022-01-12,1,2022-03-13,Net 60,60,USD,V048,Pacific Tech Co,"9461 Market St, New York, CA 22910",billing@pacific-tech.com,HH-9469872,Retail,SmartInvoiceInc,"100 Commerce Blvd, Dallas, TX 75201",2,8080.65,7.5,606.05,8686.7,2022-03-13,0
INV-2023-0144,2023-07-15,7,2023-09-13,Net 60,60,USD,V055,Beacon Security Co,"2126 Tech Park Way, Dallas, OH 69383",billing@beacon-security.com,JE-4757974,Manufacturing,SmartInvoiceInc,"100 Commerce Blvd, Dallas, TX 75201",8,38602.46,8.0,3088.2,41690.66,2023-09-13,0
INV-2022-0040,2022-02-11,2,2022-03-13,Net 30,30,USD,V083,Metro Freight Group,"3694 Venture Blvd, Houston, NY 86918",billing@metro-freight.com,LT-7193956,Technology,SmartInvoiceInc,"100 Commerce Blvd, Dallas, TX 75201",12,32599.0,8.5,2770.91,35369.91,2022-03-13,0
INV-2023-0222,2023-11-09,11,2023-12-09,Net 30,30,USD,V100,Swift Capital Corp,"2767 Industrial Dr, Austin, IL 12983",billing@swift-capital.com,ZW-2841648,Retail,SmartInvoiceInc,"100 Commerce Blvd, Dallas, TX 75201",18,16728.22,7.5,1254.62,17982.84,2023-12-09,0
INV-2023-0174,2023-08-17,8,2023-10-16,Net 60,60,USD,V051,Summit Cloud Inc,"8534 Innovation Rd, San Francisco, FL 19111",billing@summit-cloud.com,FB-8643603,Retail,SmartInvoiceInc,"100 Commerce Blvd, Dallas, TX 75201",7,27997.12,7.5,2099.78,30096.9,2023-10-16,0
INV-2022-0098,2022-05-14,5,2022-05-29,Net 15,15,USD,V027,Delta Security Inc,"6290 Trade Center Dr, Dallas, TX 78866",billing@delta-security.com,PW-6118922,Retail,SmartInvoiceInc,"100 Commerce Blvd, Dallas, TX 75201",11,4671.09,9.0,420.4,5091.49,2022-05-29,0
INV-2024-0277,2024-12-26,12,2025-02-09,Net 45,45,USD,V011,Acme Legal Group,"5826 Industrial Dr, Austin, CA 37350",billing@acme-legal.com,QZ-5833177,Manufacturing,SmartInvoiceInc,"100 Commerce Blvd, Dallas, TX 75201",3,8692.24,9.0,782.3,9474.54,2025-02-09,0
INV-2024-0238,2024-10-27,10,2024-12-11,Net 45,45,USD,V009,Nexus Cloud Inc,"9187 Market St, Chicago, CA 21938",billing@nexus-cloud.com,AA-2404330,Healthcare,SmartInvoiceInc,"100 Commerce Blvd, Dallas, TX 75201",3,10226.1,6.25,639.13,10865.23,2024-12-11,0
INV-2024-0163,2024-08-05,8,2024-08-20,Net 15,15,USD,V072,Elite Supplies LLC,"8170 Industrial Dr, Houston, TX 16783",billing@elite-supplies.com,KL-1996530,Technology,SmartInvoiceInc,"100 Commerce Blvd, Dallas, TX 75201",11,35364.6,7.0,2475.52,37840.12,2024-08-20,0
INV-2022-0055,2022-03-14,3,2022-04-28,Net 45,45,USD,V035,Pioneer Parts Co,"816 Market St, Dallas, TX 55543",billing@pioneer-parts.com,BH-9896761,Manufacturing,SmartInvoiceInc,"100 Commerce Blvd, Dallas, TX 75201",14,13621.52,7.0,953.51,14575.03,2022-04-28,0
INV-2023-0028,2023-02-03,2,2023-02-18,Net 15,15,USD,V034,Summit Ventures Co,"4909 Venture Blvd, Austin, TX 66397",billing@summit-ventures.com,IN-7195200,Services,SmartInvoiceInc,"100 Commerce Blvd, Dallas, TX 75201",10,36441.2,6.25,2277.57,38718.77,2023-02-18,0
INV-2023-0155,2023-08-01,8,2023-09-15,Net 45,45,USD,V095,Pacific Supplies Group,"2422 Enterprise Ave, Dallas, TX 59481",billing@pacific-supplies.com,YW-8599600,Retail,SmartInvoiceInc,"100 Commerce Blvd, Dallas, TX 75201",1,28438.62,8.0,2275.09,30713.71,2023-10-19,1
INV-2024-0094,2024-05-08,5,2024-06-07,Net 30,30,USD,V085,Nexus Security Inc,"3286 Commerce Blvd, Atlanta, WA 70774",billing@nexus-security.com,IV-3245909,Services,SmartInvoiceInc,"100 Commerce Blvd, Dallas, TX 75201",4,29342.96,7.5,2200.72,31543.68,2024-06-07,0
INV-2022-0095,2022-05-10,5,2022-06-09,Net 30,30,USD,V081,Acme Consulting Group,"5719 Enterprise Ave, New York, IL 96925",billing@acme-consulting.com,WP-5241361,Manufacturing,SmartInvoiceInc,"100 Commerce Blvd, Dallas, TX 75201",2,9597.34,8.25,791.78,10389.12,2022-06-09,0
INV-2024-0150,2024-07-19,7,2024-08-03,Net 15,15,USD,V063,Bright Capital Inc,"1050 Commerce Blvd, Los Angeles, OH 69201",billing@bright-capital.com,JE-8583354,Manufacturing,SmartInvoiceInc,"100 Commerce Blvd, Dallas, TX 75201",12,24744.4,7.0,1732.11,26476.51,2024-09-08,1
INV-2022-0174,2022-09-23,9,2022-10-08,Net 15,15,USD,V010,Prime Cloud Group,"8102 Commerce Blvd, Dallas, WA 79449",billing@prime-cloud.com,KL-3248988,Healthcare,SmartInvoiceInc,"100 Commerce Blvd, Dallas, TX 75201",20,13245.21,8.0,1059.62,14304.83,2022-10-20,1
INV-2024-0051,2024-03-03,3,2024-05-02,Net 60,60,USD,V014,Swift Parts Inc,"3067 Tech Park Way, Dallas, NY 95999",billing@swift-parts.com,DR-1070640,Healthcare,SmartInvoiceInc,"100 Commerce Blvd, Dallas, TX 75201",18,14199.33,8.25,1171.44,15370.77,2024-06-01,1
INV-2022-0166,2022-09-10,9,2022-11-09,Net 60,60,USD,V039,Elite Labs Group,"237 Innovation Rd, Dallas, AZ 29963",billing@elite-labs.com,TX-2849396,Manufacturing,SmartInvoiceInc,"100 Commerce Blvd, Dallas, TX 75201",7,14750.04,7.0,1032.5,15782.54,2022-11-09,0
INV-2024-0073,2024-04-01,4,2024-05-31,Net 60,60,USD,V061,Prime Solutions Co,"3787 Innovation Rd, Austin, GA 77506",billing@prime-solutions.com,FF-4369538,Services,SmartInvoiceInc,"100 Commerce Blvd, Dallas, TX 75201",12,42684.51,8.5,3628.18,46312.69,2024-06-17,1
INV-2022-0119,2022-06-13,6,2022-07-13,Net 30,30,USD,V051,Summit Cloud Inc,"8534 Innovation Rd, San Francisco, FL 19111",billing@summit-cloud.com,FB-8643603,Retail,SmartInvoiceInc,"100 Commerce Blvd, Dallas, TX 75201",6,24508.39,7.0,1715.59,26223.98,2022-07-13,0
INV-2022-0071,2022-04-05,4,2022-06-04,Net 60,60,USD,V021,Swift Ventures LLC,"9509 Enterprise Ave, San Francisco, OH 36962",billing@swift-ventures.com,HP-7243669,Retail,SmartInvoiceInc,"100 Commerce Blvd, Dallas, TX 75201",6,30902.22,8.5,2626.69,33528.91,2022-06-04,0
INV-2024-0079,2024-04-12,4,2024-05-27,Net 45,45,USD,V033,Nexus Tech Inc,"504 Corporate Ln, New York, TX 70100",billing@nexus-tech.com,EF-4196340,Healthcare,SmartInvoiceInc,"100 Commerce Blvd, Dallas, TX 75201",18,4207.34,6.25,262.96,4470.3,2024-05-27,0
INV-2022-0230,2022-12-02,12,2023-01-31,Net 60,60,USD,V076,Bright Cloud Inc,"4624 Innovation Rd, Austin, CA 43536",billing@bright-cloud.com,NS-1703662,Manufacturing,SmartInvoiceInc,"100 Commerce Blvd, Dallas, TX 75201",10,10150.43,8.5,862.79,11013.22,2023-01-31,0
INV-2024-0074,2024-04-01,4,2024-05-31,Net 60,60,USD,V042,Summit Capital Co,"5685 Venture Blvd, New York, IL 49749",billing@summit-capital.com,AE-3245131,Manufacturing,SmartInvoiceInc,"100 Commerce Blvd, Dallas, TX 75201",10,29051.99,7.5,2178.9,31230.89,2024-05-31,0
INV-2022-0155,2022-08-26,8,2022-10-25,Net 60,60,USD,V057,Pioneer Consulting Inc,"1704 Industrial Dr, San Francisco, WA 80792",billing@pioneer-consulting.com,BL-2384418,Services,SmartInvoiceInc,"100 Commerce Blvd, Dallas, TX 75201",8,41791.12,8.25,3447.77,45238.89,2022-10-25,0
INV-2023-0011,2023-01-16,1,2023-03-17,Net 60,60,USD,V071,Pinnacle Supplies Inc,"8493 Market St, Atlanta, IL 23224",billing@pinnacle-supplies.com,CT-2017433,Services,SmartInvoiceInc,"100 Commerce Blvd, Dallas, TX 75201",1,42277.68,7.0,2959.44,45237.12,2023-04-23,1
INV-2024-0123,2024-06-17,6,2024-08-16,Net 60,60,USD,V098,Titan Supplies Co,"3257 Venture Blvd, Miami, IL 34070",billing@titan-supplies.com,IS-9593223,Manufacturing,SmartInvoiceInc,"100 Commerce Blvd, Dallas, TX 75201",3,43109.55,8.25,3556.54,46666.09,2024-08-16,0
INV-2023-0088,2023-04-28,4,2023-06-27,Net 60,60,USD,V088,Sterling Tech Group,"1722 Enterprise Ave, Seattle, OH 71396",billing@sterling-tech.com,YF-8369434,Manufacturing,SmartInvoiceInc,"100 Commerce Blvd, Dallas, TX 75201",12,11952.2,9.0,1075.7,13027.9,2023-06-27,0
INV-2024-0126,2024-06-20,6,2024-07-20,Net 30,30,USD,V011,Acme Legal Group,"5826 Industrial Dr, Austin, CA 37350",billing@acme-legal.com,QZ-5833177,Manufacturing,SmartInvoiceInc,"100 Commerce Blvd, Dallas, TX 75201",4,26073.07,8.25,2151.03,28224.1,2024-07-20,0
INV-2024-0251,2024-11-14,11,2024-12-14,Net 30,30,USD,V068,Nexus Energy Group,"3976 Innovation Rd, Seattle, TX 75310",billing@nexus-energy.com,ZI-9887324,Technology,SmartInvoiceInc,"100 Commerce Blvd, Dallas, TX 75201",19,34416.14,8.5,2925.37,37341.51,2025-01-06,1
INV-2023-0086,2023-04-27,4,2023-06-26,Net 60,60,USD,V054,Swift Medical Group,"324 Market St, Dallas, TX 88477",billing@swift-medical.com,FE-9671370,Retail,SmartInvoiceInc,"100 Commerce Blvd, Dallas, TX 75201",1,5234.21,7.0,366.39,5600.6,2023-07-04,1
INV-2024-0139,2024-07-05,7,2024-07-20,Net 15,15,USD,V018,Beacon Partners Group,"7292 Market St, San Francisco, FL 70566",billing@beacon-partners.com,PY-1787494,Healthcare,SmartInvoiceInc,"100 Commerce Blvd, Dallas, TX 75201",16,30712.97,8.5,2610.6,33323.57,2024-08-08,1
INV-2024-0212,2024-09-20,9,2024-11-04,Net 45,45,USD,V029,Nexus Freight Group,"639 Enterprise Ave, Atlanta, FL 30159",billing@nexus-freight.com,VQ-5010912,Healthcare,SmartInvoiceInc,"100 Commerce Blvd, Dallas, TX 75201",8,28181.3,7.0,1972.69,30153.99,2024-11-04,0
INV-2024-0180,2024-08-21,8,2024-10-05,Net 45,45,USD,V002,Vanguard Supplies Group,"6899 Industrial Dr, Seattle, NY 96672",billing@vanguard-supplies.com,XS-7319707,Manufacturing,SmartInvoiceInc,"100 Commerce Blvd, Dallas, TX 75201",12,48202.42,8.25,3976.7,52179.12,2024-10-05,0
INV-2023-0130,2023-06-21,6,2023-07-21,Net 30,30,USD,V076,Bright Cloud Inc,"4624 Innovation Rd, Austin, CA 43536",billing@bright-cloud.com,NS-1703662,Manufacturing,SmartInvoiceInc,"100 Commerce Blvd, Dallas, TX 75201",5,20007.46,7.0,1400.52,21407.98,2023-07-21,0
INV-2024-0245,2024-11-01,11,2024-12-16,Net 45,45,USD,V016,Summit Freight Inc,"1465 Tech Park Way, Dallas, FL 26779",billing@summit-freight.com,IS-7197323,Technology,SmartInvoiceInc,"100 Commerce Blvd, Dallas, TX 75201",8,37435.89,6.25,2339.74,39775.63,2024-12-16,0
INV-2022-0091,2022-05-08,5,2022-05-23,Net 15,15,USD,V013,Summit Partners Corp,"512 Innovation Rd, Los Angeles, CO 70692",billing@summit-partners.com,YD-8122313,Healthcare,SmartInvoiceInc,"100 Commerce Blvd, Dallas, TX 75201",11,45012.82,8.25,3713.56,48726.38,2022-06-07,1
INV-2022-0068,2022-04-02,4,2022-06-01,Net 60,60,USD,V007,Pinnacle Legal LLC,"6765 Business Pkwy, San Francisco, FL 78385",billing@pinnacle-legal.com,TJ-4693305,Services,SmartInvoiceInc,"100 Commerce Blvd, Dallas, TX 75201",3,15397.83,8.0,1231.83,16629.66,2022-06-01,0
INV-2023-0131,2023-06-27,6,2023-08-26,Net 60,60,USD,V065,Delta Tech Group,"2991 Industrial Dr, Austin, NY 85683",billing@delta-tech.com,DZ-8726890,Services,SmartInvoiceInc,"100 Commerce Blvd, Dallas, TX 75201",11,34941.85,8.25,2882.7,37824.55,2023-09-24,1
INV-2024-0086,2024-04-25,4,2024-06-24,Net 60,60,USD,V085,Nexus Security Inc,"3286 Commerce Blvd, Atlanta, WA 70774",billing@nexus-security.com,IV-3245909,Services,SmartInvoiceInc,"100 Commerce Blvd, Dallas, TX 75201",13,7823.94,7.5,586.8,8410.74,2024-06-24,0
INV-2024-0208,2024-09-15,9,2024-10-30,Net 45,45,USD,V077,Pioneer Data LLC,"6745 Commerce Blvd, Houston, OH 35522",billing@pioneer-data.com,DA-6517366,Services,SmartInvoiceInc,"100 Commerce Blvd, Dallas, TX 75201",16,17422.36,9.0,1568.01,18990.37,2024-10-30,0
INV-2023-0060,2023-03-23,3,2023-05-07,Net 45,45,USD,V080,Vanguard Legal Group,"3154 Innovation Rd, Houston, NY 44911",billing@vanguard-legal.com,XN-8021855,Services,SmartInvoiceInc,"100 Commerce Blvd, Dallas, TX 75201",10,2204.35,8.0,176.35,2380.7,2023-05-07,0
INV-2023-0019,2023-01-25,1,2023-03-26,Net 60,60,USD,V097,Beacon Logistics LLC,"5487 Venture Blvd, Atlanta, AZ 37935",billing@beacon-logistics.com,JP-4813270,Manufacturing,SmartInvoiceInc,"100 Commerce Blvd, Dallas, TX 75201",9,27148.97,8.5,2307.66,29456.63,2023-03-26,0
INV-2023-0217,2023-11-03,11,2024-01-02,Net 60,60,USD,V028,Pioneer Systems LLC,"5163 Business Pkwy, Chicago, IL 39703",billing@pioneer-systems.com,ZD-7655623,Manufacturing,SmartInvoiceInc,"100 Commerce Blvd, Dallas, TX 75201",3,7117.93,8.5,605.02,7722.95,2024-02-10,1
INV-2022-0042,2022-02-12,2,2022-03-14,Net 30,30,USD,V058,Alpha Parts Inc,"5515 Business Pkwy, Chicago, CO 68596",billing@alpha-parts.com,NC-1873172,Healthcare,SmartInvoiceInc,"100 Commerce Blvd, Dallas, TX 75201",11,46939.97,8.0,3755.2,50695.17,2022-03-14,0
INV-2022-0167,2022-09-11,9,2022-11-10,Net 60,60,USD,V071,Pinnacle Supplies Inc,"8493 Market St, Atlanta, IL 23224",billing@pinnacle-supplies.com,CT-2017433,Services,SmartInvoiceInc,"100 Commerce Blvd, Dallas, TX 75201",9,38383.16,7.5,2878.74,41261.9,2022-11-25,1
INV-2024-0272,2024-12-19,12,2025-02-02,Net 45,45,USD,V038,Horizon Freight Corp,"1431 Trade Center Dr, New York, TX 52318",billing@horizon-freight.com,WJ-2296516,Healthcare,SmartInvoiceInc,"100 Commerce Blvd, Dallas, TX 75201",5,20256.74,8.5,1721.82,21978.56,2025-02-14,1
INV-2023-0210,2023-10-25,10,2023-12-09,Net 45,45,USD,V004,Metro Medical Inc,"7905 Business Pkwy, Atlanta, WA 66556",billing@metro-medical.com,UA-8474447,Healthcare,SmartInvoiceInc,"100 Commerce Blvd, Dallas, TX 75201",18,2826.13,8.0,226.09,3052.22,2023-12-09,0
INV-2023-0079,2023-04-12,4,2023-05-12,Net 30,30,USD,V076,Bright Cloud Inc,"4624 Innovation Rd, Austin, CA 43536",billing@bright-cloud.com,NS-1703662,Manufacturing,SmartInvoiceInc,"100 Commerce Blvd, Dallas, TX 75201",4,31629.21,6.25,1976.83,33606.04,2023-05-12,0
INV-2022-0185,2022-10-14,10,2022-11-28,Net 45,45,USD,V018,Beacon Partners Group,"7292 Market St, San Francisco, FL 70566",billing@beacon-partners.com,PY-1787494,Healthcare,SmartInvoiceInc,"100 Commerce Blvd, Dallas, TX 75201",3,27357.38,6.25,1709.84,29067.22,2023-01-08,1
INV-2024-0225,2024-10-07,10,2024-12-06,Net 60,60,USD,V078,Beacon Legal LLC,"1581 Tech Park Way, Houston, TX 91974",billing@beacon-legal.com,RG-8449607,Technology,SmartInvoiceInc,"100 Commerce Blvd, Dallas, TX 75201",9,7100.55,7.0,497.04,7597.59,2024-12-06,0
INV-2024-0037,2024-02-17,2,2024-04-17,Net 60,60,USD,V042,Summit Capital Co,"5685 Venture Blvd, New York, IL 49749",billing@summit-capital.com,AE-3245131,Manufacturing,SmartInvoiceInc,"100 Commerce Blvd, Dallas, TX 75201",12,11904.14,7.0,833.29,12737.43,2024-04-17,0
INV-2022-0239,2022-12-11,12,2023-02-09,Net 60,60,USD,V039,Elite Labs Group,"237 Innovation Rd, Dallas, AZ 29963",billing@elite-labs.com,TX-2849396,Manufacturing,SmartInvoiceInc,"100 Commerce Blvd, Dallas, TX 75201",17,20299.16,7.5,1522.44,21821.6,2023-02-09,0
INV-2023-0199,2023-10-04,10,2023-11-03,Net 30,30,USD,V046,Titan Freight Co,"3445 Venture Blvd, New York, NY 44674",billing@titan-freight.com,OY-3319049,Technology,SmartInvoiceInc,"100 Commerce Blvd, Dallas, TX 75201",7,1324.69,8.5,112.6,1437.29,2023-11-03,0
INV-2023-0012,2023-01-17,1,2023-03-18,Net 60,60,USD,V022,Acme Capital Inc,"8802 Corporate Ln, Atlanta, FL 45909",billing@acme-capital.com,SL-9415398,Services,SmartInvoiceInc,"100 Commerce Blvd, Dallas, TX 75201",17,14474.53,8.0,1157.96,15632.49,2023-03-18,0
INV-2023-0231,2023-11-21,11,2023-12-06,Net 15,15,USD,V002,Vanguard Supplies Group,"6899 Industrial Dr, Seattle, NY 96672",billing@vanguard-supplies.com,XS-7319707,Manufacturing,SmartInvoiceInc,"100 Commerce Blvd, Dallas, TX 75201",8,33236.46,9.0,2991.28,36227.74,2024-01-15,1
INV-2024-0267,2024-12-15,12,2025-01-29,Net 45,45,USD,V048,Pacific Tech Co,"9461 Market St, New York, CA 22910",billing@pacific-tech.com,HH-9469872,Retail,SmartInvoiceInc,"100 Commerce Blvd, Dallas, TX 75201",11,25346.3,6.25,1584.14,26930.44,2025-01-29,0
INV-2023-0070,2023-04-02,4,2023-04-17,Net 15,15,USD,V080,Vanguard Legal Group,"3154 Innovation Rd, Houston, NY 44911",billing@vanguard-legal.com,XN-8021855,Services,SmartInvoiceInc,"100 Commerce Blvd, Dallas, TX 75201",15,36009.46,7.5,2700.71,38710.17,2023-05-17,1
INV-2024-0199,2024-09-09,9,2024-11-08,Net 60,60,USD,V030,Delta Solutions Group,"2879 Tech Park Way, New York, CA 66178",billing@delta-solutions.com,EO-6187480,Manufacturing,SmartInvoiceInc,"100 Commerce Blvd, Dallas, TX 75201",3,35009.73,8.5,2975.83,37985.56,2024-11-08,0
INV-2022-0059,2022-03-24,3,2022-05-23,Net 60,60,USD,V049,Global Freight Corp,"2572 Enterprise Ave, New York, FL 64553",billing@global-freight.com,BX-2314532,Technology,SmartInvoiceInc,"100 Commerce Blvd, Dallas, TX 75201",4,43948.6,9.0,3955.37,47903.97,2022-06-12,1
INV-2022-0108,2022-05-29,5,2022-07-13,Net 45,45,USD,V079,Alpha Partners Inc,"6054 Innovation Rd, Miami, WA 66373",billing@alpha-partners.com,YO-4185714,Technology,SmartInvoiceInc,"100 Commerce Blvd, Dallas, TX 75201",16,25874.45,9.0,2328.7,28203.15,2022-07-13,0
INV-2022-0128,2022-07-09,7,2022-07-24,Net 15,15,USD,V037,Delta Logistics Co,"4773 Tech Park Way, Miami, OH 75215",billing@delta-logistics.com,BF-1317537,Manufacturing,SmartInvoiceInc,"100 Commerce Blvd, Dallas, TX 75201",19,15592.7,7.0,1091.49,16684.19,2022-08-29,1
INV-2024-0106,2024-06-01,6,2024-07-31,Net 60,60,USD,V100,Swift Capital Corp,"2767 Industrial Dr, Austin, IL 12983",billing@swift-capital.com,ZW-2841648,Retail,SmartInvoiceInc,"100 Commerce Blvd, Dallas, TX 75201",20,48676.41,8.0,3894.11,52570.52,2024-09-13,1
INV-2022-0172,2022-09-20,9,2022-11-04,Net 45,45,USD,V068,Nexus Energy Group,"3976 Innovation Rd, Seattle, TX 75310",billing@nexus-energy.com,ZI-9887324,Technology,SmartInvoiceInc,"100 Commerce Blvd, Dallas, TX 75201",2,41116.96,9.0,3700.53,44817.49,2022-11-04,0
INV-2023-0029,2023-02-04,2,2023-02-19,Net 15,15,USD,V042,Summit Capital Co,"5685 Venture Blvd, New York, IL 49749",billing@summit-capital.com,AE-3245131,Manufacturing,SmartInvoiceInc,"100 Commerce Blvd, Dallas, TX 75201",13,3097.84,7.0,216.85,3314.69,2023-03-29,1
INV-2024-0028,2024-02-03,2,2024-04-03,Net 60,60,USD,V091,Pioneer Logistics Co,"8440 Innovation Rd, Los Angeles, TX 34762",billing@pioneer-logistics.com,GH-1378165,Manufacturing,SmartInvoiceInc,"100 Commerce Blvd, Dallas, TX 75201",19,26316.77,6.25,1644.8,27961.57,2024-04-03,0
INV-2023-0180,2023-09-01,9,2023-09-16,Net 15,15,USD,V078,Beacon Legal LLC,"1581 Tech Park Way, Houston, TX 91974",billing@beacon-legal.com,RG-8449607,Technology,SmartInvoiceInc,"100 Commerce Blvd, Dallas, TX 75201",17,1581.41,8.25,130.47,1711.88,2023-10-17,1
INV-2024-0044,2024-02-24,2,2024-03-10,Net 15,15,USD,V052,Pinnacle Tech Corp,"8295 Business Pkwy, New York, TX 94471",billing@pinnacle-tech.com,FS-3357821,Technology,SmartInvoiceInc,"100 Commerce Blvd, Dallas, TX 75201",8,21703.41,9.0,1953.31,23656.72,2024-04-12,1
INV-2022-0073,2022-04-11,4,2022-05-11,Net 30,30,USD,V013,Summit Partners Corp,"512 Innovation Rd, Los Angeles, CO 70692",billing@summit-partners.com,YD-8122313,Healthcare,SmartInvoiceInc,"100 Commerce Blvd, Dallas, TX 75201",1,28637.38,7.5,2147.8,30785.18,2022-05-11,0
INV-2024-0070,2024-03-30,3,2024-05-14,Net 45,45,USD,V010,Prime Cloud Group,"8102 Commerce Blvd, Dallas, WA 79449",billing@prime-cloud.com,KL-3248988,Healthcare,SmartInvoiceInc,"100 Commerce Blvd, Dallas, TX 75201",6,45488.84,9.0,4094.0,49582.84,2024-06-04,1
INV-2024-0071,2024-03-30,3,2024-05-14,Net 45,45,USD,V092,Pinnacle Capital Co,"7579 Commerce Blvd, Seattle, FL 84478",billing@pinnacle-capital.com,TS-6703394,Retail,SmartInvoiceInc,"100 Commerce Blvd, Dallas, TX 75201",16,48121.9,9.0,4330.97,52452.87,2024-06-21,1
INV-2023-0043,2023-02-24,2,2023-03-11,Net 15,15,USD,V054,Swift Medical Group,"324 Market St, Dallas, TX 88477",billing@swift-medical.com,FE-9671370,Retail,SmartInvoiceInc,"100 Commerce Blvd, Dallas, TX 75201",5,7569.31,7.0,529.85,8099.16,2023-04-09,1
INV-2022-0089,2022-05-04,5,2022-07-03,Net 60,60,USD,V019,Pioneer Marketing Co,"5261 Venture Blvd, Miami, AZ 19348",billing@pioneer-marketing.com,CW-3276360,Manufacturing,SmartInvoiceInc,"100 Commerce Blvd, Dallas, TX 75201",1,49940.25,7.5,3745.52,53685.77,2022-07-03,0
INV-2023-0045,2023-02-26,2,2023-03-13,Net 15,15,USD,V099,Pioneer Works Corp,"1600 Industrial Dr, Los Angeles, GA 29426",billing@pioneer-works.com,RJ-1066150,Technology,SmartInvoiceInc,"100 Commerce Blvd, Dallas, TX 75201",8,8148.78,9.0,733.39,8882.17,2023-03-13,0
INV-2024-0274,2024-12-22,12,2025-02-20,Net 60,60,USD,V055,Beacon Security Co,"2126 Tech Park Way, Dallas, OH 69383",billing@beacon-security.com,JE-4757974,Manufacturing,SmartInvoiceInc,"100 Commerce Blvd, Dallas, TX 75201",20,6210.46,7.0,434.73,6645.19,2025-03-15,1
INV-2024-0029,2024-02-07,2,2024-03-23,Net 45,45,USD,V070,Swift Logistics Inc,"1954 Business Pkwy, Miami, NY 73374",billing@swift-logistics.com,UO-1318408,Healthcare,SmartInvoiceInc,"100 Commerce Blvd, Dallas, TX 75201",13,17686.01,6.25,1105.38,18791.39,2024-03-25,1
INV-2023-0089,2023-04-28,4,2023-06-12,Net 45,45,USD,V019,Pioneer Marketing Co,"5261 Venture Blvd, Miami, AZ 19348",billing@pioneer-marketing.com,CW-3276360,Manufacturing,SmartInvoiceInc,"100 Commerce Blvd, Dallas, TX 75201",7,28723.99,7.0,2010.68,30734.67,2023-06-12,0
INV-2023-0118,2023-06-03,6,2023-06-18,Net 15,15,USD,V020,Titan Systems LLC,"2639 Commerce Blvd, New York, GA 31677",billing@titan-systems.com,MH-7646705,Services,SmartInvoiceInc,"100 Commerce Blvd, Dallas, TX 75201",17,1690.04,7.0,118.3,1808.34,2023-07-24,1
INV-2022-0112,2022-06-04,6,2022-06-19,Net 15,15,USD,V019,Pioneer Marketing Co,"5261 Venture Blvd, Miami, AZ 19348",billing@pioneer-marketing.com,CW-3276360,Manufacturing,SmartInvoiceInc,"100 Commerce Blvd, Dallas, TX 75201",5,49773.36,8.25,4106.3,53879.66,2022-06-19,0
INV-2022-0069,2022-04-02,4,2022-04-17,Net 15,15,USD,V071,Pinnacle Supplies Inc,"8493 Market St, Atlanta, IL 23224",billing@pinnacle-supplies.com,CT-2017433,Services,SmartInvoiceInc,"100 Commerce Blvd, Dallas, TX 75201",7,20579.44,8.25,1697.8,22277.24,2022-05-12,1
INV-2024-0198,2024-09-08,9,2024-10-08,Net 30,30,USD,V069,Titan Security Corp,"1892 Enterprise Ave, San Francisco, AZ 11645",billing@titan-security.com,DV-7671318,Technology,SmartInvoiceInc,"100 Commerce Blvd, Dallas, TX 75201",12,42328.11,8.25,3492.07,45820.18,2024-11-01,1
INV-2023-0068,2023-03-31,3,2023-04-15,Net 15,15,USD,V014,Swift Parts Inc,"3067 Tech Park Way, Dallas, NY 95999",billing@swift-parts.com,DR-1070640,Healthcare,SmartInvoiceInc,"100 Commerce Blvd, Dallas, TX 75201",18,4982.69,7.5,373.7,5356.39,2023-04-15,0
INV-2023-0176,2023-08-21,8,2023-09-20,Net 30,30,USD,V017,Nexus Labs Group,"817 Market St, Austin, AZ 15486",billing@nexus-labs.com,PU-8990340,Services,SmartInvoiceInc,"100 Commerce Blvd, Dallas, TX 75201",11,8937.89,6.25,558.62,9496.51,2023-09-20,0
INV-2023-0108,2023-05-25,5,2023-07-24,Net 60,60,USD,V032,Pacific Logistics Inc,"7549 Trade Center Dr, New York, TX 56540",billing@pacific-logistics.com,AB-8153768,Services,SmartInvoiceInc,"100 Commerce Blvd, Dallas, TX 75201",9,39198.1,8.0,3135.85,42333.95,2023-07-24,0
INV-2023-0016,2023-01-21,1,2023-03-07,Net 45,45,USD,V086,Swift Consulting Group,"6909 Venture Blvd, Houston, GA 84532",billing@swift-consulting.com,KF-2014929,Healthcare,SmartInvoiceInc,"100 Commerce Blvd, Dallas, TX 75201",19,17230.09,8.0,1378.41,18608.5,2023-04-21,1
INV-2023-0033,2023-02-09,2,2023-03-11,Net 30,30,USD,V001,Metro Legal Co,"5791 Enterprise Ave, Miami, FL 64021",billing@metro-legal.com,MT-6143901,Services,SmartInvoiceInc,"100 Commerce Blvd, Dallas, TX 75201",15,7605.47,8.5,646.46,8251.93,2023-04-02,1
INV-2022-0163,2022-09-03,9,2022-11-02,Net 60,60,USD,V018,Beacon Partners Group,"7292 Market St, San Francisco, FL 70566",billing@beacon-partners.com,PY-1787494,Healthcare,SmartInvoiceInc,"100 Commerce Blvd, Dallas, TX 75201",14,4440.45,8.0,355.24,4795.69,2022-11-02,0
INV-2024-0009,2024-01-12,1,2024-01-27,Net 15,15,USD,V039,Elite Labs Group,"237 Innovation Rd, Dallas, AZ 29963",billing@elite-labs.com,TX-2849396,Manufacturing,SmartInvoiceInc,"100 Commerce Blvd, Dallas, TX 75201",18,43464.99,8.5,3694.52,47159.51,2024-01-27,0
INV-2023-0206,2023-10-23,10,2023-12-07,Net 45,45,USD,V034,Summit Ventures Co,"4909 Venture Blvd, Austin, TX 66397",billing@summit-ventures.com,IN-7195200,Services,SmartInvoiceInc,"100 Commerce Blvd, Dallas, TX 75201",4,5076.25,8.5,431.48,5507.73,2023-12-07,0
INV-2023-0203,2023-10-12,10,2023-11-26,Net 45,45,USD,V009,Nexus Cloud Inc,"9187 Market St, Chicago, CA 21938",billing@nexus-cloud.com,AA-2404330,Healthcare,SmartInvoiceInc,"100 Commerce Blvd, Dallas, TX 75201",9,12577.77,9.0,1132.0,13709.77,2023-11-26,0
INV-2024-0125,2024-06-19,6,2024-07-04,Net 15,15,USD,V082,Acme Labs Inc,"2298 Enterprise Ave, Austin, NY 23859",billing@acme-labs.com,RB-3008960,Healthcare,SmartInvoiceInc,"100 Commerce Blvd, Dallas, TX 75201",14,17728.57,8.0,1418.29,19146.86,2024-07-04,0
INV-2022-0050,2022-03-06,3,2022-03-21,Net 15,15,USD,V064,Swift Labs Inc,"6128 Market St, Chicago, FL 50631",billing@swift-labs.com,OH-7356228,Healthcare,SmartInvoiceInc,"100 Commerce Blvd, Dallas, TX 75201",12,8451.36,8.5,718.37,9169.73,2022-03-21,0
INV-2024-0246,2024-11-02,11,2025-01-01,Net 60,60,USD,V023,Titan Marketing LLC,"6077 Tech Park Way, Miami, NY 96188",billing@titan-marketing.com,MR-5984445,Manufacturing,SmartInvoiceInc,"100 Commerce Blvd, Dallas, TX 75201",20,11900.8,9.0,1071.07,12971.87,2025-01-25,1
INV-2022-0141,2022-08-01,8,2022-08-16,Net 15,15,USD,V089,Delta Energy Group,"6236 Enterprise Ave, Miami, AZ 69052",billing@delta-energy.com,QZ-9752084,Retail,SmartInvoiceInc,"100 Commerce Blvd, Dallas, TX 75201",7,16123.84,8.0,1289.91,17413.75,2022-08-16,0
INV-2022-0159,2022-08-30,8,2022-09-29,Net 30,30,USD,V050,Alpha Logistics Inc,"1560 Business Pkwy, San Francisco, OH 11605",billing@alpha-logistics.com,WP-3255363,Services,SmartInvoiceInc,"100 Commerce Blvd, Dallas, TX 75201",6,38310.9,9.0,3447.98,41758.88,2022-10-09,1
INV-2023-0097,2023-05-08,5,2023-06-07,Net 30,30,USD,V079,Alpha Partners Inc,"6054 Innovation Rd, Miami, WA 66373",billing@alpha-partners.com,YO-4185714,Technology,SmartInvoiceInc,"100 Commerce Blvd, Dallas, TX 75201",12,49175.37,8.0,3934.03,53109.4,2023-07-18,1
INV-2022-0232,2022-12-04,12,2023-01-18,Net 45,45,USD,V095,Pacific Supplies Group,"2422 Enterprise Ave, Dallas, TX 59481",billing@pacific-supplies.com,YW-8599600,Retail,SmartInvoiceInc,"100 Commerce Blvd, Dallas, TX 75201",7,34005.18,8.5,2890.44,36895.62,2023-01-18,0
INV-2022-0124,2022-06-22,6,2022-07-22,Net 30,30,USD,V045,Apex Freight Co,"6909 Innovation Rd, Austin, GA 15122",billing@apex-freight.com,OW-4708654,Retail,SmartInvoiceInc,"100 Commerce Blvd, Dallas, TX 75201",19,10943.01,8.0,875.44,11818.45,2022-07-22,0
INV-2023-0218,2023-11-03,11,2023-12-03,Net 30,30,USD,V070,Swift Logistics Inc,"1954 Business Pkwy, Miami, NY 73374",billing@swift-logistics.com,UO-1318408,Healthcare,SmartInvoiceInc,"100 Commerce Blvd, Dallas, TX 75201",5,23286.29,7.5,1746.47,25032.76,2023-12-03,0
INV-2022-0120,2022-06-13,6,2022-07-13,Net 30,30,USD,V086,Swift Consulting Group,"6909 Venture Blvd, Houston, GA 84532",billing@swift-consulting.com,KF-2014929,Healthcare,SmartInvoiceInc,"100 Commerce Blvd, Dallas, TX 75201",19,4096.95,8.0,327.76,4424.71,2022-07-13,0
INV-2023-0077,2023-04-10,4,2023-05-25,Net 45,45,USD,V017,Nexus Labs Group,"817 Market St, Austin, AZ 15486",billing@nexus-labs.com,PU-8990340,Services,SmartInvoiceInc,"100 Commerce Blvd, Dallas, TX 75201",13,27467.65,8.0,2197.41,29665.06,2023-06-18,1
INV-2024-0213,2024-09-21,9,2024-11-20,Net 60,60,USD,V017,Nexus Labs Group,"817 Market St, Austin, AZ 15486",billing@nexus-labs.com,PU-8990340,Services,SmartInvoiceInc,"100 Commerce Blvd, Dallas, TX 75201",6,38136.25,7.0,2669.54,40805.79,2024-12-03,1
INV-2023-0101,2023-05-12,5,2023-05-27,Net 15,15,USD,V083,Metro Freight Group,"3694 Venture Blvd, Houston, NY 86918",billing@metro-freight.com,LT-7193956,Technology,SmartInvoiceInc,"100 Commerce Blvd, Dallas, TX 75201",6,48834.6,7.5,3662.59,52497.19,2023-05-31,1
INV-2023-0241,2023-12-01,12,2024-01-30,Net 60,60,USD,V040,Elite Tech Co,"6369 Tech Park Way, Atlanta, GA 90719",billing@elite-tech.com,KV-2072647,Retail,SmartInvoiceInc,"100 Commerce Blvd, Dallas, TX 75201",3,13706.33,8.0,1096.51,14802.84,2024-01-30,0
INV-2023-0022,2023-01-30,1,2023-03-31,Net 60,60,USD,V077,Pioneer Data LLC,"6745 Commerce Blvd, Houston, OH 35522",billing@pioneer-data.com,DA-6517366,Services,SmartInvoiceInc,"100 Commerce Blvd, Dallas, TX 75201",14,42320.77,7.5,3174.06,45494.83,2023-03-31,0
INV-2023-0242,2023-12-04,12,2024-02-02,Net 60,60,USD,V036,Delta Partners Corp,"4463 Commerce Blvd, New York, IL 34285",billing@delta-partners.com,YQ-6165679,Healthcare,SmartInvoiceInc,"100 Commerce Blvd, Dallas, TX 75201",17,3514.82,6.25,219.68,3734.5,2024-02-02,0
INV-2022-0205,2022-11-04,11,2023-01-03,Net 60,60,USD,V077,Pioneer Data LLC,"6745 Commerce Blvd, Houston, OH 35522",billing@pioneer-data.com,DA-6517366,Services,SmartInvoiceInc,"100 Commerce Blvd, Dallas, TX 75201",2,16804.27,7.5,1260.32,18064.59,2023-01-03,0
INV-2022-0125,2022-07-02,7,2022-08-16,Net 45,45,USD,V022,Acme Capital Inc,"8802 Corporate Ln, Atlanta, FL 45909",billing@acme-capital.com,SL-9415398,Services,SmartInvoiceInc,"100 Commerce Blvd, Dallas, TX 75201",11,40675.54,7.5,3050.67,43726.21,2022-08-16,0
INV-2023-0190,2023-09-21,9,2023-11-20,Net 60,60,USD,V012,Beacon Tech LLC,"517 Tech Park Way, Atlanta, GA 13267",billing@beacon-tech.com,ZU-3922097,Healthcare,SmartInvoiceInc,"100 Commerce Blvd, Dallas, TX 75201",5,34799.55,9.0,3131.96,37931.51,2024-01-04,1
INV-2023-0109,2023-05-25,5,2023-06-09,Net 15,15,USD,V012,Beacon Tech LLC,"517 Tech Park Way, Atlanta, GA 13267",billing@beacon-tech.com,ZU-3922097,Healthcare,SmartInvoiceInc,"100 Commerce Blvd, Dallas, TX 75201",10,8239.93,8.5,700.39,8940.32,2023-06-09,0
INV-2023-0133,2023-06-30,6,2023-08-14,Net 45,45,USD,V045,Apex Freight Co,"6909 Innovation Rd, Austin, GA 15122",billing@apex-freight.com,OW-4708654,Retail,SmartInvoiceInc,"100 Commerce Blvd, Dallas, TX 75201",3,13405.08,7.0,938.36,14343.44,2023-08-14,0
INV-2023-0186,2023-09-16,9,2023-10-01,Net 15,15,USD,V071,Pinnacle Supplies Inc,"8493 Market St, Atlanta, IL 23224",billing@pinnacle-supplies.com,CT-2017433,Services,SmartInvoiceInc,"100 Commerce Blvd, Dallas, TX 75201",10,31770.26,7.0,2223.92,33994.18,2023-11-01,1
INV-2023-0175,2023-08-17,8,2023-09-01,Net 15,15,USD,V075,Titan Energy Co,"6804 Corporate Ln, Dallas, GA 12482",billing@titan-energy.com,XS-8433533,Healthcare,SmartInvoiceInc,"100 Commerce Blvd, Dallas, TX 75201",7,15174.02,8.5,1289.79,16463.81,2023-10-03,1
INV-2024-0012,2024-01-14,1,2024-01-29,Net 15,15,USD,V020,Titan Systems LLC,"2639 Commerce Blvd, New York, GA 31677",billing@titan-systems.com,MH-7646705,Services,SmartInvoiceInc,"100 Commerce Blvd, Dallas, TX 75201",2,13276.33,6.25,829.77,14106.1,2024-01-29,0
INV-2023-0138,2023-07-08,7,2023-07-23,Net 15,15,USD,V039,Elite Labs Group,"237 Innovation Rd, Dallas, AZ 29963",billing@elite-labs.com,TX-2849396,Manufacturing,SmartInvoiceInc,"100 Commerce Blvd, Dallas, TX 75201",13,43451.25,8.25,3584.73,47035.98,2023-07-29,1
INV-2022-0023,2022-01-21,1,2022-02-20,Net 30,30,USD,V038,Horizon Freight Corp,"1431 Trade Center Dr, New York, TX 52318",billing@horizon-freight.com,WJ-2296516,Healthcare,SmartInvoiceInc,"100 Commerce Blvd, Dallas, TX 75201",20,6141.31,8.0,491.3,6632.61,2022-02-28,1
INV-2023-0139,2023-07-08,7,2023-07-23,Net 15,15,USD,V037,Delta Logistics Co,"4773 Tech Park Way, Miami, OH 75215",billing@delta-logistics.com,BF-1317537,Manufacturing,SmartInvoiceInc,"100 Commerce Blvd, Dallas, TX 75201",20,13645.1,7.0,955.16,14600.26,2023-08-31,1
INV-2023-0025,2023-02-01,2,2023-03-03,Net 30,30,USD,V018,Beacon Partners Group,"7292 Market St, San Francisco, FL 70566",billing@beacon-partners.com,PY-1787494,Healthcare,SmartInvoiceInc,"100 Commerce Blvd, Dallas, TX 75201",5,22033.22,9.0,1982.99,24016.21,2023-03-18,1
INV-2023-0187,2023-09-17,9,2023-11-01,Net 45,45,USD,V042,Summit Capital Co,"5685 Venture Blvd, New York, IL 49749",billing@summit-capital.com,AE-3245131,Manufacturing,SmartInvoiceInc,"100 Commerce Blvd, Dallas, TX 75201",16,49952.95,9.0,4495.77,54448.72,2023-12-09,1
INV-2022-0076,2022-04-15,4,2022-05-15,Net 30,30,USD,V035,Pioneer Parts Co,"816 Market St, Dallas, TX 55543",billing@pioneer-parts.com,BH-9896761,Manufacturing,SmartInvoiceInc,"100 Commerce Blvd, Dallas, TX 75201",2,26645.37,6.25,1665.34,28310.71,2022-05-20,1
INV-2022-0131,2022-07-11,7,2022-07-26,Net 15,15,USD,V092,Pinnacle Capital Co,"7579 Commerce Blvd, Seattle, FL 84478",billing@pinnacle-capital.com,TS-6703394,Retail,SmartInvoiceInc,"100 Commerce Blvd, Dallas, TX 75201",7,41495.2,8.25,3423.35,44918.55,2022-09-09,1
INV-2022-0018,2022-01-17,1,2022-02-16,Net 30,30,USD,V027,Delta Security Inc,"6290 Trade Center Dr, Dallas, TX 78866",billing@delta-security.com,PW-6118922,Retail,SmartInvoiceInc,"100 Commerce Blvd, Dallas, TX 75201",7,7215.24,8.25,595.26,7810.5,2022-02-21,1
INV-2023-0020,2023-01-28,1,2023-03-29,Net 60,60,USD,V087,Bright Energy LLC,"5575 Trade Center Dr, New York, CA 49952",billing@bright-energy.com,EY-6888997,Manufacturing,SmartInvoiceInc,"100 Commerce Blvd, Dallas, TX 75201",2,48489.8,7.0,3394.29,51884.09,2023-03-29,0
INV-2023-0047,2023-03-01,3,2023-03-16,Net 15,15,USD,V019,Pioneer Marketing Co,"5261 Venture Blvd, Miami, AZ 19348",billing@pioneer-marketing.com,CW-3276360,Manufacturing,SmartInvoiceInc,"100 Commerce Blvd, Dallas, TX 75201",19,22119.51,8.5,1880.16,23999.67,2023-04-14,1
INV-2022-0093,2022-05-09,5,2022-05-24,Net 15,15,USD,V011,Acme Legal Group,"5826 Industrial Dr, Austin, CA 37350",billing@acme-legal.com,QZ-5833177,Manufacturing,SmartInvoiceInc,"100 Commerce Blvd, Dallas, TX 75201",6,34986.1,7.5,2623.96,37610.06,2022-07-02,1
INV-2023-0150,2023-07-26,7,2023-08-25,Net 30,30,USD,V095,Pacific Supplies Group,"2422 Enterprise Ave, Dallas, TX 59481",billing@pacific-supplies.com,YW-8599600,Retail,SmartInvoiceInc,"100 Commerce Blvd, Dallas, TX 75201",14,1571.46,8.0,125.72,1697.18,2023-08-25,0
INV-2022-0030,2022-01-29,1,2022-03-15,Net 45,45,USD,V082,Acme Labs Inc,"2298 Enterprise Ave, Austin, NY 23859",billing@acme-labs.com,RB-3008960,Healthcare,SmartInvoiceInc,"100 Commerce Blvd, Dallas, TX 75201",1,25954.24,7.5,1946.57,27900.81,2022-03-15,0
INV-2024-0241,2024-10-30,10,2024-11-14,Net 15,15,USD,V001,Metro Legal Co,"5791 Enterprise Ave, Miami, FL 64021",billing@metro-legal.com,MT-6143901,Services,SmartInvoiceInc,"100 Commerce Blvd, Dallas, TX 75201",11,22236.97,7.5,1667.77,23904.74,2024-11-16,1
INV-2022-0160,2022-08-30,8,2022-09-29,Net 30,30,USD,V082,Acme Labs Inc,"2298 Enterprise Ave, Austin, NY 23859",billing@acme-labs.com,RB-3008960,Healthcare,SmartInvoiceInc,"100 Commerce Blvd, Dallas, TX 75201",12,29838.46,7.0,2088.69,31927.15,2022-10-01,1
INV-2022-0153,2022-08-20,8,2022-10-19,Net 60,60,USD,V034,Summit Ventures Co,"4909 Venture Blvd, Austin, TX 66397",billing@summit-ventures.com,IN-7195200,Services,SmartInvoiceInc,"100 Commerce Blvd, Dallas, TX 75201",6,46463.5,7.0,3252.45,49715.95,2022-11-24,1
INV-2024-0047,2024-02-28,2,2024-03-14,Net 15,15,USD,V085,Nexus Security Inc,"3286 Commerce Blvd, Atlanta, WA 70774",billing@nexus-security.com,IV-3245909,Services,SmartInvoiceInc,"100 Commerce Blvd, Dallas, TX 75201",15,48642.13,6.25,3040.13,51682.26,2024-03-14,0
INV-2023-0252,2023-12-16,12,2024-01-15,Net 30,30,USD,V005,Apex Logistics Co,"7104 Corporate Ln, Austin, AZ 77215",billing@apex-logistics.com,SE-9744220,Retail,SmartInvoiceInc,"100 Commerce Blvd, Dallas, TX 75201",13,35126.95,9.0,3161.43,38288.38,2024-01-23,1
INV-2024-0024,2024-01-29,1,2024-02-28,Net 30,30,USD,V005,Apex Logistics Co,"7104 Corporate Ln, Austin, AZ 77215",billing@apex-logistics.com,SE-9744220,Retail,SmartInvoiceInc,"100 Commerce Blvd, Dallas, TX 75201",15,32947.74,6.25,2059.23,35006.97,2024-03-02,1
INV-2024-0060,2024-03-12,3,2024-04-26,Net 45,45,USD,V052,Pinnacle Tech Corp,"8295 Business Pkwy, New York, TX 94471",billing@pinnacle-tech.com,FS-3357821,Technology,SmartInvoiceInc,"100 Commerce Blvd, Dallas, TX 75201",13,22727.37,9.0,2045.46,24772.83,2024-04-26,0
INV-2024-0036,2024-02-15,2,2024-03-16,Net 30,30,USD,V066,Global Marketing Co,"5879 Venture Blvd, Chicago, OH 22999",billing@global-marketing.com,WO-9464685,Services,SmartInvoiceInc,"100 Commerce Blvd, Dallas, TX 75201",6,25301.49,8.5,2150.63,27452.12,2024-03-16,0
INV-2023-0261,2023-12-27,12,2024-01-11,Net 15,15,USD,V046,Titan Freight Co,"3445 Venture Blvd, New York, NY 44674",billing@titan-freight.com,OY-3319049,Technology,SmartInvoiceInc,"100 Commerce Blvd, Dallas, TX 75201",11,17920.52,6.25,1120.03,19040.55,2024-01-11,0
INV-2022-0135,2022-07-19,7,2022-08-18,Net 30,30,USD,V064,Swift Labs Inc,"6128 Market St, Chicago, FL 50631",billing@swift-labs.com,OH-7356228,Healthcare,SmartInvoiceInc,"100 Commerce Blvd, Dallas, TX 75201",8,45600.46,9.0,4104.04,49704.5,2022-09-07,1
INV-2024-0159,2024-08-02,8,2024-09-01,Net 30,30,USD,V008,Apex Security LLC,"9923 Commerce Blvd, Chicago, IL 26364",billing@apex-security.com,DP-2100567,Manufacturing,SmartInvoiceInc,"100 Commerce Blvd, Dallas, TX 75201",14,22183.18,6.25,1386.45,23569.63,2024-09-01,0
INV-2022-0057,2022-03-20,3,2022-05-04,Net 45,45,USD,V009,Nexus Cloud Inc,"9187 Market St, Chicago, CA 21938",billing@nexus-cloud.com,AA-2404330,Healthcare,SmartInvoiceInc,"100 Commerce Blvd, Dallas, TX 75201",10,29330.54,8.0,2346.44,31676.98,2022-06-10,1
INV-2024-0171,2024-08-13,8,2024-09-27,Net 45,45,USD,V086,Swift Consulting Group,"6909 Venture Blvd, Houston, GA 84532",billing@swift-consulting.com,KF-2014929,Healthcare,SmartInvoiceInc,"100 Commerce Blvd, Dallas, TX 75201",9,42097.23,8.5,3578.26,45675.49,2024-11-04,1
INV-2024-0091,2024-05-05,5,2024-06-04,Net 30,30,USD,V031,Titan Capital LLC,"2971 Industrial Dr, San Francisco, GA 11015",billing@titan-capital.com,AV-9416320,Manufacturing,SmartInvoiceInc,"100 Commerce Blvd, Dallas, TX 75201",1,27297.45,6.25,1706.09,29003.54,2024-06-04,0
INV-2023-0080,2023-04-12,4,2023-04-27,Net 15,15,USD,V088,Sterling Tech Group,"1722 Enterprise Ave, Seattle, OH 71396",billing@sterling-tech.com,YF-8369434,Manufacturing,SmartInvoiceInc,"100 Commerce Blvd, Dallas, TX 75201",19,13389.95,8.0,1071.2,14461.15,2023-04-27,0
